trade_date,account,sentiment_bucket,fg_classification,trades,total_pnl,avg_trade_size_usd,total_volume_usd,wins,losses,pnl_nonzero_count,long_trades,short_trades,avg_fee,win_rate,long_short_ratio,cum_pnl,cum_peak,drawdown_proxy
2024-11-11,0x083384f897ee0f19899168e3b1bec365f52a9012,Greed,Extreme Greed,177,0.0,5089.718248587571,900880.13,0,0,0,0,177,0.9480003107344632,,0.0,0.0,0.0,0.0
2024-11-17,0x083384f897ee0f19899168e3b1bec365f52a9012,Greed,Extreme Greed,68,0.0,7976.664411764705,542413.1799999999,0,0,0,0,68,0.998288455882353,,0.0,0.0,0.0,0.0
2024-11-18,0x083384f897ee0f19899168e3b1bec365f52a9012,Greed,Extreme Greed,40,0.0,23734.5,949380.0,0,0,0,0,40,2.3734495750000004,,0.0,0.0,0.0,0.0
2024-11-22,0x083384f897ee0f19899168e3b1bec365f52a9012,Greed,Extreme Greed,12,-21227.0,28186.666666666668,338240.0,0,12,12,0,12,2.8186662499999997,0.0,0.0,-21227.0,0.0,-21227.0
2024-11-26,0x083384f897ee0f19899168e3b1bec365f52a9012,Greed,Extreme Greed,27,1603.1,17248.14814814815,465700.0,12,0,12,0,27,3.874907037037037,1.0,0.0,-19623.9,0.0,-19623.9
2024-11-28,0x083384f897ee0f19899168e3b1bec365f52a9012,Greed,Extreme Greed,82,-132271.0,16058.536341463414,1316799.98,0,82,82,0,82,1.6058532560975611,0.0,0.0,-151894.9,0.0,-151894.9
2024-11-30,0x083384f897ee0f19899168e3b1bec365f52a9012,Greed,Extreme Greed,23,0.0,48561.68565217392,1116918.77,0,0,0,0,23,16.996589260869566,,0.0,-151894.9,0.0,-151894.9
2024-12-06,0x083384f897ee0f19899168e3b1bec365f52a9012,Greed,Greed,33,-175611.00005600002,36736.36242424243,1212299.96,0,33,33,0,33,3.673636121212121,0.0,0.0,-327505.900056,0.0,-327505.900056
2025-01-19,0x083384f897ee0f19899168e3b1bec365f52a9012,Greed,Extreme Greed,465,71393.964098,11410.954021505377,5306093.62,23,89,112,0,465,1.6781428817204302,0.20535714285714285,0.0,-256111.93595800002,0.0,-256111.93595800002
2025-01-20,0x083384f897ee0f19899168e3b1bec365f52a9012,Greed,Extreme Greed,51,40218.599998,9400.588039215687,479429.99,28,0,28,0,51,0.4700292745098039,1.0,0.0,-215893.33596000003,0.0,-215893.33596000003
2025-02-02,0x083384f897ee0f19899168e3b1bec365f52a9012,Greed,Greed,10,76710.0,185847.0,1858470.0,9,0,9,0,10,9.2923496,1.0,0.0,-139183.33596000003,0.0,-139183.33596000003
2025-02-03,0x083384f897ee0f19899168e3b1bec365f52a9012,Fear,Fear,839,101011.685664,23593.019856972587,19794543.66,256,115,371,571,269,2.8069586364719905,0.6900269541778976,2.1226765799256504,-38171.65029600002,0.0,-38171.65029600002
2025-02-04,0x083384f897ee0f19899168e3b1bec365f52a9012,Greed,Greed,531,375620.270243,10576.687156308852,5616220.88,83,28,111,0,531,1.3261758380414312,0.7477477477477478,0.0,337448.619947,337448.619947,0.0
2025-02-05,0x083384f897ee0f19899168e3b1bec365f52a9012,Neutral,Neutral,210,44400.9058,26585.06338095238,5582863.31,78,0,78,0,210,3.3338170333333332,1.0,0.0,381849.525747,381849.525747,0.0
2025-02-09,0x083384f897ee0f19899168e3b1bec365f52a9012,Neutral,Neutral,141,30897.0887,10161.056241134751,1432708.93,132,0,132,0,141,0.0,1.0,0.0,412746.61444699997,412746.61444699997,0.0
2025-02-10,0x083384f897ee0f19899168e3b1bec365f52a9012,Fear,Fear,48,55086.0,32032.5,1537560.0,16,0,16,0,48,0.0,1.0,0.0,467832.61444699997,467832.61444699997,0.0
2025-02-11,0x083384f897ee0f19899168e3b1bec365f52a9012,Neutral,Neutral,6,0.0,134600.00166666668,807600.01,0,0,0,0,6,0.0,,0.0,467832.61444699997,467832.61444699997,0.0
2025-02-24,0x083384f897ee0f19899168e3b1bec365f52a9012,Neutral,Neutral,59,10152.12224,27178.041694915253,1603504.46,31,0,31,0,59,9.512314118644069,1.0,0.0,477984.736687,477984.736687,0.0
2025-02-25,0x083384f897ee0f19899168e3b1bec365f52a9012,Fear,Fear,219,115445.395538,13233.776894977169,2898197.14,93,0,93,0,219,2.5383048447488585,1.0,0.0,593430.132225,593430.132225,0.0
2025-02-28,0x083384f897ee0f19899168e3b1bec365f52a9012,Fear,Extreme Fear,55,115287.0,24958.908545454546,1372739.97,1,0,1,0,55,2.4958904545454548,1.0,0.0,708717.132225,708717.132225,0.0
2025-03-01,0x083384f897ee0f19899168e3b1bec365f52a9012,Fear,Extreme Fear,45,9482.221441,2985.797555555556,134360.89,36,0,36,0,45,0.14928933333333333,1.0,0.0,718199.353666,718199.353666,0.0
2025-03-03,0x083384f897ee0f19899168e3b1bec365f52a9012,Fear,Fear,641,533974.662903,8371.136099843994,5365898.24,540,0,540,0,641,0.4185563572542902,1.0,0.0,1252174.016569,1252174.016569,0.0
2025-03-24,0x083384f897ee0f19899168e3b1bec365f52a9012,Neutral,Neutral,5,40200.0,79640.0,398200.0,4,0,4,0,5,7.963999599999999,1.0,0.0,1292374.016569,1292374.016569,0.0
2025-04-12,0x083384f897ee0f19899168e3b1bec365f52a9012,Fear,Fear,31,307855.80341,21491.640322580646,666240.85,31,0,31,0,31,2.149163548387097,1.0,0.0,1600229.819979,1600229.819979,0.0
2024-11-30,0x23e7a7f8d14b550961925fbfdaa92f5d195ba5bd,Greed,Extreme Greed,55,11715.94323,2469.9509090909087,135847.3,46,0,46,0,0,0.6305604361818182,1.0,,11715.94323,11715.94323,0.0
2024-12-01,0x23e7a7f8d14b550961925fbfdaa92f5d195ba5bd,Greed,Extreme Greed,1,0.0,0.06,0.06,0,0,0,0,0,0.0,,,11715.94323,11715.94323,0.0
2024-12-06,0x23e7a7f8d14b550961925fbfdaa92f5d195ba5bd,Greed,Greed,34,0.0,1426.8700000000001,48513.58,0,0,0,0,0,0.03872612411764706,,,11715.94323,11715.94323,0.0
2024-12-07,0x23e7a7f8d14b550961925fbfdaa92f5d195ba5bd,Greed,Extreme Greed,26,3515.031065,2001.101153846154,52028.630000000005,25,0,25,0,0,0.20010953846153845,1.0,,15230.974295,15230.974295,0.0
2024-12-09,0x23e7a7f8d14b550961925fbfdaa92f5d195ba5bd,Greed,Extreme Greed,46,0.0,1131.888695652174,52066.88,0,0,0,0,0,0.031267971739130436,,,15230.974295,15230.974295,0.0
2024-12-10,0x23e7a7f8d14b550961925fbfdaa92f5d195ba5bd,Greed,Extreme Greed,64,2517.787385,852.88625,54584.72,63,0,63,0,0,0.29850940625,1.0,,17748.76168,17748.76168,0.0
2024-12-18,0x23e7a7f8d14b550961925fbfdaa92f5d195ba5bd,Greed,Extreme Greed,59,1613.165903,1913.523898305085,112897.91,15,0,15,0,0,0.3527898672881356,1.0,,19361.927583,19361.927583,0.0
2024-12-19,0x23e7a7f8d14b550961925fbfdaa92f5d195ba5bd,Greed,Extreme Greed,1,0.0,0.11,0.11,0,0,0,0,0,0.0,,,19361.927583,19361.927583,0.0
2024-12-20,0x23e7a7f8d14b550961925fbfdaa92f5d195ba5bd,Greed,Greed,34,1245.51851,10051.199411764705,341740.77999999997,21,0,21,34,0,3.517919411764706,1.0,,20607.446093000002,20607.446093000002,0.0
2025-01-13,0x23e7a7f8d14b550961925fbfdaa92f5d195ba5bd,Greed,Greed,13,0.0,2845.9646153846156,36997.54,0,0,0,0,0,4.731560769230769,,,20607.446093000002,20607.446093000002,0.0
2025-01-17,0x23e7a7f8d14b550961925fbfdaa92f5d195ba5bd,Greed,Extreme Greed,17,4493.232479,2440.6282352941175,41490.68,17,0,17,0,0,0.8542195294117647,1.0,,25100.678572,25100.678572,0.0
2025-01-18,0x23e7a7f8d14b550961925fbfdaa92f5d195ba5bd,Greed,Extreme Greed,39,1047.030992,2154.3915384615384,84021.26999999999,28,0,28,0,0,2.2857574615384615,1.0,,26147.709564,26147.709564,0.0
2025-01-19,0x23e7a7f8d14b550961925fbfdaa92f5d195ba5bd,Greed,Extreme Greed,124,4842.054317,2194.294758064516,272092.55,80,0,80,0,0,1.0077556223387096,1.0,,30989.763881000003,30989.763881000003,0.0
2025-01-24,0x23e7a7f8d14b550961925fbfdaa92f5d195ba5bd,Greed,Extreme Greed,339,1693.493165,1737.369557522124,588968.28,198,0,198,0,0,0.31875333985250737,1.0,,32683.257046000002,32683.257046000002,0.0
2025-01-25,0x23e7a7f8d14b550961925fbfdaa92f5d195ba5bd,Greed,Extreme Greed,54,4221.156399,2398.331666666667,129509.91,4,0,4,0,0,0.44917774537037036,1.0,,36904.413445,36904.413445,0.0
2025-01-27,0x23e7a7f8d14b550961925fbfdaa92f5d195ba5bd,Greed,Greed,44,0.0,1519.465681818182,66856.49,0,0,0,0,0,0.024074566363636363,,,36904.413445,36904.413445,0.0
2025-01-28,0x23e7a7f8d14b550961925fbfdaa92f5d195ba5bd,Greed,Greed,56,6899.2458320000005,1317.0667857142857,73755.74,56,0,56,0,0,0.46097271428571424,1.0,,43803.659277,43803.659277,0.0
2025-01-29,0x23e7a7f8d14b550961925fbfdaa92f5d195ba5bd,Greed,Greed,46,0.0,1602.9452173913044,73735.48,0,0,0,0,0,0.02539467913043478,,,43803.659277,43803.659277,0.0
2025-01-30,0x23e7a7f8d14b550961925fbfdaa92f5d195ba5bd,Greed,Greed,55,7372.485101,1474.6896363636365,81107.93000000001,55,0,55,0,0,0.5161406363636364,1.0,,51176.144378000005,51176.144378000005,0.0
2025-02-01,0x23e7a7f8d14b550961925fbfdaa92f5d195ba5bd,Greed,Greed,78,1162.002541,2094.719358974359,163388.11,25,0,25,0,0,0.3833807535897436,1.0,,52338.146919000006,52338.146919000006,0.0
2025-02-02,0x23e7a7f8d14b550961925fbfdaa92f5d195ba5bd,Greed,Greed,517,6352.452613,2792.42166344294,1443682.0,233,13,246,95,0,0.9424699004255319,0.9471544715447154,,58690.599532,58690.599532,0.0
2025-02-11,0x23e7a7f8d14b550961925fbfdaa92f5d195ba5bd,Neutral,Neutral,124,-12346.990829,612.1092741935485,75901.55,0,124,124,0,0,0.21423766935483873,0.0,,46343.608703000005,58690.599532,-12346.990828999995
2025-02-12,0x23e7a7f8d14b550961925fbfdaa92f5d195ba5bd,Neutral,Neutral,159,355.5854,2687.4032704402516,427297.12,127,0,127,158,0,0.9405905849056603,1.0,,46699.194103,58690.599532,-11991.405428999999
2025-02-24,0x23e7a7f8d14b550961925fbfdaa92f5d195ba5bd,Neutral,Neutral,160,1129.8489260000001,1641.2224999999999,262595.6,52,0,52,0,0,0.2137232920625,1.0,,47829.043029,58690.599532,-10861.556503
2025-02-25,0x23e7a7f8d14b550961925fbfdaa92f5d195ba5bd,Fear,Fear,1,-6820.76955,82910.81,82910.81,0,1,1,0,0,29.018782,0.0,,41008.273479,58690.599532,-17682.326052999997
2025-02-28,0x23e7a7f8d14b550961925fbfdaa92f5d195ba5bd,Fear,Extreme Fear,52,0.0,1462.824423076923,76066.87,0,0,0,0,0,0.026023482307692306,,,41008.273479,58690.599532,-17682.326052999997
2025-03-03,0x23e7a7f8d14b550961925fbfdaa92f5d195ba5bd,Fear,Fear,110,2480.902379,1999.099181818182,219900.91,50,0,50,0,0,0.48642267927272725,1.0,,43489.175858,58690.599532,-15201.423673999998
2025-03-04,0x23e7a7f8d14b550961925fbfdaa92f5d195ba5bd,Fear,Extreme Fear,65,-3169.3554679999997,1756.5103076923076,114173.17,0,10,10,0,0,0.3181134329230769,0.0,,40319.82039,58690.599532,-18370.779142
2025-03-07,0x23e7a7f8d14b550961925fbfdaa92f5d195ba5bd,Fear,Fear,37,0.0,1499.4978378378378,55481.42,0,0,0,0,0,0.03413309972972973,,,40319.82039,58690.599532,-18370.779142
2025-03-08,0x23e7a7f8d14b550961925fbfdaa92f5d195ba5bd,Fear,Fear,47,2099.019688,1225.1170212765958,57580.5,47,0,47,0,0,0.42879044680851064,1.0,,42418.840078,58690.599532,-16271.759454
2025-03-09,0x23e7a7f8d14b550961925fbfdaa92f5d195ba5bd,Fear,Fear,65,656.540742,2676.518153846154,173973.68,57,0,57,0,0,0.3402282333846154,1.0,,43075.38082,58690.599532,-15615.218712000002
2025-03-10,0x23e7a7f8d14b550961925fbfdaa92f5d195ba5bd,Fear,Extreme Fear,53,-1065.797583,3326.2756603773582,176292.61,51,1,52,0,0,0.778489678490566,0.9807692307692307,,42009.583237,58690.599532,-16681.016295
2025-03-12,0x23e7a7f8d14b550961925fbfdaa92f5d195ba5bd,Fear,Fear,53,1591.753271,2184.328113207547,115769.39,52,0,52,0,0,0.3954918490566038,1.0,,43601.336508,58690.599532,-15089.263024
2025-03-13,0x23e7a7f8d14b550961925fbfdaa92f5d195ba5bd,Neutral,Neutral,27,-2315.377191,4259.311481481482,115001.41,0,10,10,0,0,0.7506783318518517,0.0,,41285.959317,58690.599532,-17404.640215
2025-03-28,0x23e7a7f8d14b550961925fbfdaa92f5d195ba5bd,Fear,Fear,42,0.0,1460.115,61324.83,0,0,0,0,0,0.03677421261904762,,,41285.959317,58690.599532,-17404.640215
2025-03-29,0x23e7a7f8d14b550961925fbfdaa92f5d195ba5bd,Fear,Fear,97,-5018.466447,580.479381443299,56306.5,0,97,97,0,0,0.20316720618556702,0.0,,36267.49287,58690.599532,-22423.106662
2025-03-31,0x23e7a7f8d14b550961925fbfdaa92f5d195ba5bd,Fear,Fear,155,716.143949,730.8744516129032,113285.54,83,0,83,0,0,0.13501698077419355,1.0,,36983.636819,58690.599532,-21706.962713
2025-04-03,0x23e7a7f8d14b550961925fbfdaa92f5d195ba5bd,Fear,Fear,1,0.0,54768.6,54768.6,0,0,0,0,0,0.456405,,,36983.636819,58690.599532,-21706.962713
2025-04-15,0x23e7a7f8d14b550961925fbfdaa92f5d195ba5bd,Fear,Fear,1,0.0,16.37,16.37,0,0,0,0,0,0.00035346,,,36983.636819,58690.599532,-21706.962713
2025-04-16,0x23e7a7f8d14b550961925fbfdaa92f5d195ba5bd,Fear,Fear,88,-95.985744,780.4484090909092,68679.46,1,87,88,0,0,0.2731563409090909,0.011363636363636364,,36887.651075,58690.599532,-21802.948457
2025-04-17,0x23e7a7f8d14b550961925fbfdaa92f5d195ba5bd,Fear,Fear,125,-133.41237,730.92608,91365.76,20,47,67,87,38,0.255823608,0.29850746268656714,2.289473684210526,36754.238705,58690.599532,-21936.360826999997
2025-04-18,0x23e7a7f8d14b550961925fbfdaa92f5d195ba5bd,Fear,Fear,689,951.934443,766.7829027576198,528313.42,301,0,301,0,426,0.1877069588824383,1.0,0.0,37706.173148,58690.599532,-20984.426384
2025-04-19,0x23e7a7f8d14b550961925fbfdaa92f5d195ba5bd,Fear,Fear,411,371.503,552.0850851581508,226906.97,297,0,297,0,92,0.12413788683698296,1.0,0.0,38077.676148,58690.599532,-20612.923384
2025-04-20,0x23e7a7f8d14b550961925fbfdaa92f5d195ba5bd,Fear,Fear,603,-1892.58947,963.6022222222223,581052.14,249,86,335,0,185,0.1987989823548922,0.7432835820895523,0.0,36185.086678,58690.599532,-22505.512854
2025-04-21,0x23e7a7f8d14b550961925fbfdaa92f5d195ba5bd,Fear,Fear,97,3434.689308,887.6931958762888,86106.24,97,0,97,0,0,0.3106920412371134,1.0,,39619.775986,58690.599532,-19070.823546
2025-04-23,0x23e7a7f8d14b550961925fbfdaa92f5d195ba5bd,Greed,Greed,568,2654.14315,2593.2515492957746,1472966.88,336,4,340,463,105,0.3485265176056338,0.9882352941176471,4.40952380952381,42273.919136000004,58690.599532,-16416.680395999996
2025-04-24,0x23e7a7f8d14b550961925fbfdaa92f5d195ba5bd,Greed,Greed,680,1867.252909,1679.7829852941175,1142252.43,333,68,401,529,151,0.2766250705882353,0.830423940149626,3.5033112582781456,44141.172045,58690.599532,-14549.427487
2025-04-25,0x23e7a7f8d14b550961925fbfdaa92f5d195ba5bd,Greed,Greed,330,1969.39321,3782.839757575757,1248337.1199999999,40,57,97,79,145,0.5970806766060607,0.41237113402061853,0.5448275862068965,46110.565255,58690.599532,-12580.034276999999
2025-04-26,0x23e7a7f8d14b550961925fbfdaa92f5d195ba5bd,Greed,Greed,338,-4648.8710550000005,284.5678402366864,96183.93,0,338,338,0,0,0.050047639053254434,0.0,,41461.6942,58690.599532,-17228.905332000002
2025-04-27,0x23e7a7f8d14b550961925fbfdaa92f5d195ba5bd,Greed,Greed,67,0.0,1435.3307462686569,96167.16,0,0,0,0,0,0.003987029850746269,,,41461.6942,58690.599532,-17228.905332000002
2025-04-30,0x23e7a7f8d14b550961925fbfdaa92f5d195ba5bd,Greed,Greed,83,5179.772745,1221.0467469879518,101346.88,83,0,83,0,0,0.3663135421686747,1.0,,46641.466945,58690.599532,-12049.132587
2025-05-01,0x23e7a7f8d14b550961925fbfdaa92f5d195ba5bd,Neutral,Neutral,250,1243.853569,815.50576,203876.44,81,0,81,0,0,0.1241219668,1.0,,47885.320514,58690.599532,-10805.279018000001
2024-07-15,0x271b280974205ca63b716753467d5a371de622ab,Neutral,Neutral,5,-1.0,6070.2,30351.0,0,2,2,0,5,2.0395864,0.0,0.0,-1.0,-1.0,0.0
2024-11-29,0x271b280974205ca63b716753467d5a371de622ab,Greed,Extreme Greed,1,1584.342755,1584.35,1584.35,1,0,1,0,0,0.53234,1.0,,1583.342755,1583.342755,0.0
2024-12-05,0x271b280974205ca63b716753467d5a371de622ab,Greed,Extreme Greed,4,208.81746,39530.9875,158123.95,3,0,3,0,4,8.53242775,1.0,0.0,1792.1602149999999,1792.1602149999999,0.0
2025-04-09,0x271b280974205ca63b716753467d5a371de622ab,Fear,Extreme Fear,797,16706.884912,6131.710464240904,4886973.24,300,6,306,179,618,1.4819763299874529,0.9803921568627451,0.2896440129449838,18499.045127,18499.045127,0.0
2025-04-10,0x271b280974205ca63b716753467d5a371de622ab,Fear,Fear,339,13264.043303999999,21898.95651917404,7423746.26,189,42,231,0,339,7.265669383480826,0.8181818181818182,0.0,31763.088431,31763.088431,0.0
2025-04-19,0x271b280974205ca63b716753467d5a371de622ab,Fear,Fear,313,5942.547242,8678.024504792333,2716221.67,40,0,40,0,313,2.3005792747603833,1.0,0.0,37705.635673,37705.635673,0.0
2025-04-20,0x271b280974205ca63b716753467d5a371de622ab,Fear,Fear,863,8277.307357,3079.8473348783314,2657908.25,424,0,424,0,856,0.7134004252607185,1.0,0.0,45982.943029999995,45982.943029999995,0.0
2025-04-21,0x271b280974205ca63b716753467d5a371de622ab,Fear,Fear,353,2638.012587,1965.9329745042492,693974.34,61,0,61,0,353,0.3343750849858357,1.0,0.0,48620.955617,48620.955617,0.0
2025-04-22,0x271b280974205ca63b716753467d5a371de622ab,Neutral,Neutral,594,-19037.340561,8110.89095959596,4817869.23,0,233,233,0,594,2.3196222525252526,0.0,0.0,29583.615056,48620.955617,-19037.340561
2025-04-23,0x271b280974205ca63b716753467d5a371de622ab,Greed,Greed,469,-108176.9187,20030.785479744136,9394438.39,66,170,236,0,469,5.302883936034115,0.2796610169491525,0.0,-78593.303644,48620.955617,-127214.259261
2025-04-24,0x271b280974205ca63b716753467d5a371de622ab,Greed,Greed,70,8157.112326,15603.565285714287,1092249.57,66,4,70,0,67,3.9033906000000003,0.9428571428571428,0.0,-70436.191318,48620.955617,-119057.146935
2025-04-25,0x271b280974205ca63b716753467d5a371de622ab,Greed,Greed,1,0.0,0.17,0.17,0,0,0,0,0,0.0,,,-70436.191318,48620.955617,-119057.146935
2024-11-16,0x28736f43f1e871e6aa8b1148d38d4994275d72c4,Greed,Extreme Greed,93,159.100072,373.7049462365591,34754.56,16,10,26,37,40,0.11041802150537636,0.6153846153846154,0.925,159.100072,159.100072,0.0
2024-11-17,0x28736f43f1e871e6aa8b1148d38d4994275d72c4,Greed,Extreme Greed,95,161.289904,353.5228421052631,33584.67,34,10,44,40,55,0.1079118842105263,0.7727272727272727,0.7272727272727273,320.38997600000005,320.38997600000005,0.0
2024-11-18,0x28736f43f1e871e6aa8b1148d38d4994275d72c4,Greed,Extreme Greed,162,147.410285,666.941975308642,108044.6,67,26,93,109,55,0.23127040740740742,0.7204301075268817,1.981818181818182,467.800261,467.800261,0.0
2024-11-19,0x28736f43f1e871e6aa8b1148d38d4994275d72c4,Greed,Extreme Greed,213,233.36546,895.9638028169014,190840.29,104,15,119,141,70,0.3136932535211268,0.8739495798319328,2.0142857142857142,701.1657210000001,701.1657210000001,0.0
2024-11-20,0x28736f43f1e871e6aa8b1148d38d4994275d72c4,Greed,Extreme Greed,407,-316.245208,2149.553218673219,874868.16,141,77,218,342,63,0.7329540909090909,0.6467889908256881,5.428571428571429,384.920513,701.1657210000001,-316.24520800000005
2024-11-21,0x28736f43f1e871e6aa8b1148d38d4994275d72c4,Greed,Extreme Greed,446,780.001314,729.007130044843,325137.18,156,79,235,354,83,0.2503339955156951,0.6638297872340425,4.265060240963855,1164.9218270000001,1164.9218270000001,0.0
2024-11-22,0x28736f43f1e871e6aa8b1148d38d4994275d72c4,Greed,Extreme Greed,433,141.21958999999998,422.0099076212471,182730.29,135,94,229,327,104,0.1436539284064665,0.5895196506550219,3.144230769230769,1306.141417,1306.141417,0.0
2024-11-23,0x28736f43f1e871e6aa8b1148d38d4994275d72c4,Greed,Extreme Greed,156,673.6312,333.45923076923077,52019.64,63,14,77,106,43,0.11394887820512821,0.8181818181818182,2.4651162790697674,1979.772617,1979.772617,0.0
2024-11-24,0x28736f43f1e871e6aa8b1148d38d4994275d72c4,Greed,Extreme Greed,69,108.321127,200.7391304347826,13851.0,29,6,35,36,30,0.06478034782608696,0.8285714285714286,1.2,2088.0937440000002,2088.0937440000002,0.0
2024-11-25,0x28736f43f1e871e6aa8b1148d38d4994275d72c4,Greed,Extreme Greed,225,464.281002,324.3673333333333,72982.65,95,44,139,99,112,0.10867223555555557,0.6834532374100719,0.8839285714285714,2552.374746,2552.374746,0.0
2024-11-26,0x28736f43f1e871e6aa8b1148d38d4994275d72c4,Greed,Extreme Greed,217,-508.290641,1012.5778341013826,219729.39,76,40,116,160,50,0.3480340599078341,0.6551724137931034,3.2,2044.0841050000001,2552.374746,-508.2906409999998
2024-11-27,0x28736f43f1e871e6aa8b1148d38d4994275d72c4,Greed,Extreme Greed,169,193.66415899999998,1110.83224852071,187730.65,74,19,93,100,65,0.37136686982248523,0.7956989247311828,1.5384615384615385,2237.748264,2552.374746,-314.6264820000001
2024-11-28,0x28736f43f1e871e6aa8b1148d38d4994275d72c4,Greed,Extreme Greed,207,165.532644,946.0768115942029,195837.9,78,37,115,128,74,0.3250520917874396,0.6782608695652174,1.7297297297297298,2403.280908,2552.374746,-149.09383799999978
2024-11-29,0x28736f43f1e871e6aa8b1148d38d4994275d72c4,Greed,Extreme Greed,206,9551.73423,388.948786407767,80123.45,92,16,108,53,59,0.14181302791262138,0.8518518518518519,0.8983050847457628,11955.015138,11955.015138,0.0
2024-11-30,0x28736f43f1e871e6aa8b1148d38d4994275d72c4,Greed,Extreme Greed,154,5590.528248,315.52253246753247,48590.47,71,16,87,26,63,0.11540693584415583,0.8160919540229885,0.4126984126984127,17545.543386,17545.543386,0.0
2024-12-01,0x28736f43f1e871e6aa8b1148d38d4994275d72c4,Greed,Extreme Greed,193,4458.25495,247.12725388601035,47695.56,97,11,108,35,57,0.08344802813471502,0.8981481481481481,0.6140350877192983,22003.798336,22003.798336,0.0
2024-12-02,0x28736f43f1e871e6aa8b1148d38d4994275d72c4,Greed,Extreme Greed,140,1283.846047,140.36935714285713,19651.71,73,2,75,11,80,0.04506769457142857,0.9733333333333334,0.1375,23287.644383,23287.644383,0.0
2024-12-03,0x28736f43f1e871e6aa8b1148d38d4994275d72c4,Greed,Extreme Greed,78,1190.358719,92.37217948717948,7205.03,37,0,37,0,55,0.03824139743589744,1.0,0.0,24478.003102,24478.003102,0.0
2024-12-04,0x28736f43f1e871e6aa8b1148d38d4994275d72c4,Greed,Extreme Greed,112,9066.169646,165.78285714285715,18567.68,60,1,61,0,49,0.06453334133928572,0.9836065573770492,0.0,33544.172748,33544.172748,0.0
2024-12-05,0x28736f43f1e871e6aa8b1148d38d4994275d72c4,Greed,Extreme Greed,98,14685.787664,259.2459183673469,25406.1,48,0,48,5,39,0.09516680530612245,1.0,0.1282051282051282,48229.960412,48229.960412,0.0
2024-12-06,0x28736f43f1e871e6aa8b1148d38d4994275d72c4,Greed,Greed,69,389.176232,129.80536231884057,8956.57,16,0,16,3,46,0.04213746376811594,1.0,0.06521739130434782,48619.136644,48619.136644,0.0
2024-12-07,0x28736f43f1e871e6aa8b1148d38d4994275d72c4,Greed,Extreme Greed,86,4008.012049,159.67825581395348,13732.33,36,0,36,0,52,0.04265406697674419,1.0,0.0,52627.148693,52627.148693,0.0
2024-12-08,0x28736f43f1e871e6aa8b1148d38d4994275d72c4,Greed,Extreme Greed,102,554.009942,77.67176470588235,7922.52,43,0,43,0,70,0.027584586666666668,1.0,0.0,53181.158635,53181.158635,0.0
2024-12-09,0x28736f43f1e871e6aa8b1148d38d4994275d72c4,Greed,Extreme Greed,213,768.430838,88.1318309859155,18772.08,126,3,129,0,149,0.03188798314553991,0.9767441860465116,0.0,53949.589473,53949.589473,0.0
2024-12-10,0x28736f43f1e871e6aa8b1148d38d4994275d72c4,Greed,Extreme Greed,157,980.557461,119.62222929936306,18780.69,106,4,110,0,130,0.03704529643312102,0.9636363636363636,0.0,54930.146934,54930.146934,0.0
2024-12-11,0x28736f43f1e871e6aa8b1148d38d4994275d72c4,Greed,Greed,93,1582.001112,124.41204301075268,11570.32,32,8,40,19,53,0.044312075268817204,0.8,0.3584905660377358,56512.148046,56512.148046,0.0
2024-12-12,0x28736f43f1e871e6aa8b1148d38d4994275d72c4,Greed,Extreme Greed,147,5806.86932,150.14530612244897,22071.36,82,5,87,5,68,0.047611308979591836,0.9425287356321839,0.07352941176470588,62319.017366,62319.017366,0.0
2024-12-13,0x28736f43f1e871e6aa8b1148d38d4994275d72c4,Greed,Extreme Greed,155,1522.284412,88.59193548387097,13731.75,71,11,82,0,72,0.040318781419354834,0.8658536585365854,0.0,63841.301778,63841.301778,0.0
2024-12-14,0x28736f43f1e871e6aa8b1148d38d4994275d72c4,Greed,Extreme Greed,154,13281.73126,187.5361038961039,28880.56,119,3,122,2,45,0.064015512987013,0.9754098360655737,0.044444444444444446,77123.033038,77123.033038,0.0
2024-12-15,0x28736f43f1e871e6aa8b1148d38d4994275d72c4,Greed,Extreme Greed,137,5389.96219,125.00722627737227,17125.99,68,3,71,3,51,0.04766361605839416,0.9577464788732394,0.058823529411764705,82512.995228,82512.995228,0.0
2024-12-16,0x28736f43f1e871e6aa8b1148d38d4994275d72c4,Greed,Extreme Greed,230,13190.248859,131.2383043478261,30184.81,154,2,156,3,67,0.07363882430434782,0.9871794871794872,0.04477611940298507,95703.244087,95703.244087,0.0
2024-12-17,0x28736f43f1e871e6aa8b1148d38d4994275d72c4,Greed,Extreme Greed,181,4454.939378,112.67668508287292,20394.48,78,1,79,3,42,0.03705232226519337,0.9873417721518988,0.07142857142857142,100158.183465,100158.183465,0.0
2024-12-18,0x28736f43f1e871e6aa8b1148d38d4994275d72c4,Greed,Extreme Greed,191,3624.489655,124.92068062827224,23859.85,80,5,85,0,45,0.03716406387434555,0.9411764705882353,0.0,103782.67312,103782.67312,0.0
2024-12-19,0x28736f43f1e871e6aa8b1148d38d4994275d72c4,Greed,Extreme Greed,204,1525.329937,197.00485294117647,40188.99,80,14,94,21,75,0.06786303715686275,0.851063829787234,0.28,105308.003057,105308.003057,0.0
2024-12-20,0x28736f43f1e871e6aa8b1148d38d4994275d72c4,Greed,Greed,194,7812.716373,289.6046907216495,56183.31,111,10,121,18,45,0.10388827139175258,0.9173553719008265,0.4,113120.71943,113120.71943,0.0
2024-12-21,0x28736f43f1e871e6aa8b1148d38d4994275d72c4,Greed,Greed,107,7465.899936,215.33785046728974,23041.15,54,1,55,4,30,0.07641891570093458,0.9818181818181818,0.13333333333333333,120586.619366,120586.619366,0.0
2024-12-22,0x28736f43f1e871e6aa8b1148d38d4994275d72c4,Greed,Greed,79,1174.025529,174.83481012658228,13811.95,41,1,42,5,36,0.06049524443037975,0.9761904761904762,0.1388888888888889,121760.644895,121760.644895,0.0
2024-12-23,0x28736f43f1e871e6aa8b1148d38d4994275d72c4,Greed,Greed,95,122.889996,212.30473684210526,20168.95,29,1,30,14,23,0.07776153168421053,0.9666666666666667,0.6086956521739131,121883.534891,121883.534891,0.0
2024-12-24,0x28736f43f1e871e6aa8b1148d38d4994275d72c4,Greed,Greed,48,1555.956456,282.42354166666667,13556.33,15,1,16,6,29,0.08272185354166667,0.9375,0.20689655172413793,123439.491347,123439.491347,0.0
2024-12-25,0x28736f43f1e871e6aa8b1148d38d4994275d72c4,Greed,Greed,66,1530.919365,284.1157575757576,18751.64,30,6,36,4,30,0.10182130227272727,0.8333333333333334,0.13333333333333333,124970.410712,124970.410712,0.0
2024-12-26,0x28736f43f1e871e6aa8b1148d38d4994275d72c4,Greed,Extreme Greed,84,101.860928,223.8904761904762,18806.8,28,3,31,12,31,0.0756806094047619,0.9032258064516129,0.3870967741935484,125072.27164,125072.27164,0.0
2024-12-27,0x28736f43f1e871e6aa8b1148d38d4994275d72c4,Greed,Greed,73,388.366016,221.81794520547948,16192.710000000001,26,0,26,18,35,0.08068506,1.0,0.5142857142857142,125460.637656,125460.637656,0.0
2024-12-28,0x28736f43f1e871e6aa8b1148d38d4994275d72c4,Greed,Greed,63,506.512551,166.3415873015873,10479.52,23,7,30,6,28,0.05758069634920635,0.7666666666666667,0.21428571428571427,125967.150207,125967.150207,0.0
2024-12-29,0x28736f43f1e871e6aa8b1148d38d4994275d72c4,Greed,Greed,34,115.51218300000001,140.99176470588236,4793.72,17,0,17,1,20,0.04924379382352941,1.0,0.05,126082.66239,126082.66239,0.0
2024-12-30,0x28736f43f1e871e6aa8b1148d38d4994275d72c4,Greed,Greed,125,255.808312,455.63544,56954.43,42,1,43,19,45,0.12751833896,0.9767441860465116,0.4222222222222222,126338.470702,126338.470702,0.0
2024-12-31,0x28736f43f1e871e6aa8b1148d38d4994275d72c4,Greed,Greed,107,496.221792,1121.107570093458,119958.51,32,1,33,43,37,0.34668068588785045,0.9696969696969697,1.162162162162162,126834.692494,126834.692494,0.0
2025-01-01,0x28736f43f1e871e6aa8b1148d38d4994275d72c4,Greed,Greed,59,109.82694000000001,263.3476271186441,15537.51,21,0,21,4,32,0.07130230983050848,1.0,0.125,126944.519434,126944.519434,0.0
2025-01-02,0x28736f43f1e871e6aa8b1148d38d4994275d72c4,Greed,Greed,101,416.546688,217.69336633663366,21987.03,46,1,47,15,75,0.07639491089108912,0.9787234042553191,0.2,127361.066122,127361.066122,0.0
2025-01-03,0x28736f43f1e871e6aa8b1148d38d4994275d72c4,Greed,Greed,69,250.581483,217.15115942028987,14983.43,36,3,39,18,40,0.07561736144927536,0.9230769230769231,0.45,127611.647605,127611.647605,0.0
2025-01-04,0x28736f43f1e871e6aa8b1148d38d4994275d72c4,Greed,Greed,81,232.66549799999999,156.68296296296296,12691.32,40,8,48,26,53,0.054952098765432104,0.8333333333333334,0.49056603773584906,127844.31310300001,127844.31310300001,0.0
2025-01-05,0x28736f43f1e871e6aa8b1148d38d4994275d72c4,Greed,Greed,82,87.752181,101.1840243902439,8297.09,44,3,47,8,74,0.03541392682926829,0.9361702127659575,0.10810810810810811,127932.065284,127932.065284,0.0
2025-01-06,0x28736f43f1e871e6aa8b1148d38d4994275d72c4,Greed,Extreme Greed,80,114.68421000000001,82.075375,6566.03,21,0,21,0,77,0.0272598,1.0,0.0,128046.749494,128046.749494,0.0
2025-01-07,0x28736f43f1e871e6aa8b1148d38d4994275d72c4,Greed,Extreme Greed,103,267.846227,103.70087378640777,10681.19,72,4,76,0,88,0.03730315844660194,0.9473684210526315,0.0,128314.595721,128314.595721,0.0
2025-01-08,0x28736f43f1e871e6aa8b1148d38d4994275d72c4,Greed,Greed,149,651.469355,489.99302013422823,73008.96,85,8,93,68,65,0.1719768709395973,0.9139784946236559,1.0461538461538462,128966.065076,128966.065076,0.0
2025-01-09,0x28736f43f1e871e6aa8b1148d38d4994275d72c4,Greed,Greed,103,571.688942,728.4078640776698,75026.01,49,0,49,78,14,0.2585338923300971,1.0,5.571428571428571,129537.754018,129537.754018,0.0
2025-01-10,0x28736f43f1e871e6aa8b1148d38d4994275d72c4,Neutral,Neutral,84,401.706348,522.1204761904762,43858.12,37,3,40,45,36,0.15398165476190476,0.925,1.25,129939.460366,129939.460366,0.0
2025-01-11,0x28736f43f1e871e6aa8b1148d38d4994275d72c4,Greed,Greed,37,157.228232,484.2756756756757,17918.2,16,2,18,28,9,0.16949613513513515,0.8888888888888888,3.111111111111111,130096.688598,130096.688598,0.0
2025-01-12,0x28736f43f1e871e6aa8b1148d38d4994275d72c4,Greed,Greed,63,274.773033,446.3861904761905,28122.33,39,1,40,48,11,0.1516171188888889,0.975,4.363636363636363,130371.461631,130371.461631,0.0
2025-01-13,0x28736f43f1e871e6aa8b1148d38d4994275d72c4,Greed,Greed,61,53.846609,561.3780327868852,34244.06,19,0,19,47,9,0.17543305524590164,1.0,5.222222222222222,130425.30824,130425.30824,0.0
2025-01-14,0x28736f43f1e871e6aa8b1148d38d4994275d72c4,Greed,Greed,42,894.564828,995.6730952380951,41818.27,34,1,35,27,11,0.2776154761904762,0.9714285714285714,2.4545454545454546,131319.873068,131319.873068,0.0
2025-01-15,0x28736f43f1e871e6aa8b1148d38d4994275d72c4,Greed,Greed,19,55.137803,240.01052631578946,4560.2,8,0,8,3,15,0.06752984105263157,1.0,0.2,131375.010871,131375.010871,0.0
2025-01-16,0x28736f43f1e871e6aa8b1148d38d4994275d72c4,Greed,Extreme Greed,87,238.995461,136.35540229885058,11862.92,28,0,28,11,71,0.0492726091954023,1.0,0.15492957746478872,131614.006332,131614.006332,0.0
2025-01-17,0x28736f43f1e871e6aa8b1148d38d4994275d72c4,Greed,Extreme Greed,70,168.92152,118.53914285714285,8297.74,35,1,36,11,51,0.04199828571428572,0.9722222222222222,0.21568627450980393,131782.927852,131782.927852,0.0
2025-01-18,0x28736f43f1e871e6aa8b1148d38d4994275d72c4,Greed,Extreme Greed,259,594.135892,195.20691119691122,50558.590000000004,105,2,107,91,154,0.0606788432046332,0.9813084112149533,0.5909090909090909,132377.063744,132377.063744,0.0
2025-01-19,0x28736f43f1e871e6aa8b1148d38d4994275d72c4,Greed,Extreme Greed,184,102.504343,155.71684782608696,28651.9,79,11,90,56,96,0.052017794836956524,0.8777777777777778,0.5833333333333334,132479.568087,132479.568087,0.0
2025-01-20,0x28736f43f1e871e6aa8b1148d38d4994275d72c4,Greed,Extreme Greed,169,608.885905,169.7668047337278,28690.59,69,3,72,47,64,0.06684638218934912,0.9583333333333334,0.734375,133088.453992,133088.453992,0.0
2025-01-21,0x28736f43f1e871e6aa8b1148d38d4994275d72c4,Greed,Extreme Greed,94,428.3738,262.3486170212766,24660.77,46,7,53,26,47,0.10599738212765958,0.8679245283018868,0.5531914893617021,133516.827792,133516.827792,0.0
2025-01-22,0x28736f43f1e871e6aa8b1148d38d4994275d72c4,Greed,Extreme Greed,112,589.467131,120.82616071428572,13532.53,51,3,54,15,81,0.04259640107142858,0.9444444444444444,0.18518518518518517,134106.294923,134106.294923,0.0
2025-01-23,0x28736f43f1e871e6aa8b1148d38d4994275d72c4,Greed,Extreme Greed,122,229.609892,128.88065573770493,15723.44,57,4,61,45,65,0.04088873663934427,0.9344262295081968,0.6923076923076923,134335.904815,134335.904815,0.0
2025-01-24,0x28736f43f1e871e6aa8b1148d38d4994275d72c4,Greed,Extreme Greed,120,347.22838,145.0465,17405.58,60,2,62,82,17,0.053880391,0.967741935483871,4.823529411764706,134683.133195,134683.133195,0.0
2025-01-25,0x28736f43f1e871e6aa8b1148d38d4994275d72c4,Greed,Extreme Greed,118,124.70498799999999,241.47220338983053,28493.72,47,4,51,82,8,0.09328298186440678,0.9215686274509803,10.25,134807.838183,134807.838183,0.0
2025-01-26,0x28736f43f1e871e6aa8b1148d38d4994275d72c4,Greed,Greed,106,273.211119,334.20924528301884,35426.18,48,2,50,91,5,0.10739085849056604,0.96,18.2,135081.049302,135081.049302,0.0
2025-01-27,0x28736f43f1e871e6aa8b1148d38d4994275d72c4,Greed,Greed,268,838.930696,1223.7995522388057,327978.27999999997,114,7,121,238,7,0.44062005354477607,0.9421487603305785,34.0,135919.979998,135919.979998,0.0
2025-01-28,0x28736f43f1e871e6aa8b1148d38d4994275d72c4,Greed,Greed,151,1019.55769,624.2161589403973,94256.64,75,7,82,140,5,0.21329162894039735,0.9146341463414634,28.0,136939.537688,136939.537688,0.0
2025-01-29,0x28736f43f1e871e6aa8b1148d38d4994275d72c4,Greed,Greed,42,152.618804,340.8880952380952,14317.3,21,0,21,34,5,0.11337078571428572,1.0,6.8,137092.156492,137092.156492,0.0
2025-01-30,0x28736f43f1e871e6aa8b1148d38d4994275d72c4,Greed,Greed,86,1234.2072,394.06465116279065,33889.56,55,7,62,64,9,0.1403414176744186,0.8870967741935484,7.111111111111111,138326.363692,138326.363692,0.0
2025-01-31,0x28736f43f1e871e6aa8b1148d38d4994275d72c4,Greed,Extreme Greed,49,755.916254,374.2630612244898,18338.89,38,2,40,32,4,0.1309915918367347,0.95,8.0,139082.279946,139082.279946,0.0
2025-02-01,0x28736f43f1e871e6aa8b1148d38d4994275d72c4,Greed,Greed,51,3.536668000000001,1057.5154901960784,53933.29,21,8,29,39,10,0.36990150941176475,0.7241379310344828,3.9,139085.816614,139085.816614,0.0
2025-02-02,0x28736f43f1e871e6aa8b1148d38d4994275d72c4,Greed,Greed,91,-1416.906536,1328.6620879120878,120908.25,5,11,16,75,5,0.3882103945054945,0.3125,15.0,137668.910078,139085.816614,-1416.906536000024
2025-02-03,0x28736f43f1e871e6aa8b1148d38d4994275d72c4,Fear,Fear,75,439.634046,1251.5914666666667,93869.36,45,1,46,64,0,0.26239501,0.9782608695652174,,138108.544124,139085.816614,-977.272490000003
2025-02-04,0x28736f43f1e871e6aa8b1148d38d4994275d72c4,Greed,Greed,48,1291.500575,1139.6597916666667,54703.67,17,0,17,42,0,0.24322943708333333,1.0,,139400.044699,139400.044699,0.0
2025-02-05,0x28736f43f1e871e6aa8b1148d38d4994275d72c4,Neutral,Neutral,83,696.8107239999999,912.4063855421687,75729.73,37,1,38,74,0,0.2720778554216867,0.9736842105263158,,140096.855423,140096.855423,0.0
2025-02-06,0x28736f43f1e871e6aa8b1148d38d4994275d72c4,Neutral,Neutral,45,358.877096,1453.7044444444446,65416.700000000004,17,0,17,44,0,0.2851007217777778,1.0,,140455.732519,140455.732519,0.0
2025-02-07,0x28736f43f1e871e6aa8b1148d38d4994275d72c4,Fear,Fear,54,932.4458159999999,596.832037037037,32228.93,36,0,36,41,0,0.1656863498148148,1.0,,141388.178335,141388.178335,0.0
2025-02-08,0x28736f43f1e871e6aa8b1148d38d4994275d72c4,Fear,Fear,32,0.0,630.2528125,20168.09,0,0,0,17,0,0.20379603875,,,141388.178335,141388.178335,0.0
2025-02-09,0x28736f43f1e871e6aa8b1148d38d4994275d72c4,Neutral,Neutral,17,31.14195,685.0323529411764,11645.55,11,0,11,17,0,0.23976094117647057,1.0,,141419.320285,141419.320285,0.0
2025-02-10,0x28736f43f1e871e6aa8b1148d38d4994275d72c4,Fear,Fear,43,436.833818,1075.9925581395348,46267.68,29,0,29,40,0,0.26335101093023255,1.0,,141856.154103,141856.154103,0.0
2025-02-11,0x28736f43f1e871e6aa8b1148d38d4994275d72c4,Neutral,Neutral,41,593.326371,984.2039024390244,40352.36,19,0,19,38,0,0.25546868097560976,1.0,,142449.480474,142449.480474,0.0
2025-02-12,0x28736f43f1e871e6aa8b1148d38d4994275d72c4,Neutral,Neutral,59,198.780392,717.646779661017,42341.16,27,4,31,44,4,0.18528382661016948,0.8709677419354839,11.0,142648.260866,142648.260866,0.0
2025-02-13,0x28736f43f1e871e6aa8b1148d38d4994275d72c4,Neutral,Neutral,42,287.27875,647.7471428571429,27205.38,21,0,21,27,10,0.17653365357142856,1.0,2.7,142935.539616,142935.539616,0.0
2025-02-14,0x28736f43f1e871e6aa8b1148d38d4994275d72c4,Neutral,Neutral,47,404.813032,536.6263829787234,25221.44,37,1,38,28,4,0.15074492404255319,0.9736842105263158,7.0,143340.352648,143340.352648,0.0
2025-02-15,0x28736f43f1e871e6aa8b1148d38d4994275d72c4,Neutral,Neutral,9,64.653448,257.83222222222224,2320.4900000000002,8,0,8,7,1,0.04277759666666667,1.0,7.0,143405.006096,143405.006096,0.0
2025-02-16,0x28736f43f1e871e6aa8b1148d38d4994275d72c4,Neutral,Neutral,11,59.664989,503.33272727272725,5536.66,4,0,4,3,5,0.1895597709090909,1.0,0.6,143464.671085,143464.671085,0.0
2025-02-17,0x28736f43f1e871e6aa8b1148d38d4994275d72c4,Neutral,Neutral,28,115.824682,466.69214285714287,13067.380000000001,18,0,18,15,11,0.12388021428571429,1.0,1.3636363636363635,143580.495767,143580.495767,0.0
2025-02-18,0x28736f43f1e871e6aa8b1148d38d4994275d72c4,Neutral,Neutral,36,45.659497,404.88444444444445,14575.84,7,0,7,18,4,0.10896274361111111,1.0,4.5,143626.155264,143626.155264,0.0
2025-02-19,0x28736f43f1e871e6aa8b1148d38d4994275d72c4,Fear,Fear,22,20.62415,508.5995454545455,11189.19,7,0,7,14,3,0.1740013822727273,1.0,4.666666666666667,143646.779414,143646.779414,0.0
2025-02-20,0x28736f43f1e871e6aa8b1148d38d4994275d72c4,Neutral,Neutral,53,278.142839,429.3352830188679,22754.77,26,0,26,26,10,0.13162512471698115,1.0,2.6,143924.922253,143924.922253,0.0
2025-02-21,0x28736f43f1e871e6aa8b1148d38d4994275d72c4,Greed,Greed,93,591.659533,320.8220430107527,29836.45,61,0,61,30,52,0.09374186,1.0,0.5769230769230769,144516.581786,144516.581786,0.0
2025-02-22,0x28736f43f1e871e6aa8b1148d38d4994275d72c4,Neutral,Neutral,58,408.03639799999996,523.8093103448275,30380.94,17,1,18,34,25,0.17936522413793105,0.9444444444444444,1.36,144924.618184,144924.618184,0.0
2025-02-23,0x28736f43f1e871e6aa8b1148d38d4994275d72c4,Neutral,Neutral,24,39.91436,550.5720833333334,13213.73,9,0,9,11,11,0.1926999583333333,1.0,1.0,144964.532544,144964.532544,0.0
2025-02-24,0x28736f43f1e871e6aa8b1148d38d4994275d72c4,Neutral,Neutral,61,180.244855,282.4104918032787,17227.04,27,0,27,12,31,0.07656285393442623,1.0,0.3870967741935484,145144.777399,145144.777399,0.0
2025-02-25,0x28736f43f1e871e6aa8b1148d38d4994275d72c4,Fear,Fear,49,168.27053,883.3975510204082,43286.48,13,0,13,36,7,0.24669642530612246,1.0,5.142857142857143,145313.047929,145313.047929,0.0
2025-02-26,0x28736f43f1e871e6aa8b1148d38d4994275d72c4,Fear,Extreme Fear,34,64.59776,242.27088235294116,8237.21,13,2,15,7,24,0.0682005861764706,0.8666666666666667,0.2916666666666667,145377.645689,145377.645689,0.0
2025-02-27,0x28736f43f1e871e6aa8b1148d38d4994275d72c4,Fear,Extreme Fear,30,71.919819,765.107,22953.21,13,1,14,18,12,0.2570754666666667,0.9285714285714286,1.5,145449.565508,145449.565508,0.0
2025-02-28,0x28736f43f1e871e6aa8b1148d38d4994275d72c4,Fear,Extreme Fear,81,-3425.450348,1611.6066666666666,130540.14,26,3,29,79,0,0.5438955549382717,0.896551724137931,,142024.11516,145449.565508,-3425.450348000013
2025-03-01,0x28736f43f1e871e6aa8b1148d38d4994275d72c4,Fear,Extreme Fear,37,557.9358,840.2127027027027,31087.87,14,0,14,32,4,0.2873133513513514,1.0,8.0,142582.05096,145449.565508,-2867.5145480000065
2025-03-02,0x28736f43f1e871e6aa8b1148d38d4994275d72c4,Fear,Fear,73,8330.21747,1432.3072602739728,104558.43000000001,56,0,56,50,17,0.44891951931506846,1.0,2.9411764705882355,150912.26843,150912.26843,0.0
2025-03-03,0x28736f43f1e871e6aa8b1148d38d4994275d72c4,Fear,Fear,58,494.669357,536.928448275862,31141.85,21,0,21,37,21,0.15648177586206896,1.0,1.7619047619047619,151406.937787,151406.937787,0.0
2025-03-04,0x28736f43f1e871e6aa8b1148d38d4994275d72c4,Fear,Extreme Fear,43,163.73415,1091.9493023255814,46953.82,13,0,13,31,12,0.28846455813953487,1.0,2.5833333333333335,151570.671937,151570.671937,0.0
2025-03-05,0x28736f43f1e871e6aa8b1148d38d4994275d72c4,Fear,Extreme Fear,26,437.35445200000004,1109.076923076923,28836.0,20,0,20,21,3,0.38607965384615384,1.0,7.0,152008.026389,152008.026389,0.0
2025-03-06,0x28736f43f1e871e6aa8b1148d38d4994275d72c4,Fear,Fear,21,291.46926,856.63,17989.23,13,0,13,15,6,0.29508776190476194,1.0,2.5,152299.495649,152299.495649,0.0
2025-03-07,0x28736f43f1e871e6aa8b1148d38d4994275d72c4,Fear,Fear,40,411.824274,748.432,29937.28,15,0,15,39,1,0.26195080000000004,1.0,39.0,152711.319923,152711.319923,0.0
2025-03-08,0x28736f43f1e871e6aa8b1148d38d4994275d72c4,Fear,Fear,35,173.811132,698.2522857142857,24438.829999999998,14,0,14,33,2,0.16327908571428573,1.0,16.5,152885.131055,152885.131055,0.0
2025-03-09,0x28736f43f1e871e6aa8b1148d38d4994275d72c4,Fear,Fear,36,140.953497,1118.493611111111,40265.77,6,0,6,35,1,0.22436308333333332,1.0,35.0,153026.084552,153026.084552,0.0
2025-03-10,0x28736f43f1e871e6aa8b1148d38d4994275d72c4,Fear,Extreme Fear,31,-4026.754395,838.0596774193548,25979.85,3,13,16,30,0,0.2933206129032258,0.1875,,148999.330157,153026.084552,-4026.7543949999963
2025-03-11,0x28736f43f1e871e6aa8b1148d38d4994275d72c4,Fear,Extreme Fear,24,0.0,538.44125,12922.59,0,0,0,16,0,0.12839105166666667,,,148999.330157,153026.084552,-4026.7543949999963
2025-03-12,0x28736f43f1e871e6aa8b1148d38d4994275d72c4,Fear,Fear,9,33.01095,851.8611111111111,7666.75,4,0,4,9,0,0.2688592222222222,1.0,,149032.34110700001,153026.084552,-3993.743444999971
2025-03-13,0x28736f43f1e871e6aa8b1148d38d4994275d72c4,Neutral,Neutral,22,465.046501,881.3063636363636,19388.739999999998,12,1,13,18,0,0.2800504304545454,0.9230769230769231,,149497.387608,153026.084552,-3528.6969439999957
2025-03-14,0x28736f43f1e871e6aa8b1148d38d4994275d72c4,Fear,Fear,4,0.0,262.4975,1049.99,0,0,0,0,0,0.00657998,,,149497.387608,153026.084552,-3528.6969439999957
2025-03-16,0x28736f43f1e871e6aa8b1148d38d4994275d72c4,Fear,Fear,27,106.912886,618.9422222222222,16711.44,18,0,18,27,0,0.12223988888888888,1.0,,149604.300494,153026.084552,-3421.78405799999
2025-03-17,0x28736f43f1e871e6aa8b1148d38d4994275d72c4,Fear,Fear,2,0.0,653.5999999999999,1307.1999999999998,0,0,0,2,0,0.22876049999999998,,,149604.300494,153026.084552,-3421.78405799999
2025-03-18,0x28736f43f1e871e6aa8b1148d38d4994275d72c4,Fear,Fear,15,40.9165,703.816,10557.24,7,0,7,5,10,0.24633526666666666,1.0,0.5,149645.216994,153026.084552,-3380.867557999998
2025-03-19,0x28736f43f1e871e6aa8b1148d38d4994275d72c4,Fear,Fear,33,54.9718,539.8872727272727,17816.28,30,0,30,29,2,0.10850042424242425,1.0,14.5,149700.188794,153026.084552,-3325.8957579999988
2025-03-20,0x28736f43f1e871e6aa8b1148d38d4994275d72c4,Neutral,Neutral,20,144.656157,1620.353,32407.06,10,2,12,18,2,0.286135,0.8333333333333334,9.0,149844.844951,153026.084552,-3181.2396009999793
2025-03-21,0x28736f43f1e871e6aa8b1148d38d4994275d72c4,Fear,Fear,12,0.5844,187.86083333333332,2254.33,1,0,1,9,3,0.06575099999999999,1.0,3.0,149845.429351,153026.084552,-3180.655200999987
2025-03-22,0x28736f43f1e871e6aa8b1148d38d4994275d72c4,Fear,Fear,17,132.087931,559.405294117647,9509.89,9,0,9,14,2,0.1801299394117647,1.0,7.0,149977.517282,153026.084552,-3048.5672699999996
2025-03-23,0x28736f43f1e871e6aa8b1148d38d4994275d72c4,Fear,Fear,14,79.086899,840.6328571428572,11768.86,13,0,13,12,2,0.25856135714285716,1.0,6.0,150056.604181,153026.084552,-2969.4803709999833
2025-03-24,0x28736f43f1e871e6aa8b1148d38d4994275d72c4,Neutral,Neutral,45,808.135252,1334.7422222222222,60063.4,31,0,31,42,3,0.43080137777777777,1.0,14.0,150864.739433,153026.084552,-2161.345118999976
2025-03-25,0x28736f43f1e871e6aa8b1148d38d4994275d72c4,Neutral,Neutral,33,417.38885700000003,530.670303030303,17512.12,12,0,12,29,1,0.16513963424242425,1.0,29.0,151282.12829,153026.084552,-1743.9562619999924
2025-03-26,0x28736f43f1e871e6aa8b1148d38d4994275d72c4,Neutral,Neutral,35,379.04079,637.0742857142857,22297.6,16,0,16,28,2,0.20681265514285713,1.0,14.0,151661.16908,153026.084552,-1364.9154719999933
2025-03-27,0x28736f43f1e871e6aa8b1148d38d4994275d72c4,Fear,Fear,38,-133.035992,1857.9734210526317,70602.99,6,3,9,34,0,0.6364126036842105,0.6666666666666666,,151528.133088,153026.084552,-1497.9514639999834
2025-03-28,0x28736f43f1e871e6aa8b1148d38d4994275d72c4,Fear,Fear,41,-21.766132,876.1812195121952,35923.43,1,3,4,39,2,0.24119656097560974,0.25,19.5,151506.366956,153026.084552,-1519.7175959999731
2025-03-29,0x28736f43f1e871e6aa8b1148d38d4994275d72c4,Fear,Fear,15,28.499012000000004,468.65066666666667,7029.76,5,0,5,10,5,0.16402766666666665,1.0,2.0,151534.865968,153026.084552,-1491.2185839999875
2025-03-30,0x28736f43f1e871e6aa8b1148d38d4994275d72c4,Fear,Fear,44,-743.288757,726.7522727272727,31977.1,1,10,11,40,2,0.24584393181818182,0.09090909090909091,20.0,150791.577211,153026.084552,-2234.5073409999895
2025-03-31,0x28736f43f1e871e6aa8b1148d38d4994275d72c4,Fear,Fear,52,3.5652170000000005,375.1351923076923,19507.03,7,7,14,45,2,0.13036437403846154,0.5,22.5,150795.142428,153026.084552,-2230.942123999994
2025-04-01,0x28736f43f1e871e6aa8b1148d38d4994275d72c4,Fear,Fear,41,768.351892,422.4107317073171,17318.84,27,2,29,34,2,0.12798758097560978,0.9310344827586207,17.0,151563.49432,153026.084552,-1462.5902319999877
2025-04-02,0x28736f43f1e871e6aa8b1148d38d4994275d72c4,Fear,Fear,70,669.381363,414.13428571428574,28989.4,42,0,42,55,1,0.13375994142857145,1.0,55.0,152232.875683,153026.084552,-793.2088689999946
2025-04-03,0x28736f43f1e871e6aa8b1148d38d4994275d72c4,Fear,Fear,85,149.51234499999998,453.3190588235294,38532.12,10,11,21,85,0,0.14880843529411764,0.47619047619047616,,152382.388028,153026.084552,-643.696523999999
2025-04-04,0x28736f43f1e871e6aa8b1148d38d4994275d72c4,Fear,Fear,100,498.73528200000004,280.5443,28054.43,56,7,63,92,6,0.09750082989999999,0.8888888888888888,15.333333333333334,152881.12331,153026.084552,-144.9612419999903
2025-04-05,0x28736f43f1e871e6aa8b1148d38d4994275d72c4,Fear,Fear,56,177.049662,331.27535714285716,18551.420000000002,34,4,38,56,0,0.10465816071428571,0.8947368421052632,,153058.172972,153058.172972,0.0
2025-04-06,0x28736f43f1e871e6aa8b1148d38d4994275d72c4,Fear,Fear,74,-476.77056300000004,387.5243243243243,28676.8,27,11,38,70,4,0.13211687837837838,0.7105263157894737,17.5,152581.402409,153058.172972,-476.7705629999982
2025-04-07,0x28736f43f1e871e6aa8b1148d38d4994275d72c4,Fear,Extreme Fear,150,-19833.530157,830.2844666666666,124542.67,27,83,110,88,0,0.28739481266666667,0.24545454545454545,,132747.872252,153058.172972,-20310.30072
2025-04-08,0x28736f43f1e871e6aa8b1148d38d4994275d72c4,Fear,Extreme Fear,65,230.103259,279.894,18193.11,24,4,28,18,0,0.11176160123076923,0.8571428571428571,,132977.975511,153058.172972,-20080.197461000003
2025-04-09,0x28736f43f1e871e6aa8b1148d38d4994275d72c4,Fear,Extreme Fear,53,94.077376,244.56867924528302,12962.14,12,7,19,9,0,0.08111138066037736,0.631578947368421,,133072.052887,153058.172972,-19986.120085000002
2025-04-10,0x28736f43f1e871e6aa8b1148d38d4994275d72c4,Fear,Fear,22,73.76740699999999,166.24727272727273,3657.44,11,3,14,6,5,0.05300676681818182,0.7857142857142857,1.2,133145.820294,153058.172972,-19912.352677999996
2025-04-11,0x28736f43f1e871e6aa8b1148d38d4994275d72c4,Fear,Fear,14,67.00618399999999,335.15785714285715,4692.21,6,0,6,4,3,0.15888767142857144,1.0,1.3333333333333333,133212.826478,153058.172972,-19845.346493999998
2025-04-12,0x28736f43f1e871e6aa8b1148d38d4994275d72c4,Fear,Fear,3,10.499265,78.19,234.57,3,0,3,0,0,0.027366333333333336,1.0,,133223.325743,153058.172972,-19834.847229000006
2025-04-13,0x28736f43f1e871e6aa8b1148d38d4994275d72c4,Neutral,Neutral,19,-902.0714839999999,269.5942105263158,5122.29,6,11,17,2,3,0.09413810783684211,0.35294117647058826,0.6666666666666666,132321.254259,153058.172972,-20736.918712999992
2025-04-14,0x28736f43f1e871e6aa8b1148d38d4994275d72c4,Fear,Fear,14,27.177561,180.60857142857142,2528.52,7,1,8,0,3,0.021231821214285716,0.875,0.0,132348.43182,153058.172972,-20709.741152000002
2025-04-15,0x28736f43f1e871e6aa8b1148d38d4994275d72c4,Fear,Fear,17,-48.794434,186.68235294117648,3173.6,1,4,5,0,5,0.06846287823529412,0.2,0.0,132299.637386,153058.172972,-20758.535586000013
2025-04-16,0x28736f43f1e871e6aa8b1148d38d4994275d72c4,Fear,Fear,9,8.738942,32.69,294.21,3,0,3,0,9,0.011441111111111112,1.0,0.0,132308.376328,153058.172972,-20749.796643999987
2025-04-17,0x28736f43f1e871e6aa8b1148d38d4994275d72c4,Fear,Fear,10,-15.688322,162.429,1624.29,1,3,4,2,6,0.125001893,0.25,0.3333333333333333,132292.688006,153058.172972,-20765.48496599999
2025-04-18,0x28736f43f1e871e6aa8b1148d38d4994275d72c4,Fear,Fear,8,22.793679,160.54125,1284.33,6,1,7,0,5,0.056189499999999996,0.8571428571428571,0.0,132315.481685,153058.172972,-20742.691286999994
2025-04-19,0x28736f43f1e871e6aa8b1148d38d4994275d72c4,Fear,Fear,7,40.803149000000005,75.5942857142857,529.16,4,0,4,0,4,0.026447571428571428,1.0,0.0,132356.284834,153058.172972,-20701.88813800001
2025-04-20,0x28736f43f1e871e6aa8b1148d38d4994275d72c4,Fear,Fear,2,7.707293999999999,87.145,174.29,2,0,2,0,0,0.0305005,1.0,,132363.992128,153058.172972,-20694.180843999988
2025-04-21,0x28736f43f1e871e6aa8b1148d38d4994275d72c4,Fear,Fear,6,19.956089,78.33833333333334,470.03000000000003,5,0,5,0,5,0.0274185,1.0,0.0,132383.948217,153058.172972,-20674.224755000003
2025-04-22,0x28736f43f1e871e6aa8b1148d38d4994275d72c4,Neutral,Neutral,5,11.839106000000001,58.678,293.39,2,0,2,0,3,0.0205358,1.0,0.0,132395.787323,153058.172972,-20662.385649000003
2025-04-23,0x28736f43f1e871e6aa8b1148d38d4994275d72c4,Greed,Greed,13,50.899228,91.10846153846154,1184.41,8,2,10,0,3,0.03188715384615384,0.8,0.0,132446.686551,153058.172972,-20611.48642100001
2025-04-24,0x28736f43f1e871e6aa8b1148d38d4994275d72c4,Greed,Greed,1,1.023851,182.34,182.34,1,0,1,0,0,0.063819,1.0,,132447.710402,153058.172972,-20610.462570000003
2025-04-27,0x28736f43f1e871e6aa8b1148d38d4994275d72c4,Greed,Greed,1,0.265698,49.96,49.96,1,0,1,0,1,0.017485,1.0,0.0,132447.9761,153058.172972,-20610.196872
2025-04-28,0x28736f43f1e871e6aa8b1148d38d4994275d72c4,Neutral,Neutral,8,-0.08516699999999999,156.87,1254.96,1,4,5,0,3,0.054904,0.2,0.0,132447.890933,153058.172972,-20610.282039000012
2025-05-01,0x28736f43f1e871e6aa8b1148d38d4994275d72c4,Neutral,Neutral,2,16.923621,135.32,270.64,2,0,2,0,0,0.047361,1.0,,132464.814554,153058.172972,-20593.35841799999
2024-10-31,0x2c229d22b100a7beb69122eed721cee9b24011dd,Greed,Extreme Greed,9,-2.5534149999999998,3327.722222222222,29949.5,0,3,3,9,0,1.1647027777777776,0.0,,-2.5534149999999998,-2.5534149999999998,0.0
2024-11-01,0x2c229d22b100a7beb69122eed721cee9b24011dd,Greed,Extreme Greed,14,-0.09906000000000104,2139.280714285714,29949.93,4,4,8,14,0,0.6995709999999999,0.5,,-2.652475000000001,-2.5534149999999998,-0.09906000000000104
2024-11-06,0x2c229d22b100a7beb69122eed721cee9b24011dd,Greed,Greed,3,-3.41119,666.84,2000.52,0,2,2,3,0,0.23339333333333334,0.0,,-6.063665,-2.5534149999999998,-3.5102500000000005
2024-11-08,0x2c229d22b100a7beb69122eed721cee9b24011dd,Greed,Extreme Greed,15,-710.786946,2003.9206666666666,30058.81,0,10,10,15,0,0.6435799999999999,0.0,,-716.850611,-2.5534149999999998,-714.297196
2024-11-13,0x2c229d22b100a7beb69122eed721cee9b24011dd,Greed,Extreme Greed,10,-17.60528,582.841,5828.41,2,5,7,10,0,0.2039937,0.2857142857142857,,-734.455891,-2.5534149999999998,-731.902476
2024-11-14,0x2c229d22b100a7beb69122eed721cee9b24011dd,Greed,Extreme Greed,69,2215.402997,1825.0886956521738,125931.12,14,0,14,69,0,0.5540770724637681,1.0,,1480.947106,1480.947106,0.0
2024-11-15,0x2c229d22b100a7beb69122eed721cee9b24011dd,Greed,Extreme Greed,33,2137.203852,1024.2048484848485,33798.76,22,0,22,33,0,0.26331033333333337,1.0,,3618.150958,3618.150958,0.0
2024-11-16,0x2c229d22b100a7beb69122eed721cee9b24011dd,Greed,Extreme Greed,22,1484.528402,1292.3377272727273,28431.43,13,0,13,22,0,0.4484957727272727,1.0,,5102.67936,5102.67936,0.0
2024-11-18,0x2c229d22b100a7beb69122eed721cee9b24011dd,Greed,Extreme Greed,15,-8.138354999999999,393.86333333333334,5907.95,4,4,8,15,0,0.13785166666666668,0.5,,5094.541005,5102.67936,-8.138355000000047
2024-11-20,0x2c229d22b100a7beb69122eed721cee9b24011dd,Greed,Extreme Greed,76,2626.800865,2627.9109210526312,199721.22999999998,48,2,50,76,0,0.8412605789473684,0.96,,7721.34187,7721.34187,0.0
2024-11-21,0x2c229d22b100a7beb69122eed721cee9b24011dd,Greed,Extreme Greed,22,-0.15074600000000027,1508.5563636363636,33188.24,4,11,15,22,0,0.527994590909091,0.26666666666666666,,7721.191124,7721.34187,-0.15074600000025384
2024-11-22,0x2c229d22b100a7beb69122eed721cee9b24011dd,Greed,Extreme Greed,57,-260.909686,7077.548245614035,403420.25,3,28,31,57,0,2.376398087719298,0.0967741935483871,,7460.281438,7721.34187,-261.0604320000002
2024-11-29,0x2c229d22b100a7beb69122eed721cee9b24011dd,Greed,Extreme Greed,10,31.04129,525.317,5253.17,9,0,9,10,0,0.18386039999999998,1.0,,7491.322728,7721.34187,-230.0191420000001
2024-11-30,0x2c229d22b100a7beb69122eed721cee9b24011dd,Greed,Extreme Greed,6,59.744873999999996,6943.03,41658.18,2,0,2,6,0,2.430061,1.0,,7551.067602,7721.34187,-170.27426800000012
2024-12-02,0x2c229d22b100a7beb69122eed721cee9b24011dd,Greed,Extreme Greed,53,16196.864846,2348.7403773584906,124483.23999999999,30,0,30,53,0,0.7955297924528303,1.0,,23747.932448,23747.932448,0.0
2024-12-03,0x2c229d22b100a7beb69122eed721cee9b24011dd,Greed,Extreme Greed,59,121.535562,1685.5867796610169,99449.62,14,12,26,59,0,0.5899549491525423,0.5384615384615384,,23869.46801,23869.46801,0.0
2024-12-04,0x2c229d22b100a7beb69122eed721cee9b24011dd,Greed,Extreme Greed,37,7591.307059,3426.9959459459456,126798.84999999999,25,0,25,37,0,0.9883278648648649,1.0,,31460.775069,31460.775069,0.0
2024-12-05,0x2c229d22b100a7beb69122eed721cee9b24011dd,Greed,Extreme Greed,33,2069.92634,890.1048484848485,29373.46,30,0,30,33,0,0.22825572727272728,1.0,,33530.701409,33530.701409,0.0
2024-12-06,0x2c229d22b100a7beb69122eed721cee9b24011dd,Greed,Greed,9,-123.870122,2324.0444444444447,20916.4,0,4,4,9,0,0.7839593333333332,0.0,,33406.831287,33530.701409,-123.87012200000026
2024-12-10,0x2c229d22b100a7beb69122eed721cee9b24011dd,Greed,Extreme Greed,12,130.883691,1585.4033333333334,19024.84,7,0,7,12,0,0.5548904166666667,1.0,,33537.714977999996,33537.714977999996,0.0
2024-12-11,0x2c229d22b100a7beb69122eed721cee9b24011dd,Greed,Greed,19,8544.6855,6550.684736842106,124463.01000000001,10,0,10,19,0,1.5891991578947369,1.0,,42082.400477999996,42082.400477999996,0.0
2024-12-12,0x2c229d22b100a7beb69122eed721cee9b24011dd,Greed,Extreme Greed,62,7639.595794,5565.801451612903,345079.69,39,0,39,62,0,1.9480301129032258,1.0,,49721.996272,49721.996272,0.0
2024-12-13,0x2c229d22b100a7beb69122eed721cee9b24011dd,Greed,Extreme Greed,63,1966.9289449999999,1823.863492063492,114903.4,49,0,49,63,0,0.638351761904762,1.0,,51688.925216999996,51688.925216999996,0.0
2024-12-17,0x2c229d22b100a7beb69122eed721cee9b24011dd,Greed,Extreme Greed,15,214.770101,1000.812,15012.18,11,0,11,15,0,0.3197244,1.0,,51903.695318,51903.695318,0.0
2024-12-20,0x2c229d22b100a7beb69122eed721cee9b24011dd,Greed,Greed,11,305.55784,2609.3063636363636,28702.37,10,0,10,11,0,0.9132563636363635,1.0,,52209.253158,52209.253158,0.0
2024-12-23,0x2c229d22b100a7beb69122eed721cee9b24011dd,Greed,Greed,29,6.476289999999996,7631.325517241379,221308.44,12,11,23,29,0,2.670963379310345,0.5217391304347826,,52215.729448,52215.729448,0.0
2024-12-24,0x2c229d22b100a7beb69122eed721cee9b24011dd,Greed,Greed,11,343.63336100000004,2630.031818181818,28930.35,6,0,6,11,0,0.9205106363636364,1.0,,52559.362809,52559.362809,0.0
2024-12-30,0x2c229d22b100a7beb69122eed721cee9b24011dd,Greed,Greed,2,0.19908,34.21,68.42,1,0,1,2,0,0.0119735,1.0,,52559.561889,52559.561889,0.0
2024-12-31,0x2c229d22b100a7beb69122eed721cee9b24011dd,Greed,Greed,49,2243.319777,4127.501224489796,202247.56,48,0,48,49,0,1.444624918367347,1.0,,54802.881666,54802.881666,0.0
2025-01-10,0x2c229d22b100a7beb69122eed721cee9b24011dd,Neutral,Neutral,136,21980.47249,2289.4099264705883,311359.75,125,0,125,136,0,0.5090736397058824,1.0,,76783.354156,76783.354156,0.0
2025-01-11,0x2c229d22b100a7beb69122eed721cee9b24011dd,Greed,Greed,7,-2.454844,1785.1328571428571,12495.93,0,3,3,7,0,0.6247955714285715,0.0,,76780.899312,76783.354156,-2.4548440000071423
2025-01-15,0x2c229d22b100a7beb69122eed721cee9b24011dd,Greed,Greed,12,-18.998214,1943.5483333333332,23322.579999999998,3,6,9,12,0,0.6802414166666666,0.3333333333333333,,76761.901098,76783.354156,-21.453057999999146
2025-01-17,0x2c229d22b100a7beb69122eed721cee9b24011dd,Greed,Extreme Greed,57,913.985947,6517.080175438597,371473.57,38,0,38,57,0,2.2809777543859653,1.0,,77675.887045,77675.887045,0.0
2025-01-18,0x2c229d22b100a7beb69122eed721cee9b24011dd,Greed,Extreme Greed,2,-33.4413,116.66499999999999,233.32999999999998,0,1,1,0,2,0.040832,0.0,0.0,77642.445745,77675.887045,-33.441299999991315
2025-01-19,0x2c229d22b100a7beb69122eed721cee9b24011dd,Greed,Extreme Greed,74,11437.823511999999,7532.947432432432,557438.11,46,0,46,74,0,1.8980236486486488,1.0,,89080.269257,89080.269257,0.0
2025-01-20,0x2c229d22b100a7beb69122eed721cee9b24011dd,Greed,Extreme Greed,82,1535.55008,8402.275975609757,688986.63,11,19,30,82,0,2.77240843902439,0.36666666666666664,,90615.819337,90615.819337,0.0
2025-01-21,0x2c229d22b100a7beb69122eed721cee9b24011dd,Greed,Extreme Greed,15,59.672564,125.14200000000001,1877.13,6,0,6,15,0,0.04379946666666667,1.0,,90675.491901,90675.491901,0.0
2025-01-22,0x2c229d22b100a7beb69122eed721cee9b24011dd,Greed,Extreme Greed,229,12769.669401000001,1080.5076419213974,247436.25,65,35,100,229,0,0.2924147030567686,0.65,,103445.161302,103445.161302,0.0
2025-01-23,0x2c229d22b100a7beb69122eed721cee9b24011dd,Greed,Extreme Greed,104,3776.64959,2468.1846153846154,256691.2,60,7,67,104,0,0.56136675,0.8955223880597015,,107221.810892,107221.810892,0.0
2025-01-24,0x2c229d22b100a7beb69122eed721cee9b24011dd,Greed,Extreme Greed,38,363.482456,2124.9794736842105,80749.22,19,7,26,38,0,0.6597085,0.7307692307692307,,107585.293348,107585.293348,0.0
2025-01-25,0x2c229d22b100a7beb69122eed721cee9b24011dd,Greed,Extreme Greed,53,2167.17715,5537.374905660377,293480.87,33,0,33,53,0,1.1398958301886792,1.0,,109752.470498,109752.470498,0.0
2025-01-30,0x2c229d22b100a7beb69122eed721cee9b24011dd,Greed,Greed,15,159.201612,4589.114666666666,68836.72,6,0,6,15,0,1.4116738,1.0,,109911.67211,109911.67211,0.0
2025-01-31,0x2c229d22b100a7beb69122eed721cee9b24011dd,Greed,Extreme Greed,132,14418.18988,5257.4305303030305,693980.8300000001,113,2,115,132,0,1.5954408636363637,0.9826086956521739,,124329.86199,124329.86199,0.0
2025-02-01,0x2c229d22b100a7beb69122eed721cee9b24011dd,Greed,Greed,21,88.50699399999999,5610.000952380952,117810.02,12,4,16,21,0,1.7392290476190475,0.75,,124418.368984,124418.368984,0.0
2025-02-06,0x2c229d22b100a7beb69122eed721cee9b24011dd,Neutral,Neutral,61,-639.3510530000001,3750.11868852459,228757.24,35,9,44,61,0,1.0668853114754098,0.7954545454545454,,123779.017931,124418.368984,-639.3510530000058
2025-02-07,0x2c229d22b100a7beb69122eed721cee9b24011dd,Fear,Fear,149,-1145.924392,2135.150268456376,318137.39,6,96,102,149,0,0.5740608187919463,0.058823529411764705,,122633.093539,124418.368984,-1785.2754450000066
2025-02-13,0x2c229d22b100a7beb69122eed721cee9b24011dd,Neutral,Neutral,321,17378.569333,3578.9056074766354,1148828.7,206,0,206,321,0,1.1442119190031153,1.0,,140011.66287200002,140011.66287200002,0.0
2025-02-15,0x2c229d22b100a7beb69122eed721cee9b24011dd,Neutral,Neutral,47,590.06989,1285.8944680851064,60437.04,32,0,32,47,0,0.3596367021276596,1.0,,140601.732762,140601.732762,0.0
2025-02-20,0x2c229d22b100a7beb69122eed721cee9b24011dd,Neutral,Neutral,149,3057.28245,5680.961208053691,846463.22,132,9,141,149,0,1.7607753288590604,0.9361702127659575,,143659.015212,143659.015212,0.0
2025-02-21,0x2c229d22b100a7beb69122eed721cee9b24011dd,Greed,Greed,60,8502.805925,2810.3466666666664,168620.8,26,0,26,60,0,0.9373171666666666,1.0,,152161.821137,152161.821137,0.0
2025-02-25,0x2c229d22b100a7beb69122eed721cee9b24011dd,Fear,Fear,24,169.617628,1016.4883333333333,24395.72,15,3,18,24,0,0.35066041666666664,0.8333333333333334,,152331.438765,152331.438765,0.0
2025-02-26,0x2c229d22b100a7beb69122eed721cee9b24011dd,Fear,Extreme Fear,10,25.30602,156.53799999999998,1565.3799999999999,9,0,9,10,0,0.0547879,1.0,,152356.74478500002,152356.74478500002,0.0
2025-03-05,0x2c229d22b100a7beb69122eed721cee9b24011dd,Fear,Extreme Fear,89,11113.173067,2537.6704494382025,225852.67,58,0,58,89,0,0.8491257752808988,1.0,,163469.917852,163469.917852,0.0
2025-03-06,0x2c229d22b100a7beb69122eed721cee9b24011dd,Fear,Fear,15,279.152034,1287.3273333333334,19309.91,11,0,11,15,0,0.3838652,1.0,,163749.069886,163749.069886,0.0
2025-03-07,0x2c229d22b100a7beb69122eed721cee9b24011dd,Fear,Fear,3,1.17533,972.65,2917.95,1,0,1,3,0,0.34042766666666663,1.0,,163750.245216,163750.245216,0.0
2025-03-11,0x2c229d22b100a7beb69122eed721cee9b24011dd,Fear,Extreme Fear,13,276.7687,3849.383076923077,50041.98,10,0,10,13,0,1.1818572307692308,1.0,,164027.013916,164027.013916,0.0
2025-03-13,0x2c229d22b100a7beb69122eed721cee9b24011dd,Neutral,Neutral,25,924.898908,4074.8460000000005,101871.15000000001,1,8,9,25,0,0.9420473199999999,0.1111111111111111,,164951.912824,164951.912824,0.0
2025-03-21,0x2c229d22b100a7beb69122eed721cee9b24011dd,Fear,Fear,74,1215.774424,1528.0594594594593,113076.4,53,0,53,74,0,0.5214418648648649,1.0,,166167.687248,166167.687248,0.0
2025-03-23,0x2c229d22b100a7beb69122eed721cee9b24011dd,Fear,Fear,15,514.5145660000001,919.33,13789.95,9,0,9,15,0,0.3217645333333333,1.0,,166682.201814,166682.201814,0.0
2025-03-25,0x2c229d22b100a7beb69122eed721cee9b24011dd,Neutral,Neutral,211,-3323.090682,2000.0732701421803,422015.46,4,68,72,211,0,0.7000252606635071,0.05555555555555555,,163359.111132,166682.201814,-3323.090682000009
2025-03-26,0x2c229d22b100a7beb69122eed721cee9b24011dd,Neutral,Neutral,65,2323.99174,1894.7783076923076,123160.59,49,0,49,65,0,0.4218582153846154,1.0,,165683.102872,166682.201814,-999.0989420000114
2025-04-01,0x2c229d22b100a7beb69122eed721cee9b24011dd,Fear,Fear,9,1334.414834,1193.0444444444445,10737.4,4,0,4,9,0,0.38399255555555556,1.0,,167017.517706,167017.517706,0.0
2025-04-02,0x2c229d22b100a7beb69122eed721cee9b24011dd,Fear,Fear,6,1.1031579999999999,395.24,2371.44,2,1,3,6,0,0.13833399999999998,0.6666666666666666,,167018.620864,167018.620864,0.0
2025-04-03,0x2c229d22b100a7beb69122eed721cee9b24011dd,Fear,Fear,26,160.127816,739.3319230769231,19222.63,19,0,19,26,0,0.23991034615384615,1.0,,167178.74868,167178.74868,0.0
2025-04-11,0x2c229d22b100a7beb69122eed721cee9b24011dd,Fear,Fear,45,1419.922474,1310.5517777777777,58974.83,34,0,34,45,0,0.36939035555555555,1.0,,168598.671154,168598.671154,0.0
2025-04-14,0x2c229d22b100a7beb69122eed721cee9b24011dd,Fear,Fear,8,18.103863,133.5325,1068.26,5,2,7,8,0,0.018356375,0.7142857142857143,,168616.775017,168616.775017,0.0
2025-04-18,0x2c229d22b100a7beb69122eed721cee9b24011dd,Fear,Fear,7,11.209037,74.56857142857143,521.98,6,0,6,7,0,0.025461142857142856,1.0,,168627.984054,168627.984054,0.0
2025-04-23,0x2c229d22b100a7beb69122eed721cee9b24011dd,Greed,Greed,2,29.8368,1284.69,2569.38,1,0,1,2,0,0.4496415,1.0,,168657.820854,168657.820854,0.0
2025-04-25,0x2c229d22b100a7beb69122eed721cee9b24011dd,Greed,Greed,3,0.18414,47.086666666666666,141.26,2,0,2,3,0,0.016479666666666667,1.0,,168658.004994,168658.004994,0.0
2023-05-01,0x3998f134d6aaa2b6a5f723806d00fd2bbbbce891,Greed,Greed,3,0.0,159.0,477.0,0,0,0,3,0,0.0,,,0.0,0.0,0.0
2024-01-11,0x3998f134d6aaa2b6a5f723806d00fd2bbbbce891,Greed,Extreme Greed,2,0.0,23066.935,46133.87,0,0,0,2,0,5.5360629999999995,,,0.0,0.0,0.0
2024-01-15,0x3998f134d6aaa2b6a5f723806d00fd2bbbbce891,Neutral,Neutral,9,152.85358,69.98444444444445,629.86,9,0,9,9,0,0.016795222222222225,1.0,,152.85358,152.85358,0.0
2024-01-16,0x3998f134d6aaa2b6a5f723806d00fd2bbbbce891,Greed,Greed,6,-3238.8,10580.346666666666,63482.08,0,2,2,6,0,0.6804994999999999,0.0,,-3085.94642,152.85358,-3238.8
2024-01-28,0x3998f134d6aaa2b6a5f723806d00fd2bbbbce891,Neutral,Neutral,11,-2478.06972,1646.2754545454545,18109.03,0,11,11,11,0,-0.03292509090909091,0.0,,-5564.01614,152.85358,-5716.86972
2024-04-16,0x3998f134d6aaa2b6a5f723806d00fd2bbbbce891,Greed,Greed,1,0.0,91.08,91.08,0,0,0,0,0,0.030602,,,-5564.01614,152.85358,-5716.86972
2024-05-29,0x3998f134d6aaa2b6a5f723806d00fd2bbbbce891,Greed,Greed,5,0.0,6113.468,30567.34,0,0,0,0,0,3.8836120000000003,,,-5564.01614,152.85358,-5716.86972
2024-07-24,0x3998f134d6aaa2b6a5f723806d00fd2bbbbce891,Greed,Greed,3,0.0,0.4266666666666667,1.28,0,0,0,0,0,0.0,,,-5564.01614,152.85358,-5716.86972
2024-07-26,0x3998f134d6aaa2b6a5f723806d00fd2bbbbce891,Greed,Greed,1,0.0,0.81,0.81,0,0,0,0,0,0.0,,,-5564.01614,152.85358,-5716.86972
2024-08-01,0x3998f134d6aaa2b6a5f723806d00fd2bbbbce891,Neutral,Neutral,1,0.0,0.74,0.74,0,0,0,0,0,0.0,,,-5564.01614,152.85358,-5716.86972
2024-08-03,0x3998f134d6aaa2b6a5f723806d00fd2bbbbce891,Fear,Fear,1,0.0,0.65,0.65,0,0,0,0,0,0.0,,,-5564.01614,152.85358,-5716.86972
2024-08-04,0x3998f134d6aaa2b6a5f723806d00fd2bbbbce891,Fear,Fear,1,0.0,0.01,0.01,0,0,0,0,0,0.0,,,-5564.01614,152.85358,-5716.86972
2024-08-06,0x3998f134d6aaa2b6a5f723806d00fd2bbbbce891,Fear,Extreme Fear,27,215.754798,28.555555555555557,771.0,8,13,21,0,0,0.032948111111111116,0.38095238095238093,,-5348.261342,152.85358,-5501.114922
2024-08-07,0x3998f134d6aaa2b6a5f723806d00fd2bbbbce891,Fear,Fear,11,0.0,0.0036363636363636364,0.04,0,0,0,0,0,0.0,,,-5348.261342,152.85358,-5501.114922
2024-08-17,0x3998f134d6aaa2b6a5f723806d00fd2bbbbce891,Fear,Fear,29,0.0,1035.7675862068966,30037.26,0,0,0,0,0,0.5888058620689655,,,-5348.261342,152.85358,-5501.114922
2024-08-30,0x3998f134d6aaa2b6a5f723806d00fd2bbbbce891,Fear,Fear,1,0.0,0.69,0.69,0,0,0,0,0,0.0,,,-5348.261342,152.85358,-5501.114922
2024-09-05,0x3998f134d6aaa2b6a5f723806d00fd2bbbbce891,Fear,Fear,1,0.0,0.84,0.84,0,0,0,0,0,0.0,,,-5348.261342,152.85358,-5501.114922
2024-11-18,0x3998f134d6aaa2b6a5f723806d00fd2bbbbce891,Greed,Extreme Greed,6,48.185146,116.12333333333333,696.74,2,2,4,0,0,0.10729516666666666,0.5,,-5300.076196,152.85358,-5452.929776
2024-11-19,0x3998f134d6aaa2b6a5f723806d00fd2bbbbce891,Greed,Extreme Greed,1,0.0,0.01,0.01,0,0,0,0,0,0.0,,,-5300.076196,152.85358,-5452.929776
2024-11-29,0x3998f134d6aaa2b6a5f723806d00fd2bbbbce891,Greed,Extreme Greed,56,17511.326788,1817.6805357142857,101790.11,36,1,37,0,0,0.10298617678571428,0.972972972972973,,12211.250591999999,12211.250591999999,0.0
2024-11-30,0x3998f134d6aaa2b6a5f723806d00fd2bbbbce891,Greed,Extreme Greed,39,19050.661786,2556.5420512820515,99705.14,27,0,27,0,0,0.1448728682051282,1.0,,31261.912378,31261.912378,0.0
2024-12-01,0x3998f134d6aaa2b6a5f723806d00fd2bbbbce891,Greed,Extreme Greed,3,13.566929,11.366666666666667,34.1,2,0,2,0,0,0.0019235600000000002,1.0,,31275.479306999998,31275.479306999998,0.0
2024-12-02,0x3998f134d6aaa2b6a5f723806d00fd2bbbbce891,Greed,Extreme Greed,1,0.0,0.0,0.0,0,0,0,0,0,0.0,,,31275.479306999998,31275.479306999998,0.0
2024-12-14,0x3998f134d6aaa2b6a5f723806d00fd2bbbbce891,Greed,Extreme Greed,36,0.0,5555.551944444444,199999.87,0,0,0,0,0,0.027385462222222223,,,31275.479306999998,31275.479306999998,0.0
2024-12-15,0x3998f134d6aaa2b6a5f723806d00fd2bbbbce891,Greed,Extreme Greed,6,346.827642,117.02833333333335,702.1700000000001,5,0,5,0,0,0.01991796833333333,1.0,,31622.306948999998,31622.306948999998,0.0
2024-12-16,0x3998f134d6aaa2b6a5f723806d00fd2bbbbce891,Greed,Extreme Greed,4,0.0,0.0,0.0,0,0,0,0,0,0.0,,,31622.306948999998,31622.306948999998,0.0
2024-12-20,0x3998f134d6aaa2b6a5f723806d00fd2bbbbce891,Greed,Greed,3,22.80272,15.183333333333332,45.55,1,0,1,0,0,0.002668876666666667,1.0,,31645.109668999998,31645.109668999998,0.0
2025-01-20,0x3998f134d6aaa2b6a5f723806d00fd2bbbbce891,Greed,Extreme Greed,2,0.0,183.07999999999998,366.15999999999997,0,0,0,0,0,0.002758495,,,31645.109668999998,31645.109668999998,0.0
2025-01-23,0x3998f134d6aaa2b6a5f723806d00fd2bbbbce891,Greed,Extreme Greed,3,-5978.38652,6.186666666666667,18.560000000000002,2,1,3,0,0,0.0020773333333333334,0.6666666666666666,,25666.723148999998,31645.109668999998,-5978.38652
2025-01-24,0x3998f134d6aaa2b6a5f723806d00fd2bbbbce891,Greed,Extreme Greed,2,0.0,0.005,0.01,0,0,0,0,0,0.0,,,25666.723148999998,31645.109668999998,-5978.38652
2025-02-14,0x3998f134d6aaa2b6a5f723806d00fd2bbbbce891,Neutral,Neutral,2,19.530304,25.39,50.78,2,0,2,0,0,0.00853,1.0,,25686.253452999998,31645.109668999998,-5958.856216
2025-02-21,0x3998f134d6aaa2b6a5f723806d00fd2bbbbce891,Greed,Greed,7,-350.632694,184.87857142857143,1294.15,0,5,5,0,0,0.03071512428571429,0.0,,25335.620758999998,31645.109668999998,-6309.48891
2025-03-06,0x3998f134d6aaa2b6a5f723806d00fd2bbbbce891,Fear,Fear,37,600.008922,1400.675945945946,51825.01,26,11,37,0,0,0.13446413513513514,0.7027027027027027,,25935.629681,31645.109668999998,-5709.479987999999
2025-03-10,0x3998f134d6aaa2b6a5f723806d00fd2bbbbce891,Fear,Extreme Fear,26,-8224.491085,1653.866153846154,43000.520000000004,0,26,26,0,0,0.1587703076923077,0.0,,17711.138595999997,31645.109668999998,-13933.971073
2025-03-11,0x3998f134d6aaa2b6a5f723806d00fd2bbbbce891,Fear,Extreme Fear,119,-58444.949486,1948.151092436975,231829.98,0,119,119,0,0,0.18702163025210083,0.0,,-40733.81089,31645.109668999998,-72378.92055899999
2025-04-06,0x3998f134d6aaa2b6a5f723806d00fd2bbbbce891,Fear,Fear,19,0.0,2105.072105263158,39996.37,0,0,0,0,19,0.20208631578947367,,0.0,-40733.81089,31645.109668999998,-72378.92055899999
2025-04-07,0x3998f134d6aaa2b6a5f723806d00fd2bbbbce891,Fear,Extreme Fear,61,9485.86,1811.634426229508,110509.7,21,0,21,0,61,0.17391604918032788,1.0,0.0,-31247.95089,31645.109668999998,-62893.060559
2025-04-09,0x3998f134d6aaa2b6a5f723806d00fd2bbbbce891,Fear,Extreme Fear,30,0.0,1333.3193333333334,39999.58,0,0,0,0,30,0.1279977,,0.0,-31247.95089,31645.109668999998,-62893.060559
2025-04-12,0x3998f134d6aaa2b6a5f723806d00fd2bbbbce891,Fear,Fear,32,2466.604719,1105.835625,35386.74,32,0,32,0,32,0.10615928124999999,1.0,0.0,-28781.346171,31645.109668999998,-60426.455839999995
2025-04-13,0x3998f134d6aaa2b6a5f723806d00fd2bbbbce891,Neutral,Neutral,9,1076.778732,2341.0022222222224,21069.02,9,0,9,0,9,0.33329088888888886,1.0,0.0,-27704.567439,31645.109668999998,-59349.677107999996
2025-04-21,0x3998f134d6aaa2b6a5f723806d00fd2bbbbce891,Fear,Fear,124,-3533.6725370000004,1459.0874193548386,180926.84,116,8,124,0,8,0.15689847580645164,0.9354838709677419,0.0,-31238.239976,31645.109668999998,-62883.349644999995
2025-04-22,0x3998f134d6aaa2b6a5f723806d00fd2bbbbce891,Neutral,Neutral,1,0.0,0.01,0.01,0,0,0,0,0,0.0,,,-31238.239976,31645.109668999998,-62883.349644999995
2025-04-25,0x3998f134d6aaa2b6a5f723806d00fd2bbbbce891,Greed,Greed,73,34.63999,826.7301369863014,60351.3,73,0,73,0,0,0.07936523287671234,1.0,,-31203.599986,31645.109668999998,-62848.709655
2024-11-12,0x39cef799f8b69da1995852eea189df24eb5cae3c,Greed,Extreme Greed,2,0.0,5195.3,10390.6,0,0,0,2,0,1.8183544999999999,,,0.0,0.0,0.0
2024-11-20,0x39cef799f8b69da1995852eea189df24eb5cae3c,Greed,Extreme Greed,2,-808.158708,10882.16,21764.32,0,1,1,2,0,3.8087565000000003,0.0,,-808.158708,0.0,-808.158708
2024-12-01,0x39cef799f8b69da1995852eea189df24eb5cae3c,Greed,Extreme Greed,1,0.0,199.81,199.81,0,0,0,0,1,0.069934,,0.0,-808.158708,0.0,-808.158708
2024-12-03,0x39cef799f8b69da1995852eea189df24eb5cae3c,Greed,Extreme Greed,1,0.0,209.94,209.94,0,0,0,0,1,0.073479,,0.0,-808.158708,0.0,-808.158708
2024-12-05,0x39cef799f8b69da1995852eea189df24eb5cae3c,Greed,Extreme Greed,6,0.0,10238.081666666667,61428.49,0,0,0,3,0,3.292857893333333,,,-808.158708,0.0,-808.158708
2024-12-06,0x39cef799f8b69da1995852eea189df24eb5cae3c,Greed,Greed,20,0.0,1657.5529999999999,33151.06,0,0,0,4,15,0.4303135,,0.26666666666666666,-808.158708,0.0,-808.158708
2024-12-09,0x39cef799f8b69da1995852eea189df24eb5cae3c,Greed,Extreme Greed,8,483.662076,603.1,4824.8,8,0,8,0,8,0.06031,1.0,0.0,-324.49663200000003,0.0,-324.49663200000003
2024-12-10,0x39cef799f8b69da1995852eea189df24eb5cae3c,Greed,Extreme Greed,3,0.0,22522.036666666667,67566.11,0,0,0,2,0,7.6545879999999995,,,-324.49663200000003,0.0,-324.49663200000003
2024-12-11,0x39cef799f8b69da1995852eea189df24eb5cae3c,Greed,Greed,4,3721.345649,40012.55,160050.2,4,0,4,4,0,14.00439225,1.0,,3396.849017,3396.849017,0.0
2024-12-13,0x39cef799f8b69da1995852eea189df24eb5cae3c,Greed,Extreme Greed,26,1116.8006,2954.652692307692,76820.97,13,0,13,20,0,0.21185934038461537,1.0,,4513.649617,4513.649617,0.0
2024-12-14,0x39cef799f8b69da1995852eea189df24eb5cae3c,Greed,Extreme Greed,1,1898.178342,6591.46,6591.46,1,0,1,0,0,0.659146,1.0,,6411.827959,6411.827959,0.0
2024-12-15,0x39cef799f8b69da1995852eea189df24eb5cae3c,Greed,Extreme Greed,28,6623.483154,1993.9885714285715,55831.68,23,0,23,0,0,0.10649260285714286,1.0,,13035.311113,13035.311113,0.0
2024-12-16,0x39cef799f8b69da1995852eea189df24eb5cae3c,Greed,Extreme Greed,14,6942.186825,5866.705,82133.87,9,0,9,0,0,0.30399277714285716,1.0,,19977.497938,19977.497938,0.0
2024-12-18,0x39cef799f8b69da1995852eea189df24eb5cae3c,Greed,Extreme Greed,12,136.054186,679.3075,8151.69,3,0,3,0,0,0.008679898333333333,1.0,,20113.552123999998,20113.552123999998,0.0
2024-12-20,0x39cef799f8b69da1995852eea189df24eb5cae3c,Greed,Greed,4,1676.3027260000001,2837.6875,11350.75,3,0,3,0,3,0.344985,1.0,0.0,21789.85485,21789.85485,0.0
2024-12-24,0x39cef799f8b69da1995852eea189df24eb5cae3c,Greed,Greed,19,14849.788861,17744.187894736842,337139.57,16,0,16,0,0,0.9188034689473684,1.0,,36639.643711,36639.643711,0.0
2025-01-01,0x39cef799f8b69da1995852eea189df24eb5cae3c,Greed,Greed,12,-9655.676981,15270.597499999998,183247.16999999998,5,1,6,0,0,0.8211248200000001,0.8333333333333334,,26983.96673,36639.643711,-9655.676980999997
2025-01-03,0x39cef799f8b69da1995852eea189df24eb5cae3c,Greed,Greed,1,0.0,6217.48,6217.48,0,0,0,0,0,0.02667297,,,26983.96673,36639.643711,-9655.676980999997
2025-01-14,0x39cef799f8b69da1995852eea189df24eb5cae3c,Greed,Greed,3,0.0,800.29,2400.87,0,0,0,0,3,0.28010133333333337,,0.0,26983.96673,36639.643711,-9655.676980999997
2025-01-19,0x39cef799f8b69da1995852eea189df24eb5cae3c,Greed,Extreme Greed,3,-1584.55781,15271.743333333334,45815.23,0,3,3,0,0,1.5271733333333335,0.0,,25399.40892,36639.643711,-11240.234790999995
2025-01-20,0x39cef799f8b69da1995852eea189df24eb5cae3c,Greed,Extreme Greed,4,-401.2638,14949.164999999999,59796.659999999996,0,3,3,4,0,3.3510220000000004,0.0,,24998.14512,36639.643711,-11641.498590999996
2025-01-23,0x39cef799f8b69da1995852eea189df24eb5cae3c,Greed,Extreme Greed,4,0.0,11250.0,45000.0,0,0,0,0,0,0.049999985000000004,,,24998.14512,36639.643711,-11641.498590999996
2025-02-23,0x39cef799f8b69da1995852eea189df24eb5cae3c,Neutral,Neutral,6,2.9205,2401.1383333333333,14406.83,1,0,1,6,0,0.24011333333333332,1.0,,25001.06562,36639.643711,-11638.578090999996
2025-03-04,0x39cef799f8b69da1995852eea189df24eb5cae3c,Fear,Extreme Fear,63,863.956464,3213.5458730158734,202453.39,30,0,30,56,0,0.294042783015873,1.0,,25865.022084,36639.643711,-10774.621626999997
2025-03-05,0x39cef799f8b69da1995852eea189df24eb5cae3c,Fear,Extreme Fear,43,8187.59426,3514.7537209302327,151134.41,24,0,24,24,0,0.2509006588372093,1.0,,34052.616344,36639.643711,-2587.027366999995
2025-03-10,0x39cef799f8b69da1995852eea189df24eb5cae3c,Fear,Extreme Fear,2,-37230.786609,48134.545,96269.09,0,2,2,0,0,4.8134545,0.0,,-3178.1702650000007,36639.643711,-39817.813976
2025-03-12,0x39cef799f8b69da1995852eea189df24eb5cae3c,Fear,Fear,39,0.0,2549.7482051282054,99440.18000000001,0,0,0,0,39,0.25497453846153845,,0.0,-3178.1702650000007,36639.643711,-39817.813976
2025-03-17,0x39cef799f8b69da1995852eea189df24eb5cae3c,Fear,Fear,205,17926.355742,1908.0640975609756,391153.14,107,0,107,0,205,0.1908059756097561,1.0,0.0,14748.185476999999,36639.643711,-21891.458233999998
2025-03-18,0x39cef799f8b69da1995852eea189df24eb5cae3c,Fear,Fear,283,238.31419899999997,2061.155088339223,583306.89,51,0,51,0,283,0.206114925795053,1.0,0.0,14986.499676,36639.643711,-21653.144034999998
2025-03-19,0x39cef799f8b69da1995852eea189df24eb5cae3c,Fear,Fear,119,909.907336,2421.7106722689077,288183.57,2,0,2,0,119,0.2421706050420168,1.0,0.0,15896.407012,36639.643711,-20743.236698999997
2025-03-20,0x39cef799f8b69da1995852eea189df24eb5cae3c,Neutral,Neutral,82,0.0,607.7802439024391,49837.98,0,0,0,0,82,0.0607774756097561,,0.0,15896.407012,36639.643711,-20743.236698999997
2025-03-21,0x39cef799f8b69da1995852eea189df24eb5cae3c,Fear,Fear,3,0.0,10058.62,30175.86,0,0,0,3,0,1.0058616666666667,,,15896.407012,36639.643711,-20743.236698999997
2025-03-23,0x39cef799f8b69da1995852eea189df24eb5cae3c,Fear,Fear,93,4988.749429,4121.473548387096,383297.04,52,0,52,0,93,0.4121468602150538,1.0,0.0,20885.156441,36639.643711,-15754.487269999998
2025-03-24,0x39cef799f8b69da1995852eea189df24eb5cae3c,Neutral,Neutral,20,3896.627832,1703.6174999999998,34072.35,20,0,20,20,0,0.17036115000000002,1.0,,24781.784272999997,36639.643711,-11857.859438
2025-03-25,0x39cef799f8b69da1995852eea189df24eb5cae3c,Neutral,Neutral,1,0.0,100176.1,100176.1,0,0,0,0,1,10.01761,,0.0,24781.784272999997,36639.643711,-11857.859438
2025-03-26,0x39cef799f8b69da1995852eea189df24eb5cae3c,Neutral,Neutral,28,3782.33025,2294.2153571428576,64238.030000000006,28,0,28,0,28,0.2294210357142857,1.0,0.0,28564.114523,36639.643711,-8075.529187999997
2025-03-27,0x39cef799f8b69da1995852eea189df24eb5cae3c,Fear,Fear,178,6504.316844999999,1543.4331460674157,274731.1,30,0,30,0,178,0.15434281460674157,1.0,0.0,35068.431368,36639.643711,-1571.2123429999992
2025-04-03,0x39cef799f8b69da1995852eea189df24eb5cae3c,Fear,Fear,142,0.0,4742.898943661972,673491.65,0,0,0,0,142,0.4742895774647887,,0.0,35068.431368,36639.643711,-1571.2123429999992
2025-04-04,0x39cef799f8b69da1995852eea189df24eb5cae3c,Fear,Fear,34,266.39774,19800.740588235294,673225.18,34,0,34,0,34,1.9800734705882352,1.0,0.0,35334.829108,36639.643711,-1304.814602999999
2025-04-06,0x39cef799f8b69da1995852eea189df24eb5cae3c,Fear,Fear,68,24553.541149999997,2824.8166176470586,192087.53,21,0,21,0,68,0.2824810882352941,1.0,0.0,59888.370257999995,59888.370257999995,0.0
2025-04-07,0x39cef799f8b69da1995852eea189df24eb5cae3c,Fear,Extreme Fear,929,25941.716413,3895.6048546824545,3619016.91,294,167,461,200,730,0.3895600452099031,0.6377440347071583,0.273972602739726,85830.086671,85830.086671,0.0
2025-04-08,0x39cef799f8b69da1995852eea189df24eb5cae3c,Fear,Extreme Fear,14,3366.444714,10183.131428571429,142563.84,14,0,14,0,14,0.5091560714285714,1.0,0.0,89196.531385,89196.531385,0.0
2025-04-09,0x39cef799f8b69da1995852eea189df24eb5cae3c,Fear,Extreme Fear,617,-77308.420095,4099.378930307941,2529316.8,142,384,526,61,556,0.35493096434359805,0.26996197718631176,0.10971223021582734,11888.11129,89196.531385,-77308.420095
2025-04-10,0x39cef799f8b69da1995852eea189df24eb5cae3c,Fear,Fear,306,-831.2396219999999,5795.6883333333335,1773480.6300000001,176,30,206,85,221,0.2897845751633987,0.8543689320388349,0.38461538461538464,11056.871668000002,89196.531385,-78139.65971699999
2025-04-13,0x39cef799f8b69da1995852eea189df24eb5cae3c,Neutral,Neutral,135,3271.3693780000003,20019.11111111111,2702580.0,64,0,64,135,0,1.000955037037037,1.0,,14328.241046000001,89196.531385,-74868.290339
2025-04-14,0x39cef799f8b69da1995852eea189df24eb5cae3c,Fear,Fear,1,128.67829,844654.19,844654.19,1,0,1,1,0,42.232709,1.0,,14456.919336,89196.531385,-74739.61204899999
2024-10-03,0x3f9a0aadc7f04a7c9d75dc1b5a6ddd6e36486cf6,Fear,Fear,5,100.375782,2585.338,12926.69,3,0,3,5,0,0.9048680000000001,1.0,,100.375782,100.375782,0.0
2024-11-03,0x3f9a0aadc7f04a7c9d75dc1b5a6ddd6e36486cf6,Greed,Greed,2,0.0,9530.66,19061.32,0,0,0,2,0,0.953065,,,100.375782,100.375782,0.0
2024-11-04,0x3f9a0aadc7f04a7c9d75dc1b5a6ddd6e36486cf6,Greed,Greed,10,540.05911,1960.1330000000003,19601.33,10,0,10,10,0,0.6860463,1.0,,640.434892,640.434892,0.0
2024-11-07,0x3f9a0aadc7f04a7c9d75dc1b5a6ddd6e36486cf6,Greed,Extreme Greed,16,503.46257599999996,1929.28125,30868.5,11,0,11,16,0,0.192927625,1.0,,1143.897468,1143.897468,0.0
2024-11-10,0x3f9a0aadc7f04a7c9d75dc1b5a6ddd6e36486cf6,Greed,Extreme Greed,1,0.0,9836.88,9836.88,0,0,0,1,0,0.983688,,,1143.897468,1143.897468,0.0
2024-11-11,0x3f9a0aadc7f04a7c9d75dc1b5a6ddd6e36486cf6,Greed,Extreme Greed,4,393.07947,2557.49,10229.96,4,0,4,4,0,0.89512125,1.0,,1536.976938,1536.976938,0.0
2024-11-12,0x3f9a0aadc7f04a7c9d75dc1b5a6ddd6e36486cf6,Greed,Extreme Greed,4,0.0,1319.1399999999999,5276.5599999999995,0,0,0,4,0,0.1319135,,,1536.976938,1536.976938,0.0
2024-11-13,0x3f9a0aadc7f04a7c9d75dc1b5a6ddd6e36486cf6,Greed,Extreme Greed,8,135.09947,1860.1075,14880.86,7,0,7,8,0,0.503080625,1.0,,1672.076408,1672.076408,0.0
2024-11-15,0x3f9a0aadc7f04a7c9d75dc1b5a6ddd6e36486cf6,Greed,Extreme Greed,35,0.0,930.75,32576.25,0,0,0,35,0,0.09307462857142856,,,1672.076408,1672.076408,0.0
2024-11-19,0x3f9a0aadc7f04a7c9d75dc1b5a6ddd6e36486cf6,Greed,Extreme Greed,5,245.44495999999998,6564.348,32821.74,5,0,5,5,0,2.297521,1.0,,1917.521368,1917.521368,0.0
2024-11-22,0x3f9a0aadc7f04a7c9d75dc1b5a6ddd6e36486cf6,Greed,Extreme Greed,22,1050.894,2990.737727272727,65796.23,7,0,7,22,0,0.5360086363636364,1.0,,2968.415368,2968.415368,0.0
2024-11-23,0x3f9a0aadc7f04a7c9d75dc1b5a6ddd6e36486cf6,Greed,Extreme Greed,7,788.45072,3091.247142857143,21638.73,7,0,7,7,0,0.45580057142857144,1.0,,3756.8660879999998,3756.8660879999998,0.0
2024-11-26,0x3f9a0aadc7f04a7c9d75dc1b5a6ddd6e36486cf6,Greed,Extreme Greed,36,0.0,1012.4008333333334,36446.43,0,0,0,36,0,0.10123955555555555,,,3756.8660879999998,3756.8660879999998,0.0
2024-11-28,0x3f9a0aadc7f04a7c9d75dc1b5a6ddd6e36486cf6,Greed,Extreme Greed,25,3855.7522,1612.0868,40302.17,25,0,25,25,0,0.5642298,1.0,,7612.618288,7612.618288,0.0
2024-11-29,0x3f9a0aadc7f04a7c9d75dc1b5a6ddd6e36486cf6,Greed,Extreme Greed,10,0.0,13325.11,133251.1,0,0,0,0,0,3.8023592059999998,,,7612.618288,7612.618288,0.0
2024-12-02,0x3f9a0aadc7f04a7c9d75dc1b5a6ddd6e36486cf6,Greed,Extreme Greed,1,0.0,46692.72,46692.72,0,0,0,0,0,0.583659,,,7612.618288,7612.618288,0.0
2024-12-26,0x3f9a0aadc7f04a7c9d75dc1b5a6ddd6e36486cf6,Greed,Extreme Greed,32,29897.971695000004,2297.953125,73534.5,10,0,10,0,0,0.12341790687500001,1.0,,37510.589983000005,37510.589983000005,0.0
2024-12-28,0x3f9a0aadc7f04a7c9d75dc1b5a6ddd6e36486cf6,Greed,Greed,10,0.0,6154.678,61546.78,0,0,0,0,0,0.023781576,,,37510.589983,37510.589983000005,-7.275957614183426e-12
2025-01-12,0x3f9a0aadc7f04a7c9d75dc1b5a6ddd6e36486cf6,Greed,Greed,3,3699.757273,7958.366666666666,23875.1,3,0,3,0,0,2.785427333333333,1.0,,41210.347256,41210.347256,0.0
2025-01-13,0x3f9a0aadc7f04a7c9d75dc1b5a6ddd6e36486cf6,Greed,Greed,1,0.0,0.22,0.22,0,0,0,0,0,0.0,,,41210.347256,41210.347256,0.0
2025-02-14,0x3f9a0aadc7f04a7c9d75dc1b5a6ddd6e36486cf6,Neutral,Neutral,1,8019.163096,63734.69,63734.69,1,0,1,0,0,6.373468,1.0,,49229.510352000005,49229.510352000005,0.0
2025-04-04,0x3f9a0aadc7f04a7c9d75dc1b5a6ddd6e36486cf6,Fear,Fear,1,0.0,63727.4,63727.4,0,0,0,0,0,7.678e-05,,,49229.510352000005,49229.510352000005,0.0
2025-04-05,0x3f9a0aadc7f04a7c9d75dc1b5a6ddd6e36486cf6,Fear,Fear,19,562.1943200000001,3383.65,64289.35,19,0,19,0,0,1.1842764736842104,1.0,,49791.704672,49791.704672,0.0
2025-04-06,0x3f9a0aadc7f04a7c9d75dc1b5a6ddd6e36486cf6,Fear,Fear,21,0.0,3060.3452380952376,64267.24999999999,0,0,0,0,0,3.738809523809524e-06,,,49791.704672,49791.704672,0.0
2025-04-09,0x3f9a0aadc7f04a7c9d75dc1b5a6ddd6e36486cf6,Fear,Extreme Fear,19,110.553364,3388.287368421053,64377.46000000001,19,0,19,0,0,0.3388278947368421,1.0,,49902.258036,49902.258036,0.0
2025-04-10,0x3f9a0aadc7f04a7c9d75dc1b5a6ddd6e36486cf6,Fear,Fear,6,0.0,10728.526666666667,64371.16,0,0,0,0,0,1.3630333333333332e-05,,,49902.258036,49902.258036,0.0
2025-04-12,0x3f9a0aadc7f04a7c9d75dc1b5a6ddd6e36486cf6,Fear,Fear,27,3593.989207,2517.1996296296297,67964.39,27,0,27,0,0,0.6236347777777779,1.0,,53496.247243000005,53496.247243000005,0.0
2025-04-13,0x3f9a0aadc7f04a7c9d75dc1b5a6ddd6e36486cf6,Neutral,Neutral,1,0.0,0.69,0.69,0,0,0,0,0,0.0,,,53496.247243000005,53496.247243000005,0.0
2024-12-06,0x420ab45e0bd8863569a5efbb9c05d91f40624641,Greed,Greed,45,0.0,10673.925777777777,480326.66,0,0,0,0,45,1.6947691777777778,,0.0,0.0,0.0,0.0
2024-12-12,0x420ab45e0bd8863569a5efbb9c05d91f40624641,Greed,Extreme Greed,10,1762.46,6750.81,67508.1,10,0,10,0,10,1.7102716,1.0,0.0,1762.46,1762.46,0.0
2024-12-17,0x420ab45e0bd8863569a5efbb9c05d91f40624641,Greed,Extreme Greed,20,27.63736,3976.0629999999996,79521.26,11,0,11,12,7,0.7079503500000001,1.0,1.7142857142857142,1790.09736,1790.09736,0.0
2024-12-18,0x420ab45e0bd8863569a5efbb9c05d91f40624641,Greed,Extreme Greed,44,0.0,3081.5213636363637,135586.94,0,0,0,0,44,0.3083798181818182,,0.0,1790.09736,1790.09736,0.0
2024-12-19,0x420ab45e0bd8863569a5efbb9c05d91f40624641,Greed,Extreme Greed,4,2229.5212300000003,4987.015,19948.06,4,0,4,0,4,1.67563675,1.0,0.0,4019.61859,4019.61859,0.0
2024-12-23,0x420ab45e0bd8863569a5efbb9c05d91f40624641,Greed,Greed,2,12082.95,13593.75,27187.5,2,0,2,0,2,1.304999,1.0,0.0,16102.56859,16102.56859,0.0
2024-12-24,0x420ab45e0bd8863569a5efbb9c05d91f40624641,Greed,Greed,7,0.0,4312.501428571429,30187.510000000002,0,0,0,0,7,0.4139991428571429,,0.0,16102.56859,16102.56859,0.0
2025-01-08,0x420ab45e0bd8863569a5efbb9c05d91f40624641,Greed,Greed,12,0.0,2966.789166666667,35601.47,0,0,0,0,12,0.6013404166666666,,0.0,16102.56859,16102.56859,0.0
2025-01-15,0x420ab45e0bd8863569a5efbb9c05d91f40624641,Greed,Greed,2,0.0,48455.0,96910.0,0,0,0,0,2,4.651679000000001,,0.0,16102.56859,16102.56859,0.0
2025-01-16,0x420ab45e0bd8863569a5efbb9c05d91f40624641,Greed,Extreme Greed,30,0.0,1508.392,45251.76,0,0,0,0,30,0.17680410000000002,,0.0,16102.56859,16102.56859,0.0
2025-02-08,0x420ab45e0bd8863569a5efbb9c05d91f40624641,Fear,Fear,5,0.0,10322.714,51613.57,0,0,0,0,5,0.9909801999999999,,0.0,16102.56859,16102.56859,0.0
2025-02-14,0x420ab45e0bd8863569a5efbb9c05d91f40624641,Neutral,Neutral,12,0.0,2078.9283333333333,24947.14,0,0,0,0,12,0.44943916666666667,,0.0,16102.56859,16102.56859,0.0
2025-03-08,0x420ab45e0bd8863569a5efbb9c05d91f40624641,Fear,Fear,11,11894.061848,5318.463636363636,58503.1,11,0,11,0,11,1.2700214545454545,1.0,0.0,27996.630438,27996.630438,0.0
2025-03-11,0x420ab45e0bd8863569a5efbb9c05d91f40624641,Fear,Extreme Fear,61,9461.082288,2446.7424590163937,149251.29,3,0,3,0,61,0.4315771803278688,1.0,0.0,37457.712726,37457.712726,0.0
2025-03-14,0x420ab45e0bd8863569a5efbb9c05d91f40624641,Fear,Fear,8,16017.255710000001,1201.78,9614.24,8,0,8,0,8,0.3028175,1.0,0.0,53474.968436,53474.968436,0.0
2025-03-15,0x420ab45e0bd8863569a5efbb9c05d91f40624641,Neutral,Neutral,25,74293.663505,3134.3723999999997,78359.31,25,0,25,0,25,0.5483033599999999,1.0,0.0,127768.631941,127768.631941,0.0
2025-03-18,0x420ab45e0bd8863569a5efbb9c05d91f40624641,Fear,Fear,5,63015.976505,22996.97,114984.85,5,0,5,2,4,2.2077086,1.0,0.5,190784.608446,190784.608446,0.0
2025-03-19,0x420ab45e0bd8863569a5efbb9c05d91f40624641,Fear,Fear,58,0.0,5839.154827586207,338670.98,0,0,0,0,37,0.28028149963793103,,0.0,190784.608446,190784.608446,0.0
2025-03-25,0x420ab45e0bd8863569a5efbb9c05d91f40624641,Neutral,Neutral,11,0.0,9047.907272727272,99526.98,0,0,0,0,11,0.8685981818181818,,0.0,190784.608446,190784.608446,0.0
2025-04-10,0x420ab45e0bd8863569a5efbb9c05d91f40624641,Fear,Fear,11,8720.984286,4002.4445454545453,44026.89,11,0,11,0,11,0.8376133636363636,1.0,0.0,199505.592732,199505.592732,0.0
2024-04-20,0x430f09841d65beb3f27765503d0f850b8bce7713,Greed,Greed,20,0.0,2436.6825,48733.65,0,0,0,0,0,5.8544595,,,0.0,0.0,0.0
2024-04-25,0x430f09841d65beb3f27765503d0f850b8bce7713,Greed,Greed,68,0.0,753.8510294117647,51261.869999999995,0,0,0,0,0,2.0002473529411766,,,0.0,0.0,0.0
2024-06-19,0x430f09841d65beb3f27765503d0f850b8bce7713,Greed,Greed,3,0.0,7722.796666666666,23168.39,0,0,0,3,0,2.4119296666666665,,,0.0,0.0,0.0
2024-06-20,0x430f09841d65beb3f27765503d0f850b8bce7713,Greed,Greed,8,57478.456026,21188.46875,169507.75,8,0,8,0,0,0.0,1.0,,57478.456026,57478.456026,0.0
2024-07-23,0x430f09841d65beb3f27765503d0f850b8bce7713,Greed,Greed,229,88084.992348,1072.2595633187773,245547.44,229,0,229,229,0,0.10722560262008735,1.0,,145563.448374,145563.448374,0.0
2024-07-24,0x430f09841d65beb3f27765503d0f850b8bce7713,Greed,Greed,2,0.0,0.335,0.67,0,0,0,0,0,0.0,,,145563.448374,145563.448374,0.0
2024-07-25,0x430f09841d65beb3f27765503d0f850b8bce7713,Greed,Greed,1,0.0,0.94,0.94,0,0,0,0,0,0.0,,,145563.448374,145563.448374,0.0
2024-08-09,0x430f09841d65beb3f27765503d0f850b8bce7713,Neutral,Neutral,1,0.0,0.12,0.12,0,0,0,0,0,0.0,,,145563.448374,145563.448374,0.0
2024-08-10,0x430f09841d65beb3f27765503d0f850b8bce7713,Fear,Fear,1,0.0,0.68,0.68,0,0,0,0,0,0.0,,,145563.448374,145563.448374,0.0
2024-08-12,0x430f09841d65beb3f27765503d0f850b8bce7713,Fear,Fear,1,0.0,0.61,0.61,0,0,0,0,0,0.0,,,145563.448374,145563.448374,0.0
2024-08-13,0x430f09841d65beb3f27765503d0f850b8bce7713,Fear,Fear,1,0.0,0.67,0.67,0,0,0,0,0,0.0,,,145563.448374,145563.448374,0.0
2024-08-14,0x430f09841d65beb3f27765503d0f850b8bce7713,Fear,Fear,1,0.0,0.53,0.53,0,0,0,0,0,0.0,,,145563.448374,145563.448374,0.0
2024-08-30,0x430f09841d65beb3f27765503d0f850b8bce7713,Fear,Fear,1,0.0,0.62,0.62,0,0,0,0,0,0.0,,,145563.448374,145563.448374,0.0
2024-08-31,0x430f09841d65beb3f27765503d0f850b8bce7713,Fear,Fear,1,0.0,0.96,0.96,0,0,0,0,0,0.0,,,145563.448374,145563.448374,0.0
2024-09-11,0x430f09841d65beb3f27765503d0f850b8bce7713,Fear,Fear,1,0.0,0.54,0.54,0,0,0,0,0,0.0,,,145563.448374,145563.448374,0.0
2024-09-14,0x430f09841d65beb3f27765503d0f850b8bce7713,Neutral,Neutral,1,0.0,0.65,0.65,0,0,0,0,0,0.0,,,145563.448374,145563.448374,0.0
2024-09-21,0x430f09841d65beb3f27765503d0f850b8bce7713,Neutral,Neutral,23,36165.56933,7202.092173913044,165648.12,23,0,23,23,0,2.5207322173913043,1.0,,181729.017704,181729.017704,0.0
2024-10-05,0x430f09841d65beb3f27765503d0f850b8bce7713,Neutral,Neutral,1,0.0,0.61,0.61,0,0,0,0,0,0.0,,,181729.017704,181729.017704,0.0
2024-10-11,0x430f09841d65beb3f27765503d0f850b8bce7713,Fear,Fear,1,0.0,0.73,0.73,0,0,0,0,0,0.0,,,181729.017704,181729.017704,0.0
2024-11-29,0x430f09841d65beb3f27765503d0f850b8bce7713,Greed,Extreme Greed,15,124284.948775,8285.689333333334,124285.34,15,0,15,0,0,2.8999908666666667,1.0,,306013.966479,306013.966479,0.0
2025-02-07,0x430f09841d65beb3f27765503d0f850b8bce7713,Fear,Fear,93,5615.052102,4485.160645161291,417119.94,24,0,24,93,0,0.5143929784946236,1.0,,311629.018581,311629.018581,0.0
2025-02-12,0x430f09841d65beb3f27765503d0f850b8bce7713,Neutral,Neutral,108,22795.8104,4261.555092592593,460247.95,45,0,45,108,0,1.433038074074074,1.0,,334424.828981,334424.828981,0.0
2025-02-21,0x430f09841d65beb3f27765503d0f850b8bce7713,Greed,Greed,255,82117.04336,1500.5277647058824,382634.58,255,0,255,255,0,0.15055630196078432,1.0,,416541.872341,416541.872341,0.0
2025-04-09,0x430f09841d65beb3f27765503d0f850b8bce7713,Fear,Extreme Fear,79,0.0,5570.2651898734175,440050.95,0,0,0,79,0,0.5570259873417721,,,416541.872341,416541.872341,0.0
2025-04-16,0x430f09841d65beb3f27765503d0f850b8bce7713,Fear,Fear,78,0.0,1231.3267948717948,96043.49,0,0,0,0,78,0.12313232051282053,,0.0,416541.872341,416541.872341,0.0
2025-04-18,0x430f09841d65beb3f27765503d0f850b8bce7713,Fear,Fear,58,0.0,1514.5613793103448,87844.56,0,0,0,0,58,0.1514555,,0.0,416541.872341,416541.872341,0.0
2025-04-26,0x430f09841d65beb3f27765503d0f850b8bce7713,Greed,Greed,132,0.0,838.0906060606061,110627.96,0,0,0,0,132,0.08380863636363636,,0.0,416541.872341,416541.872341,0.0
2025-04-29,0x430f09841d65beb3f27765503d0f850b8bce7713,Greed,Greed,54,0.0,2655.1648148148147,143378.9,0,0,0,0,54,0.8551614074074074,,0.0,416541.872341,416541.872341,0.0
2024-11-30,0x47add9a56df66b524d5e2c1993a43cde53b6ed85,Greed,Extreme Greed,8,8.570313,249.58375,1996.67,1,0,1,0,0,0.01362494125,1.0,,8.570313,8.570313,0.0
2024-12-01,0x47add9a56df66b524d5e2c1993a43cde53b6ed85,Greed,Extreme Greed,4,197.422418,358.71500000000003,1434.8600000000001,2,0,2,0,0,0.06644673499999999,1.0,,205.992731,205.992731,0.0
2024-12-03,0x47add9a56df66b524d5e2c1993a43cde53b6ed85,Greed,Extreme Greed,42,30.727222,330.0188095238095,13860.79,1,0,1,7,15,0.05318245309523809,1.0,0.4666666666666667,236.719953,236.719953,0.0
2024-12-04,0x47add9a56df66b524d5e2c1993a43cde53b6ed85,Greed,Extreme Greed,102,910.584797,795.8152941176471,81173.16,14,14,28,2,89,0.21027720725490195,0.5,0.02247191011235955,1147.30475,1147.30475,0.0
2024-12-05,0x47add9a56df66b524d5e2c1993a43cde53b6ed85,Greed,Extreme Greed,290,3174.023699,587.6594137931035,170421.23,106,12,118,6,255,0.16752472424137932,0.8983050847457628,0.023529411764705882,4321.328449,4321.328449,0.0
2024-12-06,0x47add9a56df66b524d5e2c1993a43cde53b6ed85,Greed,Greed,108,514.886454,1009.2267592592593,108996.49,32,6,38,0,85,0.20685998814814813,0.8421052631578947,0.0,4836.214903,4836.214903,0.0
2024-12-07,0x47add9a56df66b524d5e2c1993a43cde53b6ed85,Greed,Extreme Greed,180,1040.616939,580.1653888888889,104429.77,63,11,74,0,171,0.17092043472222224,0.8513513513513513,0.0,5876.831842,5876.831842,0.0
2024-12-08,0x47add9a56df66b524d5e2c1993a43cde53b6ed85,Greed,Extreme Greed,69,227.072158,423.3769565217391,29213.01,25,2,27,0,59,0.11699695144927537,0.9259259259259259,0.0,6103.904,6103.904,0.0
2024-12-09,0x47add9a56df66b524d5e2c1993a43cde53b6ed85,Greed,Extreme Greed,55,311.290605,399.53854545454544,21974.62,19,3,22,0,45,0.09571828509090909,0.8636363636363636,0.0,6415.194605,6415.194605,0.0
2024-12-10,0x47add9a56df66b524d5e2c1993a43cde53b6ed85,Greed,Extreme Greed,182,1474.670598,512.06510989011,93195.85,67,9,76,24,109,0.12371525840659342,0.881578947368421,0.22018348623853212,7889.865203,7889.865203,0.0
2024-12-11,0x47add9a56df66b524d5e2c1993a43cde53b6ed85,Greed,Greed,325,1157.689489,307.6034769230769,99971.13,109,1,110,57,266,0.0815869043076923,0.990909090909091,0.21428571428571427,9047.554692,9047.554692,0.0
2024-12-12,0x47add9a56df66b524d5e2c1993a43cde53b6ed85,Greed,Extreme Greed,159,574.398074,458.38842767295597,72883.76,46,15,61,27,114,0.13880700943396226,0.7540983606557377,0.23684210526315788,9621.952766,9621.952766,0.0
2024-12-13,0x47add9a56df66b524d5e2c1993a43cde53b6ed85,Greed,Extreme Greed,148,587.630504,573.9341216216217,84942.25,52,7,59,51,91,0.17333285864864864,0.8813559322033898,0.5604395604395604,10209.58327,10209.58327,0.0
2024-12-14,0x47add9a56df66b524d5e2c1993a43cde53b6ed85,Greed,Extreme Greed,62,1178.021061,488.356935483871,30278.13,28,4,32,25,28,0.1410126051612903,0.875,0.8928571428571429,11387.604331,11387.604331,0.0
2024-12-15,0x47add9a56df66b524d5e2c1993a43cde53b6ed85,Greed,Extreme Greed,181,10303.889423,622.4760773480663,112668.17,73,0,73,24,30,0.12847159679558012,1.0,0.8,21691.493754000003,21691.493754000003,0.0
2024-12-16,0x47add9a56df66b524d5e2c1993a43cde53b6ed85,Greed,Extreme Greed,92,333.398209,574.7419565217391,52876.26,27,5,32,2,74,0.17425608771739132,0.84375,0.02702702702702703,22024.891963000002,22024.891963000002,0.0
2024-12-17,0x47add9a56df66b524d5e2c1993a43cde53b6ed85,Greed,Extreme Greed,396,21172.081622,327.79242424242426,129805.8,116,25,141,2,231,0.5049044916414142,0.8226950354609929,0.008658008658008658,43196.973585,43196.973585,0.0
2024-12-18,0x47add9a56df66b524d5e2c1993a43cde53b6ed85,Greed,Extreme Greed,226,3311.822419,380.76508849557524,86052.91,47,36,83,3,100,0.08362634898230088,0.5662650602409639,0.03,46508.796004,46508.796004,0.0
2024-12-19,0x47add9a56df66b524d5e2c1993a43cde53b6ed85,Greed,Extreme Greed,135,3491.018544,427.7865185185185,57751.18,63,1,64,20,53,0.10352774814814815,0.984375,0.37735849056603776,49999.814548,49999.814548,0.0
2024-12-20,0x47add9a56df66b524d5e2c1993a43cde53b6ed85,Greed,Greed,128,6049.6938279999995,718.267421875,91938.23,54,2,56,14,48,0.1496910796875,0.9642857142857143,0.2916666666666667,56049.508376000005,56049.508376000005,0.0
2024-12-21,0x47add9a56df66b524d5e2c1993a43cde53b6ed85,Greed,Greed,229,7454.276452,475.0544978165939,108787.48,86,9,95,10,132,0.11567644091703057,0.9052631578947369,0.07575757575757576,63503.784828,63503.784828,0.0
2024-12-22,0x47add9a56df66b524d5e2c1993a43cde53b6ed85,Greed,Greed,102,1063.854341,441.9328431372549,45077.15,30,15,45,0,93,0.11274093294117646,0.6666666666666666,0.0,64567.639169,64567.639169,0.0
2024-12-23,0x47add9a56df66b524d5e2c1993a43cde53b6ed85,Greed,Greed,486,4704.4420789999995,478.66473251028805,232631.06,193,37,230,25,320,0.10085250734567901,0.8391304347826087,0.078125,69272.081248,69272.081248,0.0
2024-12-24,0x47add9a56df66b524d5e2c1993a43cde53b6ed85,Greed,Greed,121,1506.989241,393.04826446280987,47558.84,51,11,62,8,89,0.09755143371900826,0.8225806451612904,0.0898876404494382,70779.070489,70779.070489,0.0
2024-12-25,0x47add9a56df66b524d5e2c1993a43cde53b6ed85,Greed,Greed,99,271.246809,434.2566666666667,42991.41,30,10,40,6,83,0.12346487898989898,0.75,0.07228915662650602,71050.31729800001,71050.31729800001,0.0
2024-12-26,0x47add9a56df66b524d5e2c1993a43cde53b6ed85,Greed,Extreme Greed,160,9136.439892,875.6657499999999,140106.52,56,6,62,0,104,0.1486030474375,0.9032258064516129,0.0,80186.75719,80186.75719,0.0
2024-12-27,0x47add9a56df66b524d5e2c1993a43cde53b6ed85,Greed,Greed,115,1473.2450880000001,439.5926086956522,50553.15,70,6,76,0,103,0.07313591495652173,0.9210526315789473,0.0,81660.002278,81660.002278,0.0
2024-12-28,0x47add9a56df66b524d5e2c1993a43cde53b6ed85,Greed,Greed,43,74.156745,286.27116279069764,12309.66,10,0,10,0,43,0.07107353488372094,1.0,0.0,81734.159023,81734.159023,0.0
2024-12-29,0x47add9a56df66b524d5e2c1993a43cde53b6ed85,Greed,Greed,92,1609.679253,473.0703260869565,43522.47,39,0,39,4,75,0.10525978467391303,1.0,0.05333333333333334,83343.83827600001,83343.83827600001,0.0
2024-12-30,0x47add9a56df66b524d5e2c1993a43cde53b6ed85,Greed,Greed,59,240.749155,530.9594915254237,31326.61,30,1,31,9,48,0.12470539288135593,0.967741935483871,0.1875,83584.587431,83584.587431,0.0
2024-12-31,0x47add9a56df66b524d5e2c1993a43cde53b6ed85,Greed,Greed,99,97.688169,541.9542424242425,53653.47,7,7,14,15,67,0.1094433612121212,0.5,0.22388059701492538,83682.27560000001,83682.27560000001,0.0
2025-01-01,0x47add9a56df66b524d5e2c1993a43cde53b6ed85,Greed,Greed,16,17.784696,632.90125,10126.42,3,0,3,2,10,0.15221708312499999,1.0,0.2,83700.06029600001,83700.06029600001,0.0
2025-01-02,0x47add9a56df66b524d5e2c1993a43cde53b6ed85,Greed,Greed,90,677.276764,548.5241111111111,49367.17,43,2,45,3,67,0.13693809299999998,0.9555555555555556,0.04477611940298507,84377.33706,84377.33706,0.0
2025-01-03,0x47add9a56df66b524d5e2c1993a43cde53b6ed85,Greed,Greed,102,846.655814,321.5754901960784,32800.7,24,22,46,2,93,0.0810479624509804,0.5217391304347826,0.021505376344086023,85223.992874,85223.992874,0.0
2025-01-04,0x47add9a56df66b524d5e2c1993a43cde53b6ed85,Greed,Greed,57,73.451675,628.7080701754386,35836.36,15,2,17,1,50,0.19505798315789472,0.8823529411764706,0.02,85297.444549,85297.444549,0.0
2025-01-05,0x47add9a56df66b524d5e2c1993a43cde53b6ed85,Greed,Greed,38,8.594753,439.9673684210526,16718.76,4,1,5,1,34,0.09573278947368422,0.8,0.029411764705882353,85306.039302,85306.039302,0.0
2025-01-06,0x47add9a56df66b524d5e2c1993a43cde53b6ed85,Greed,Extreme Greed,84,559.643925,414.94607142857143,34855.47,17,12,29,5,68,0.1001388244047619,0.5862068965517241,0.07352941176470588,85865.683227,85865.683227,0.0
2025-01-07,0x47add9a56df66b524d5e2c1993a43cde53b6ed85,Greed,Extreme Greed,40,289.257865,1311.98475,52479.39,31,3,34,3,32,0.38640913375,0.9117647058823529,0.09375,86154.94109200001,86154.94109200001,0.0
2025-01-08,0x47add9a56df66b524d5e2c1993a43cde53b6ed85,Greed,Greed,187,1377.989592,524.9171122994652,98159.5,59,25,84,44,90,0.11380903951871658,0.7023809523809523,0.4888888888888889,87532.930684,87532.930684,0.0
2025-01-09,0x47add9a56df66b524d5e2c1993a43cde53b6ed85,Greed,Greed,95,279.587921,498.5522105263158,47362.46,18,8,26,27,46,0.09374096452631579,0.6923076923076923,0.5869565217391305,87812.518605,87812.518605,0.0
2025-01-10,0x47add9a56df66b524d5e2c1993a43cde53b6ed85,Neutral,Neutral,97,-271.259943,586.3769072164948,56878.56,26,17,43,13,71,0.13102370257731957,0.6046511627906976,0.18309859154929578,87541.25866200001,87812.518605,-271.2599429999973
2025-01-11,0x47add9a56df66b524d5e2c1993a43cde53b6ed85,Greed,Greed,39,71.39075800000003,484.43128205128204,18892.82,7,13,20,6,30,0.11665513923076923,0.35,0.2,87612.64942,87812.518605,-199.8691850000032
2025-01-12,0x47add9a56df66b524d5e2c1993a43cde53b6ed85,Greed,Greed,44,103.67729899999999,282.01,12408.44,6,2,8,6,38,0.07485761363636363,0.75,0.15789473684210525,87716.326719,87812.518605,-96.19188600000052
2025-01-13,0x47add9a56df66b524d5e2c1993a43cde53b6ed85,Greed,Greed,67,218.429393,540.2710447761193,36198.159999999996,8,7,15,8,40,0.0936287519402985,0.5333333333333333,0.2,87934.756112,87934.756112,0.0
2025-01-14,0x47add9a56df66b524d5e2c1993a43cde53b6ed85,Greed,Greed,79,992.803005,484.3945569620253,38267.17,25,2,27,12,67,0.12964831645569622,0.9259259259259259,0.1791044776119403,88927.559117,88927.559117,0.0
2025-01-15,0x47add9a56df66b524d5e2c1993a43cde53b6ed85,Greed,Greed,72,361.155853,792.0838888888889,57030.04,27,8,35,17,47,0.16933923611111112,0.7714285714285715,0.3617021276595745,89288.71497,89288.71497,0.0
2025-01-16,0x47add9a56df66b524d5e2c1993a43cde53b6ed85,Greed,Extreme Greed,88,319.22369499999996,467.3454545454546,41126.4,23,7,30,6,79,0.12431825,0.7666666666666667,0.0759493670886076,89607.93866500001,89607.93866500001,0.0
2025-01-17,0x47add9a56df66b524d5e2c1993a43cde53b6ed85,Greed,Extreme Greed,50,498.16985999999997,558.7280000000001,27936.4,25,0,25,2,45,0.1390145,1.0,0.044444444444444446,90106.108525,90106.108525,0.0
2025-01-18,0x47add9a56df66b524d5e2c1993a43cde53b6ed85,Greed,Extreme Greed,34,307.105046,583.8729411764706,19851.68,17,4,21,5,29,0.16973182352941177,0.8095238095238095,0.1724137931034483,90413.213571,90413.213571,0.0
2025-01-19,0x47add9a56df66b524d5e2c1993a43cde53b6ed85,Greed,Extreme Greed,27,541.742729,855.0277777777778,23085.75,10,0,10,3,22,0.22642541666666668,1.0,0.13636363636363635,90954.9563,90954.9563,0.0
2025-01-20,0x47add9a56df66b524d5e2c1993a43cde53b6ed85,Greed,Extreme Greed,66,2262.94445,1131.5053030303031,74679.35,37,7,44,7,53,0.30233342166666666,0.8409090909090909,0.1320754716981132,93217.90075,93217.90075,0.0
2025-01-21,0x47add9a56df66b524d5e2c1993a43cde53b6ed85,Greed,Extreme Greed,13,287.821918,645.536153846154,8391.970000000001,6,0,6,5,8,0.10152938461538462,1.0,0.625,93505.722668,93505.722668,0.0
2025-01-22,0x47add9a56df66b524d5e2c1993a43cde53b6ed85,Greed,Extreme Greed,98,2867.6138889999997,587.97,57621.06,35,2,37,19,57,0.16130112132653063,0.9459459459459459,0.3333333333333333,96373.336557,96373.336557,0.0
2025-01-23,0x47add9a56df66b524d5e2c1993a43cde53b6ed85,Greed,Extreme Greed,26,420.491149,501.15999999999997,13030.16,12,2,14,12,11,0.1182355923076923,0.8571428571428571,1.0909090909090908,96793.827706,96793.827706,0.0
2025-01-24,0x47add9a56df66b524d5e2c1993a43cde53b6ed85,Greed,Extreme Greed,40,553.5255989999999,583.839,23353.56,18,2,20,21,16,0.12808325,0.9,1.3125,97347.353305,97347.353305,0.0
2025-01-25,0x47add9a56df66b524d5e2c1993a43cde53b6ed85,Greed,Extreme Greed,36,416.148576,607.7458333333333,21878.85,20,1,21,11,24,0.15087041666666667,0.9523809523809523,0.4583333333333333,97763.501881,97763.501881,0.0
2025-01-26,0x47add9a56df66b524d5e2c1993a43cde53b6ed85,Greed,Greed,18,535.938645,586.3983333333333,10555.17,16,0,16,1,2,0.16269497333333333,1.0,0.5,98299.440526,98299.440526,0.0
2025-01-27,0x47add9a56df66b524d5e2c1993a43cde53b6ed85,Greed,Greed,83,1295.825632,600.4903614457832,49840.7,34,8,42,33,28,0.14603205795180724,0.8095238095238095,1.1785714285714286,99595.266158,99595.266158,0.0
2025-01-28,0x47add9a56df66b524d5e2c1993a43cde53b6ed85,Greed,Greed,43,475.702642,577.776511627907,24844.39,27,8,35,13,3,0.13797906860465117,0.7714285714285715,4.333333333333333,100070.9688,100070.9688,0.0
2025-01-29,0x47add9a56df66b524d5e2c1993a43cde53b6ed85,Greed,Greed,14,41.935052,446.21642857142854,6247.03,3,0,3,8,4,0.06301179999999999,1.0,2.0,100112.903852,100112.903852,0.0
2025-01-30,0x47add9a56df66b524d5e2c1993a43cde53b6ed85,Greed,Greed,44,783.829317,634.8495454545455,27933.38,19,1,20,6,24,0.12996310204545455,0.95,0.25,100896.733169,100896.733169,0.0
2025-01-31,0x47add9a56df66b524d5e2c1993a43cde53b6ed85,Greed,Extreme Greed,57,488.582241,426.12614035087717,24289.19,23,0,23,8,43,0.11880604894736842,1.0,0.18604651162790697,101385.31541000001,101385.31541000001,0.0
2025-02-01,0x47add9a56df66b524d5e2c1993a43cde53b6ed85,Greed,Greed,33,526.448209,490.5812121212121,16189.18,23,2,25,9,23,0.1351158893939394,0.92,0.391304347826087,101911.763619,101911.763619,0.0
2025-02-02,0x47add9a56df66b524d5e2c1993a43cde53b6ed85,Greed,Greed,108,-782.6517170000001,475.55675925925925,51360.13,27,11,38,50,33,0.0908097025,0.7105263157894737,1.5151515151515151,101129.111902,101911.763619,-782.6517170000006
2025-02-03,0x47add9a56df66b524d5e2c1993a43cde53b6ed85,Fear,Fear,182,2440.916534,633.5157142857142,115299.86,73,11,84,97,56,0.17138933236263737,0.8690476190476191,1.7321428571428572,103570.02843600001,103570.02843600001,0.0
2025-02-04,0x47add9a56df66b524d5e2c1993a43cde53b6ed85,Greed,Greed,34,874.3810560000001,389.9655882352941,13258.83,16,2,18,6,22,0.10613422794117647,0.8888888888888888,0.2727272727272727,104444.409492,104444.409492,0.0
2025-02-05,0x47add9a56df66b524d5e2c1993a43cde53b6ed85,Neutral,Neutral,3,32.72269,431.90000000000003,1295.7,1,0,1,3,0,0.14511766666666667,1.0,,104477.132182,104477.132182,0.0
2025-02-06,0x47add9a56df66b524d5e2c1993a43cde53b6ed85,Neutral,Neutral,63,922.6724320000001,414.6168253968254,26120.86,15,1,16,28,20,0.10584776142857143,0.9375,1.4,105399.80461400001,105399.80461400001,0.0
2025-02-07,0x47add9a56df66b524d5e2c1993a43cde53b6ed85,Fear,Fear,17,126.11297599999999,288.2288235294118,4899.89,14,1,15,10,7,0.07708041176470588,0.9333333333333333,1.4285714285714286,105525.91759,105525.91759,0.0
2025-02-08,0x47add9a56df66b524d5e2c1993a43cde53b6ed85,Fear,Fear,22,78.902492,532.6045454545455,11717.3,5,0,5,11,2,0.11596082772727273,1.0,5.5,105604.820082,105604.820082,0.0
2025-02-09,0x47add9a56df66b524d5e2c1993a43cde53b6ed85,Neutral,Neutral,29,378.027954,352.76931034482755,10230.31,22,3,25,18,11,0.09163286206896552,0.88,1.6363636363636365,105982.84803600001,105982.84803600001,0.0
2025-02-10,0x47add9a56df66b524d5e2c1993a43cde53b6ed85,Fear,Fear,6,4.42722,521.32,3127.92,2,0,2,2,4,0.1351645,1.0,0.5,105987.27525600001,105987.27525600001,0.0
2025-02-11,0x47add9a56df66b524d5e2c1993a43cde53b6ed85,Neutral,Neutral,17,314.918282,456.26176470588234,7756.45,7,0,7,5,7,0.1357326517647059,1.0,0.7142857142857143,106302.193538,106302.193538,0.0
2025-02-12,0x47add9a56df66b524d5e2c1993a43cde53b6ed85,Neutral,Neutral,5,117.09923500000001,661.658,3308.29,4,1,5,2,3,0.222316,0.8,0.6666666666666666,106419.29277300001,106419.29277300001,0.0
2025-02-13,0x47add9a56df66b524d5e2c1993a43cde53b6ed85,Neutral,Neutral,47,534.854304,383.71595744680855,18034.65,27,0,27,7,25,0.09614305340425532,1.0,0.28,106954.147077,106954.147077,0.0
2025-02-14,0x47add9a56df66b524d5e2c1993a43cde53b6ed85,Neutral,Neutral,47,-10.630689999999959,315.5821276595745,14832.36,32,3,35,6,18,0.07795331914893618,0.9142857142857143,0.3333333333333333,106943.51638700001,106954.147077,-10.630689999990864
2025-02-15,0x47add9a56df66b524d5e2c1993a43cde53b6ed85,Neutral,Neutral,21,231.07204,367.2038095238095,7711.28,5,0,5,4,9,0.06177078333333333,1.0,0.4444444444444444,107174.58842700001,107174.58842700001,0.0
2025-02-16,0x47add9a56df66b524d5e2c1993a43cde53b6ed85,Neutral,Neutral,41,278.922501,396.6439024390244,16262.4,17,10,27,4,37,0.11800121951219512,0.6296296296296297,0.10810810810810811,107453.510928,107453.510928,0.0
2025-02-17,0x47add9a56df66b524d5e2c1993a43cde53b6ed85,Neutral,Neutral,13,19.482565,392.2353846153846,5099.0599999999995,5,2,7,3,7,0.05938532769230769,0.7142857142857143,0.42857142857142855,107472.993493,107472.993493,0.0
2025-02-18,0x47add9a56df66b524d5e2c1993a43cde53b6ed85,Neutral,Neutral,54,336.64107,415.7527777777778,22450.65,20,0,20,20,22,0.0901523687037037,1.0,0.9090909090909091,107809.634563,107809.634563,0.0
2025-02-19,0x47add9a56df66b524d5e2c1993a43cde53b6ed85,Fear,Fear,22,89.261197,303.90090909090907,6685.82,6,2,8,10,5,0.05021159818181819,0.75,2.0,107898.89576,107898.89576,0.0
2025-02-20,0x47add9a56df66b524d5e2c1993a43cde53b6ed85,Neutral,Neutral,13,168.023469,378.7576923076923,4923.85,11,0,11,8,5,0.12726146153846155,1.0,1.6,108066.919229,108066.919229,0.0
2025-02-21,0x47add9a56df66b524d5e2c1993a43cde53b6ed85,Greed,Greed,15,165.776644,301.59066666666666,4523.86,11,1,12,5,9,0.08933433333333334,0.9166666666666666,0.5555555555555556,108232.695873,108232.695873,0.0
2025-02-22,0x47add9a56df66b524d5e2c1993a43cde53b6ed85,Neutral,Neutral,18,31.523152,343.53666666666663,6183.66,2,3,5,11,7,0.09876672222222221,0.4,1.5714285714285714,108264.219025,108264.219025,0.0
2025-02-23,0x47add9a56df66b524d5e2c1993a43cde53b6ed85,Neutral,Neutral,7,122.057796,369.9928571428572,2589.9500000000003,5,2,7,1,6,0.09860985714285715,0.7142857142857143,0.16666666666666666,108386.276821,108386.276821,0.0
2025-02-24,0x47add9a56df66b524d5e2c1993a43cde53b6ed85,Neutral,Neutral,29,437.185458,543.7444827586207,15768.59,11,1,12,18,8,0.10758493310344827,0.9166666666666666,2.25,108823.462279,108823.462279,0.0
2025-02-25,0x47add9a56df66b524d5e2c1993a43cde53b6ed85,Fear,Fear,190,3455.584856,512.5179473684211,97378.41,70,14,84,104,79,0.12002674263157895,0.8333333333333334,1.3164556962025316,112279.047135,112279.047135,0.0
2025-02-26,0x47add9a56df66b524d5e2c1993a43cde53b6ed85,Fear,Extreme Fear,28,-200.798196,603.3185714285713,16892.92,3,12,15,15,13,0.16201153571428573,0.2,1.1538461538461537,112078.248939,112279.047135,-200.79819600000337
2025-02-27,0x47add9a56df66b524d5e2c1993a43cde53b6ed85,Fear,Extreme Fear,18,-195.841458,330.11833333333334,5942.13,1,4,5,10,8,0.08759483333333334,0.2,1.25,111882.407481,112279.047135,-396.6396539999987
2025-02-28,0x47add9a56df66b524d5e2c1993a43cde53b6ed85,Fear,Extreme Fear,71,933.170538,514.1759154929578,36506.49,26,4,30,37,34,0.1278225633802817,0.8666666666666667,1.088235294117647,112815.57801900001,112815.57801900001,0.0
2025-03-01,0x47add9a56df66b524d5e2c1993a43cde53b6ed85,Fear,Extreme Fear,27,109.593094,617.1918518518519,16664.18,12,6,18,15,12,0.167384,0.6666666666666666,1.25,112925.171113,112925.171113,0.0
2025-03-02,0x47add9a56df66b524d5e2c1993a43cde53b6ed85,Fear,Fear,21,349.12092600000005,1106.6938095238095,23240.57,8,0,8,8,15,0.22817922285714284,1.0,0.5333333333333333,113274.292039,113274.292039,0.0
2025-03-03,0x47add9a56df66b524d5e2c1993a43cde53b6ed85,Fear,Fear,33,376.017126,591.2160606060606,19510.13,12,4,16,10,24,0.16956493939393938,0.75,0.4166666666666667,113650.309165,113650.309165,0.0
2025-03-04,0x47add9a56df66b524d5e2c1993a43cde53b6ed85,Fear,Extreme Fear,32,444.266681,502.8234375,16090.35,7,0,7,12,6,0.1194746828125,1.0,2.0,114094.575846,114094.575846,0.0
2025-03-05,0x47add9a56df66b524d5e2c1993a43cde53b6ed85,Fear,Extreme Fear,21,423.18325600000003,550.0914285714285,11551.92,6,0,6,4,10,0.07079563428571428,1.0,0.4,114517.759102,114517.759102,0.0
2025-03-06,0x47add9a56df66b524d5e2c1993a43cde53b6ed85,Fear,Fear,12,102.92652,742.9966666666666,8915.96,6,2,8,7,4,0.2090304441666667,0.75,1.75,114620.685622,114620.685622,0.0
2025-03-07,0x47add9a56df66b524d5e2c1993a43cde53b6ed85,Fear,Fear,62,781.670551,463.668064516129,28747.42,16,1,17,19,16,0.09100777548387097,0.9411764705882353,1.1875,115402.35617300001,115402.35617300001,0.0
2025-03-08,0x47add9a56df66b524d5e2c1993a43cde53b6ed85,Fear,Fear,31,119.3611,449.9274193548387,13947.75,7,0,7,29,2,0.09124093548387097,1.0,14.5,115521.717273,115521.717273,0.0
2025-03-09,0x47add9a56df66b524d5e2c1993a43cde53b6ed85,Fear,Fear,8,0.0,827.6537500000001,6621.2300000000005,0,0,0,6,0,0.10011538249999999,,,115521.717273,115521.717273,0.0
2025-03-10,0x47add9a56df66b524d5e2c1993a43cde53b6ed85,Fear,Extreme Fear,16,0.0,734.3568750000001,11749.710000000001,0,0,0,15,0,0.216315823125,,,115521.717273,115521.717273,0.0
2025-03-11,0x47add9a56df66b524d5e2c1993a43cde53b6ed85,Fear,Extreme Fear,32,266.837111,504.60375,16147.32,4,2,6,14,12,0.1061577903125,0.6666666666666666,1.1666666666666667,115788.554384,115788.554384,0.0
2025-03-12,0x47add9a56df66b524d5e2c1993a43cde53b6ed85,Fear,Fear,7,78.714444,738.5457142857142,5169.82,3,0,3,3,4,0.24815057142857144,1.0,0.75,115867.268828,115867.268828,0.0
2025-03-13,0x47add9a56df66b524d5e2c1993a43cde53b6ed85,Neutral,Neutral,9,-1.2672399999999993,364.46555555555557,3280.19,2,1,3,0,4,0.041393526666666666,0.6666666666666666,0.0,115866.001588,115867.268828,-1.2672400000010384
2025-03-15,0x47add9a56df66b524d5e2c1993a43cde53b6ed85,Neutral,Neutral,36,202.313183,837.4561111111111,30148.420000000002,30,1,31,32,5,0.25472325,0.967741935483871,6.4,116068.314771,116068.314771,0.0
2025-03-16,0x47add9a56df66b524d5e2c1993a43cde53b6ed85,Fear,Fear,7,-6.342484000000001,569.8328571428572,3988.83,2,3,5,3,4,0.1743362857142857,0.4,0.75,116061.972287,116068.314771,-6.342484000007971
2025-03-17,0x47add9a56df66b524d5e2c1993a43cde53b6ed85,Fear,Fear,3,-31.277088,705.3433333333334,2116.03,0,1,1,1,2,0.17700799999999997,0.0,0.5,116030.69519900001,116068.314771,-37.61957199999597
2025-03-19,0x47add9a56df66b524d5e2c1993a43cde53b6ed85,Fear,Fear,12,-2.8135689999999993,485.3908333333334,5824.6900000000005,2,5,7,8,4,0.128105,0.2857142857142857,2.0,116027.88163,116068.314771,-40.43314100000134
2025-03-20,0x47add9a56df66b524d5e2c1993a43cde53b6ed85,Neutral,Neutral,20,-147.78931200000002,769.2385,15384.77,14,3,17,5,13,0.2164837,0.8235294117647058,0.38461538461538464,115880.09231800001,116068.314771,-188.22245299999486
2025-03-21,0x47add9a56df66b524d5e2c1993a43cde53b6ed85,Fear,Fear,6,39.1247,494.46000000000004,2966.76,2,0,2,0,6,0.13613833333333333,1.0,0.0,115919.21701800001,116068.314771,-149.09775299999455
2025-03-22,0x47add9a56df66b524d5e2c1993a43cde53b6ed85,Fear,Fear,11,-1184.046158,340.78363636363633,3748.62,0,11,11,0,0,0.08178054545454545,0.0,,114735.17086,116068.314771,-1333.1439110000065
2025-03-23,0x47add9a56df66b524d5e2c1993a43cde53b6ed85,Fear,Fear,2,0.0,374.475,748.95,0,0,0,0,2,0.125823,,0.0,114735.17086,116068.314771,-1333.1439110000065
2025-03-24,0x47add9a56df66b524d5e2c1993a43cde53b6ed85,Neutral,Neutral,25,-216.431703,545.196,13629.9,10,4,14,4,19,0.11841056,0.7142857142857143,0.21052631578947367,114518.739157,116068.314771,-1549.5756140000012
2025-03-25,0x47add9a56df66b524d5e2c1993a43cde53b6ed85,Neutral,Neutral,3,87.95347999999998,377.80999999999995,1133.4299999999998,1,2,3,2,1,0.06694833333333333,0.3333333333333333,2.0,114606.692637,116068.314771,-1461.6221340000047
2025-03-26,0x47add9a56df66b524d5e2c1993a43cde53b6ed85,Neutral,Neutral,3,69.285,749.9666666666667,2249.9,1,0,1,0,1,0.027429399999999996,1.0,0.0,114675.977637,116068.314771,-1392.3371340000012
2025-03-30,0x47add9a56df66b524d5e2c1993a43cde53b6ed85,Fear,Fear,3,0.0,250.07333333333335,750.22,0,0,0,0,0,0.006560863333333333,,,114675.977637,116068.314771,-1392.3371340000012
2025-03-31,0x47add9a56df66b524d5e2c1993a43cde53b6ed85,Fear,Fear,16,798.187528,471.555,7544.88,5,0,5,10,6,0.1509425,1.0,1.6666666666666667,115474.165165,116068.314771,-594.1496060000063
2025-04-01,0x47add9a56df66b524d5e2c1993a43cde53b6ed85,Fear,Fear,19,-680.287463,247.43947368421055,4701.35,6,12,18,4,5,0.08313836842105263,0.3333333333333333,0.8,114793.877702,116068.314771,-1274.4370690000069
2025-04-02,0x47add9a56df66b524d5e2c1993a43cde53b6ed85,Fear,Fear,4,93.006465,405.9275,1623.71,3,0,3,2,2,0.0914225,1.0,1.0,114886.884167,116068.314771,-1181.4306040000083
2025-04-03,0x47add9a56df66b524d5e2c1993a43cde53b6ed85,Fear,Fear,14,7.052034,635.2357142857143,8893.3,2,0,2,12,0,0.12727918357142856,1.0,,114893.936201,116068.314771,-1174.3785700000008
2025-04-04,0x47add9a56df66b524d5e2c1993a43cde53b6ed85,Fear,Fear,2,0.0,874.78,1749.56,0,0,0,1,0,0.217108815,,,114893.936201,116068.314771,-1174.3785700000008
2025-04-05,0x47add9a56df66b524d5e2c1993a43cde53b6ed85,Fear,Fear,25,-132.88134,586.6572,14666.43,10,1,11,15,10,0.16352608,0.9090909090909091,1.5,114761.054861,116068.314771,-1307.259910000008
2025-04-06,0x47add9a56df66b524d5e2c1993a43cde53b6ed85,Fear,Fear,15,-1400.5515480000001,661.3813333333333,9920.72,4,3,7,7,6,0.1542413333333333,0.5714285714285714,1.1666666666666667,113360.50331300001,116068.314771,-2707.8114579999965
2025-04-07,0x47add9a56df66b524d5e2c1993a43cde53b6ed85,Fear,Extreme Fear,48,-5651.552238,569.6545833333333,27343.420000000002,7,20,27,20,14,0.17265420833333334,0.25925925925925924,1.4285714285714286,107708.951075,116068.314771,-8359.363696
2025-04-08,0x47add9a56df66b524d5e2c1993a43cde53b6ed85,Fear,Extreme Fear,42,-6745.027414,700.9559523809525,29440.15,11,20,31,7,17,0.13568532404761904,0.3548387096774194,0.4117647058823529,100963.92366100001,116068.314771,-15104.391109999997
2025-04-09,0x47add9a56df66b524d5e2c1993a43cde53b6ed85,Fear,Extreme Fear,56,-3911.273892,638.1583928571429,35736.87,26,20,46,8,31,0.1630009464285714,0.5652173913043478,0.25806451612903225,97052.64976900001,116068.314771,-19015.665001999994
2025-04-10,0x47add9a56df66b524d5e2c1993a43cde53b6ed85,Fear,Fear,21,258.032458,520.317619047619,10926.67,8,1,9,5,8,0.1085424380952381,0.8888888888888888,0.625,97310.682227,116068.314771,-18757.632544000007
2025-04-11,0x47add9a56df66b524d5e2c1993a43cde53b6ed85,Fear,Fear,28,608.246567,378.8592857142857,10608.06,17,2,19,6,17,0.08274578250357142,0.8947368421052632,0.35294117647058826,97918.928794,116068.314771,-18149.385976999998
2025-04-12,0x47add9a56df66b524d5e2c1993a43cde53b6ed85,Fear,Fear,41,3105.920269,550.1919512195121,22557.87,24,3,27,2,32,0.1498476756097561,0.8888888888888888,0.0625,101024.849063,116068.314771,-15043.465708000003
2025-04-13,0x47add9a56df66b524d5e2c1993a43cde53b6ed85,Neutral,Neutral,26,490.32631200000003,601.84,15647.84,10,0,10,4,10,0.08639830446153847,1.0,0.4,101515.175375,116068.314771,-14553.139395999999
2025-04-14,0x47add9a56df66b524d5e2c1993a43cde53b6ed85,Fear,Fear,7,263.769257,377.75428571428574,2644.28,5,0,5,1,4,0.06804745285714285,1.0,0.25,101778.944632,116068.314771,-14289.370139000006
2025-04-16,0x47add9a56df66b524d5e2c1993a43cde53b6ed85,Fear,Fear,11,17.022667,768.989090909091,8458.880000000001,3,0,3,5,2,0.16509629363636363,1.0,2.5,101795.967299,116068.314771,-14272.347472000009
2025-04-17,0x47add9a56df66b524d5e2c1993a43cde53b6ed85,Fear,Fear,29,169.67583499999998,456.538275862069,13239.61,15,0,15,7,7,0.09443162034482758,1.0,1.0,101965.643134,116068.314771,-14102.671637000007
2025-04-19,0x47add9a56df66b524d5e2c1993a43cde53b6ed85,Fear,Fear,2,64.128219,375.075,750.15,2,0,2,0,0,0.12602449999999998,1.0,,102029.771353,116068.314771,-14038.543418000001
2025-04-20,0x47add9a56df66b524d5e2c1993a43cde53b6ed85,Fear,Fear,21,12.652267000000005,580.8100000000001,12197.01,11,1,12,0,14,0.07937279741904761,0.9166666666666666,0.0,102042.42362,116068.314771,-14025.891151000003
2025-04-21,0x47add9a56df66b524d5e2c1993a43cde53b6ed85,Fear,Fear,12,-2.1503300000000003,249.97833333333332,2999.74,5,3,8,0,11,0.04301357333333333,0.625,0.0,102040.27329,116068.314771,-14028.041481000007
2025-04-22,0x47add9a56df66b524d5e2c1993a43cde53b6ed85,Neutral,Neutral,14,-282.266207,343.8335714285714,4813.67,1,3,4,2,12,0.0683965,0.25,0.16666666666666666,101758.007083,116068.314771,-14310.307688
2025-04-23,0x47add9a56df66b524d5e2c1993a43cde53b6ed85,Greed,Greed,45,511.720343,336.54622222222224,15144.58,16,1,17,9,21,0.08407879933333333,0.9411764705882353,0.42857142857142855,102269.727426,116068.314771,-13798.587345000007
2025-04-24,0x47add9a56df66b524d5e2c1993a43cde53b6ed85,Greed,Greed,24,350.896638,396.0429166666667,9505.03,6,2,8,2,15,0.073489165,0.75,0.13333333333333333,102620.624064,116068.314771,-13447.690707000002
2025-04-25,0x47add9a56df66b524d5e2c1993a43cde53b6ed85,Greed,Greed,7,0.0,392.83714285714285,2749.86,0,0,0,0,3,0.02474720714285714,,0.0,102620.624064,116068.314771,-13447.690707000002
2025-04-26,0x47add9a56df66b524d5e2c1993a43cde53b6ed85,Greed,Greed,18,147.607393,288.9161111111111,5200.49,4,0,4,2,12,0.06540995944444444,1.0,0.16666666666666666,102768.231457,116068.314771,-13300.083314000003
2025-04-27,0x47add9a56df66b524d5e2c1993a43cde53b6ed85,Greed,Greed,13,361.183441,370.71153846153845,4819.25,9,3,12,6,4,0.10426368384615384,0.75,1.5,103129.414898,116068.314771,-12938.899873000002
2025-04-28,0x47add9a56df66b524d5e2c1993a43cde53b6ed85,Neutral,Neutral,9,146.420556,360.80111111111114,3247.21,8,0,8,0,6,0.06123977777777778,1.0,0.0,103275.835454,116068.314771,-12792.479317000005
2025-04-29,0x47add9a56df66b524d5e2c1993a43cde53b6ed85,Greed,Greed,7,30.495403,356.9714285714286,2498.8,1,0,1,1,5,0.05137414285714286,1.0,0.2,103306.33085700001,116068.314771,-12761.983913999997
2025-05-01,0x47add9a56df66b524d5e2c1993a43cde53b6ed85,Neutral,Neutral,7,37.385304,299.0128571428572,2093.09,1,0,1,1,6,0.10046771428571429,1.0,0.16666666666666666,103343.716161,116068.314771,-12724.598610000001
2024-12-14,0x4acb90e786d897ecffb614dc822eb231b4ffb9f4,Greed,Extreme Greed,1,0.0,24979.8,24979.8,0,0,0,0,0,4.898,,,0.0,0.0,0.0
2024-12-19,0x4acb90e786d897ecffb614dc822eb231b4ffb9f4,Greed,Extreme Greed,89,7440.638159,5090.390786516854,453044.78,36,0,36,89,0,1.155787775280899,1.0,,7440.638159,7440.638159,0.0
2024-12-20,0x4acb90e786d897ecffb614dc822eb231b4ffb9f4,Greed,Greed,238,53635.529649,9628.82474789916,2291660.29,99,9,108,228,0,2.6120834285714283,0.9166666666666666,,61076.167808,61076.167808,0.0
2024-12-27,0x4acb90e786d897ecffb614dc822eb231b4ffb9f4,Greed,Greed,18,357.346725,7190.583333333333,129430.5,9,0,9,18,0,2.5167037222222226,1.0,,61433.514533,61433.514533,0.0
2024-12-30,0x4acb90e786d897ecffb614dc822eb231b4ffb9f4,Greed,Greed,38,2227.18659,6536.572105263158,248389.74,25,0,25,38,0,1.4780544210526314,1.0,,63660.701123,63660.701123,0.0
2025-01-08,0x4acb90e786d897ecffb614dc822eb231b4ffb9f4,Greed,Greed,139,0.0,5040.074460431654,700570.35,0,0,0,139,0,1.7640256762589928,,,63660.701123,63660.701123,0.0
2025-01-09,0x4acb90e786d897ecffb614dc822eb231b4ffb9f4,Greed,Greed,96,35352.95374,7755.243541666667,744503.38,56,0,56,96,0,2.1389434687500004,1.0,,99013.654863,99013.654863,0.0
2025-01-10,0x4acb90e786d897ecffb614dc822eb231b4ffb9f4,Neutral,Neutral,27,2812.7685,4195.841481481481,113287.72,27,0,27,27,0,1.468544,1.0,,101826.423363,101826.423363,0.0
2025-01-12,0x4acb90e786d897ecffb614dc822eb231b4ffb9f4,Greed,Greed,390,927.412681,830.1821794871795,323771.05,390,0,390,390,0,0.08301789230769231,1.0,,102753.836044,102753.836044,0.0
2025-01-13,0x4acb90e786d897ecffb614dc822eb231b4ffb9f4,Greed,Greed,23,0.0,6845.160434782609,157438.69,0,0,0,23,0,0.6845156086956522,,,102753.836044,102753.836044,0.0
2025-01-16,0x4acb90e786d897ecffb614dc822eb231b4ffb9f4,Greed,Extreme Greed,4,13963.52,42850.549999999996,171402.19999999998,4,0,4,4,0,4.285055,1.0,,116717.356044,116717.356044,0.0
2025-01-19,0x4acb90e786d897ecffb614dc822eb231b4ffb9f4,Greed,Extreme Greed,30,1519.769822,3916.7593333333334,117502.78,20,0,20,30,0,1.370865,1.0,,118237.125866,118237.125866,0.0
2025-01-20,0x4acb90e786d897ecffb614dc822eb231b4ffb9f4,Greed,Extreme Greed,43,-2427.873799,2596.646976744186,111655.81999999999,0,36,36,43,0,0.9088257674418606,0.0,,115809.252067,118237.125866,-2427.873799000008
2025-02-20,0x4acb90e786d897ecffb614dc822eb231b4ffb9f4,Neutral,Neutral,13,0.0,1538.4553846153844,19999.92,0,0,0,0,0,0.02192586076923077,,,115809.252067,118237.125866,-2427.873799000008
2025-02-24,0x4acb90e786d897ecffb614dc822eb231b4ffb9f4,Neutral,Neutral,41,856.4737299999999,5876.914634146341,240953.5,7,0,7,41,0,2.056919707317073,1.0,,116665.72579699999,118237.125866,-1571.4000690000103
2025-02-25,0x4acb90e786d897ecffb614dc822eb231b4ffb9f4,Fear,Fear,215,11271.895074,5634.781581395349,1211478.04,114,0,114,215,0,0.9838026418604652,1.0,,127937.62087099999,127937.62087099999,0.0
2025-02-26,0x4acb90e786d897ecffb614dc822eb231b4ffb9f4,Fear,Extreme Fear,50,22137.551238,8442.721599999999,422136.07999999996,50,0,50,50,0,2.95495196,1.0,,150075.172109,150075.172109,0.0
2025-02-27,0x4acb90e786d897ecffb614dc822eb231b4ffb9f4,Fear,Extreme Fear,12,503.31943,8378.118333333334,100537.42,4,0,4,12,0,2.9323405833333336,1.0,,150578.491539,150578.491539,0.0
2025-02-28,0x4acb90e786d897ecffb614dc822eb231b4ffb9f4,Fear,Extreme Fear,89,22299.186495,14857.899887640451,1322353.09,72,0,72,89,0,4.357571516853933,1.0,,172877.678034,172877.678034,0.0
2025-03-03,0x4acb90e786d897ecffb614dc822eb231b4ffb9f4,Fear,Fear,19,0.0,10522.962631578948,199936.29,0,0,0,19,0,3.6830363684210523,,,172877.678034,172877.678034,0.0
2025-03-04,0x4acb90e786d897ecffb614dc822eb231b4ffb9f4,Fear,Extreme Fear,155,0.0,5549.306774193548,860142.5499999999,0,0,0,155,0,0.8132295032258064,,,172877.678034,172877.678034,0.0
2025-03-06,0x4acb90e786d897ecffb614dc822eb231b4ffb9f4,Fear,Fear,15,5109.859504,9685.342,145280.13,5,0,5,15,0,3.3898696,1.0,,177987.537538,177987.537538,0.0
2025-03-07,0x4acb90e786d897ecffb614dc822eb231b4ffb9f4,Fear,Fear,57,0.0,1755.7517543859651,100077.85,0,0,0,57,0,0.6145127017543859,,,177987.537538,177987.537538,0.0
2025-03-10,0x4acb90e786d897ecffb614dc822eb231b4ffb9f4,Fear,Extreme Fear,114,0.08712,5590.744561403509,637344.88,1,0,1,114,0,1.518164307017544,1.0,,177987.624658,177987.624658,0.0
2025-03-11,0x4acb90e786d897ecffb614dc822eb231b4ffb9f4,Fear,Extreme Fear,84,0.0,3216.501666666667,270186.14,0,0,0,84,0,0.5305382738095238,,,177987.624658,177987.624658,0.0
2025-03-13,0x4acb90e786d897ecffb614dc822eb231b4ffb9f4,Neutral,Neutral,15,0.0,4349.66,65244.9,0,0,0,15,0,0.4349657333333334,,,177987.624658,177987.624658,0.0
2025-03-20,0x4acb90e786d897ecffb614dc822eb231b4ffb9f4,Neutral,Neutral,195,4839.59228,3233.520923076923,630536.58,151,0,151,195,0,0.5833252717948718,1.0,,182827.216938,182827.216938,0.0
2025-03-21,0x4acb90e786d897ecffb614dc822eb231b4ffb9f4,Fear,Fear,17,0.0,1470.5794117647058,24999.85,0,0,0,17,0,0.14705770588235295,,,182827.216938,182827.216938,0.0
2025-03-22,0x4acb90e786d897ecffb614dc822eb231b4ffb9f4,Fear,Fear,53,4350.379248,1308.6299999999999,69357.39,53,0,53,53,0,0.30682896226415096,1.0,,187177.596186,187177.596186,0.0
2025-03-23,0x4acb90e786d897ecffb614dc822eb231b4ffb9f4,Fear,Fear,76,2897.148962,3986.6614473684212,302986.27,26,0,26,76,0,1.0663859078947369,1.0,,190074.745148,190074.745148,0.0
2025-03-24,0x4acb90e786d897ecffb614dc822eb231b4ffb9f4,Neutral,Neutral,185,48946.705539,6360.884432432433,1176763.62,185,0,185,185,0,0.9499692378378378,1.0,,239021.450687,239021.450687,0.0
2025-03-25,0x4acb90e786d897ecffb614dc822eb231b4ffb9f4,Neutral,Neutral,50,30531.101000000002,12797.315200000001,639865.76,50,0,50,50,0,4.47905984,1.0,,269552.551687,269552.551687,0.0
2025-03-26,0x4acb90e786d897ecffb614dc822eb231b4ffb9f4,Neutral,Neutral,140,9261.449882,4924.3603571428575,689410.4500000001,85,0,85,140,0,0.8659303428571429,1.0,,278814.001569,278814.001569,0.0
2025-03-29,0x4acb90e786d897ecffb614dc822eb231b4ffb9f4,Fear,Fear,23,314.6728,15232.22,350341.06,3,0,3,23,0,5.331276347826087,1.0,,279128.674369,279128.674369,0.0
2025-03-30,0x4acb90e786d897ecffb614dc822eb231b4ffb9f4,Fear,Fear,21,5362.529222,12161.259047619047,255386.44,21,0,21,21,0,1.8541489047619049,1.0,,284491.203591,284491.203591,0.0
2025-03-31,0x4acb90e786d897ecffb614dc822eb231b4ffb9f4,Fear,Fear,47,4750.8109939999995,9463.05744680851,444763.7,26,0,26,47,0,2.2482421489361704,1.0,,289242.014585,289242.014585,0.0
2025-04-02,0x4acb90e786d897ecffb614dc822eb231b4ffb9f4,Fear,Fear,16,444.205198,37473.885625,599582.17,10,0,10,0,16,11.5533668125,1.0,0.0,289686.219783,289686.219783,0.0
2025-04-03,0x4acb90e786d897ecffb614dc822eb231b4ffb9f4,Fear,Fear,60,0.0,16666.611,999996.66,0,0,0,60,0,1.2499952833333334,,,289686.219783,289686.219783,0.0
2025-04-04,0x4acb90e786d897ecffb614dc822eb231b4ffb9f4,Fear,Fear,51,0.0,8264.040980392158,421466.09,0,0,0,51,0,2.4792118039215687,,,289686.219783,289686.219783,0.0
2025-04-05,0x4acb90e786d897ecffb614dc822eb231b4ffb9f4,Fear,Fear,102,31134.240601999998,5175.765784313725,527928.11,102,0,102,102,0,1.2507686862745098,1.0,,320820.460385,320820.460385,0.0
2025-04-06,0x4acb90e786d897ecffb614dc822eb231b4ffb9f4,Fear,Fear,103,0.0,5508.490970873787,567374.5700000001,0,0,0,103,0,1.0457515436893203,,,320820.460385,320820.460385,0.0
2025-04-07,0x4acb90e786d897ecffb614dc822eb231b4ffb9f4,Fear,Extreme Fear,189,13642.628143,7781.819788359788,1470763.94,40,0,40,189,0,0.8702121957671957,1.0,,334463.088528,334463.088528,0.0
2025-04-08,0x4acb90e786d897ecffb614dc822eb231b4ffb9f4,Fear,Extreme Fear,3,221.0,52275.0,156825.0,1,0,1,0,3,15.682499333333332,1.0,0.0,334684.088528,334684.088528,0.0
2025-04-09,0x4acb90e786d897ecffb614dc822eb231b4ffb9f4,Fear,Extreme Fear,290,107892.62706,17935.84644827586,5201395.47,137,6,143,278,12,2.879061703448276,0.958041958041958,23.166666666666668,442576.715588,442576.715588,0.0
2025-04-10,0x4acb90e786d897ecffb614dc822eb231b4ffb9f4,Fear,Fear,222,84856.33534,26118.342432432433,5798272.0200000005,80,0,80,222,0,7.137005513513514,1.0,,527433.050928,527433.050928,0.0
2025-04-11,0x4acb90e786d897ecffb614dc822eb231b4ffb9f4,Fear,Fear,74,122461.112004,24390.13621621622,1804870.08,74,0,74,74,0,1.219506364864865,1.0,,649894.162932,649894.162932,0.0
2025-04-12,0x4acb90e786d897ecffb614dc822eb231b4ffb9f4,Fear,Fear,68,0.0,16878.26676470588,1147722.14,0,0,0,0,68,2.584232926470588,,0.0,649894.162932,649894.162932,0.0
2025-04-14,0x4acb90e786d897ecffb614dc822eb231b4ffb9f4,Fear,Fear,76,21531.8321,26925.528815789472,2046340.19,56,0,56,11,65,2.7650890263157897,1.0,0.16923076923076924,671425.995032,671425.995032,0.0
2025-04-15,0x4acb90e786d897ecffb614dc822eb231b4ffb9f4,Fear,Fear,51,0.0,3354.117450980392,171059.99,0,0,0,0,51,0.16770545098039213,,0.0,671425.995032,671425.995032,0.0
2025-04-16,0x4acb90e786d897ecffb614dc822eb231b4ffb9f4,Fear,Fear,1,3088.0,166444.0,166444.0,1,0,1,0,1,8.3222,1.0,0.0,674513.995032,674513.995032,0.0
2025-04-17,0x4acb90e786d897ecffb614dc822eb231b4ffb9f4,Fear,Fear,6,-110.0,28273.666666666668,169642.0,0,6,6,0,6,8.482099166666666,0.0,0.0,674403.995032,674513.995032,-110.0
2025-04-21,0x4acb90e786d897ecffb614dc822eb231b4ffb9f4,Fear,Fear,23,-681.29819,30543.59565217391,702502.7,0,22,22,23,0,5.341425913043478,0.0,,673722.696842,674513.995032,-791.2981900000013
2025-04-22,0x4acb90e786d897ecffb614dc822eb231b4ffb9f4,Neutral,Neutral,6,132.0,15215.498333333335,91292.99,1,0,1,0,6,4.564649500000001,1.0,0.0,673854.696842,674513.995032,-659.2981900000013
2025-04-23,0x4acb90e786d897ecffb614dc822eb231b4ffb9f4,Greed,Greed,121,2875.230157,6709.732727272728,811877.66,30,36,66,0,121,1.015852479338843,0.45454545454545453,0.0,676729.926999,676729.926999,0.0
2025-04-24,0x4acb90e786d897ecffb614dc822eb231b4ffb9f4,Greed,Greed,23,459.24741,4407.6721739130435,101376.46,22,0,22,0,23,0.30708395652173914,1.0,0.0,677189.174409,677189.174409,0.0
2025-04-25,0x4acb90e786d897ecffb614dc822eb231b4ffb9f4,Greed,Greed,3,0.0,63142.666666666664,189428.0,0,0,0,0,3,3.157133,,0.0,677189.174409,677189.174409,0.0
2025-04-26,0x4acb90e786d897ecffb614dc822eb231b4ffb9f4,Greed,Greed,41,47.876234000000004,6897.073170731707,282780.0,41,0,41,0,41,0.3448534146341463,1.0,0.0,677237.050643,677237.050643,0.0
2025-04-30,0x4acb90e786d897ecffb614dc822eb231b4ffb9f4,Greed,Greed,5,510.0,75258.0,376290.0,4,0,4,0,5,16.9202996,1.0,0.0,677747.050643,677747.050643,0.0
2024-03-13,0x4f93fead39b70a1824f981a54d4e55b278e9f760,Greed,Extreme Greed,7,0.0,857.2571428571428,6000.799999999999,0,0,0,7,0,0.30003971428571424,,,0.0,0.0,0.0
2024-03-14,0x4f93fead39b70a1824f981a54d4e55b278e9f760,Greed,Extreme Greed,1,65.480454,6066.28,6066.28,1,0,1,1,0,2.123198,1.0,,65.480454,65.480454,0.0
2024-03-15,0x4f93fead39b70a1824f981a54d4e55b278e9f760,Greed,Extreme Greed,8,338.42832,3292.47625,26339.81,1,0,1,8,0,1.152366125,1.0,,403.908774,403.908774,0.0
2024-03-16,0x4f93fead39b70a1824f981a54d4e55b278e9f760,Greed,Extreme Greed,6,228.57984,4537.276666666667,27223.66,1,0,1,6,0,1.5880468333333333,1.0,,632.488614,632.488614,0.0
2024-03-17,0x4f93fead39b70a1824f981a54d4e55b278e9f760,Greed,Extreme Greed,14,429.683075,6218.810714285714,87063.35,4,0,4,14,0,2.176583357142857,1.0,,1062.171689,1062.171689,0.0
2024-03-18,0x4f93fead39b70a1824f981a54d4e55b278e9f760,Greed,Extreme Greed,12,0.0,2833.491666666667,34001.9,0,0,0,12,0,0.9917215,,,1062.171689,1062.171689,0.0
2024-03-19,0x4f93fead39b70a1824f981a54d4e55b278e9f760,Greed,Extreme Greed,4,0.0,2266.8775,9067.51,0,0,0,4,0,0.793407,,,1062.171689,1062.171689,0.0
2024-03-21,0x4f93fead39b70a1824f981a54d4e55b278e9f760,Greed,Extreme Greed,1,0.0,9744.18,9744.18,0,0,0,1,0,3.410463,,,1062.171689,1062.171689,0.0
2024-03-25,0x4f93fead39b70a1824f981a54d4e55b278e9f760,Greed,Extreme Greed,7,1302.916428,8159.4742857142855,57116.32,6,0,6,6,1,2.855816,1.0,6.0,2365.0881170000002,2365.0881170000002,0.0
2024-03-26,0x4f93fead39b70a1824f981a54d4e55b278e9f760,Greed,Extreme Greed,7,20.599193,3426.62,23986.34,1,0,1,5,2,1.1993162857142856,1.0,2.5,2385.68731,2385.68731,0.0
2024-03-27,0x4f93fead39b70a1824f981a54d4e55b278e9f760,Greed,Extreme Greed,27,189.192,3224.6703703703706,87066.1,12,0,12,18,9,1.1286342962962963,1.0,2.0,2574.8793100000003,2574.8793100000003,0.0
2024-03-28,0x4f93fead39b70a1824f981a54d4e55b278e9f760,Greed,Extreme Greed,3,0.0,6671.296666666666,20013.89,0,0,0,3,0,2.3349533333333334,,,2574.8793100000003,2574.8793100000003,0.0
2024-03-29,0x4f93fead39b70a1824f981a54d4e55b278e9f760,Greed,Extreme Greed,15,883.097404,5794.291333333333,86914.37,6,0,6,15,0,2.028002,1.0,,3457.976714,3457.976714,0.0
2024-03-31,0x4f93fead39b70a1824f981a54d4e55b278e9f760,Greed,Extreme Greed,13,912.786145,3070.2276923076925,39912.96,10,0,10,10,3,1.0745786153846155,1.0,3.3333333333333335,4370.762859,4370.762859,0.0
2024-04-01,0x4f93fead39b70a1824f981a54d4e55b278e9f760,Greed,Extreme Greed,29,0.840939,4654.808275862069,134989.44,2,0,2,23,6,1.6291826206896551,1.0,3.8333333333333335,4371.603798,4371.603798,0.0
2024-04-02,0x4f93fead39b70a1824f981a54d4e55b278e9f760,Greed,Extreme Greed,37,883.760812,6072.016756756757,224664.62,12,0,12,12,25,2.125205108108108,1.0,0.48,5255.3646100000005,5255.3646100000005,0.0
2024-04-04,0x4f93fead39b70a1824f981a54d4e55b278e9f760,Greed,Greed,32,0.0,2999.6165625,95987.73,0,0,0,0,32,1.0498651562499999,,0.0,5255.3646100000005,5255.3646100000005,0.0
2024-04-05,0x4f93fead39b70a1824f981a54d4e55b278e9f760,Greed,Extreme Greed,10,4444.4983010000005,17253.157,172531.56999999998,7,0,7,3,7,6.038604000000001,1.0,0.42857142857142855,9699.862911,9699.862911,0.0
2024-04-06,0x4f93fead39b70a1824f981a54d4e55b278e9f760,Greed,Extreme Greed,16,236.33513399999998,4263.979375,68223.67,4,0,4,4,12,1.4923923125,1.0,0.3333333333333333,9936.198045000001,9936.198045000001,0.0
2024-04-07,0x4f93fead39b70a1824f981a54d4e55b278e9f760,Greed,Extreme Greed,23,0.0,2173.397391304348,49988.14,0,0,0,0,23,0.7606889130434782,,0.0,9936.198045000001,9936.198045000001,0.0
2024-04-08,0x4f93fead39b70a1824f981a54d4e55b278e9f760,Greed,Extreme Greed,28,0.0,5827.370357142857,163166.37,0,0,0,0,28,2.039579285714286,,0.0,9936.198045000001,9936.198045000001,0.0
2024-04-09,0x4f93fead39b70a1824f981a54d4e55b278e9f760,Greed,Extreme Greed,3,0.0,19021.280000000002,57063.840000000004,0,0,0,0,3,6.657447,,0.0,9936.198045000001,9936.198045000001,0.0
2024-04-10,0x4f93fead39b70a1824f981a54d4e55b278e9f760,Greed,Extreme Greed,41,5207.443414,8578.926097560974,351735.97,36,0,36,6,35,3.002623463414634,1.0,0.17142857142857143,15143.641459,15143.641459,0.0
2024-04-11,0x4f93fead39b70a1824f981a54d4e55b278e9f760,Greed,Extreme Greed,16,389.743164,4775.06,76400.96,2,0,2,16,0,1.6712705625,1.0,,15533.384623,15533.384623,0.0
2024-04-12,0x4f93fead39b70a1824f981a54d4e55b278e9f760,Greed,Extreme Greed,21,0.0,7138.52761904762,149909.08000000002,0,0,0,21,0,2.4984840476190477,,,15533.384623,15533.384623,0.0
2024-04-13,0x4f93fead39b70a1824f981a54d4e55b278e9f760,Greed,Greed,18,0.0,8677.150000000001,156188.7,0,0,0,18,0,3.037002111111111,,,15533.384623,15533.384623,0.0
2024-04-14,0x4f93fead39b70a1824f981a54d4e55b278e9f760,Greed,Greed,64,-36565.98544,9199.4678125,588765.94,3,38,41,64,0,3.219813390625,0.07317073170731707,,-21032.600817,15533.384623,-36565.98544
2024-04-15,0x4f93fead39b70a1824f981a54d4e55b278e9f760,Greed,Greed,3,0.0,16671.31666666667,50013.950000000004,0,0,0,3,0,5.834960333333332,,,-21032.600817,15533.384623,-36565.98544
2024-04-19,0x4f93fead39b70a1824f981a54d4e55b278e9f760,Greed,Greed,35,1946.4454620000001,9635.940571428573,337257.92000000004,27,0,27,32,3,3.372578857142857,1.0,10.666666666666666,-19086.155355,15533.384623,-34619.539978
2024-04-20,0x4f93fead39b70a1824f981a54d4e55b278e9f760,Greed,Greed,2,0.0,5999.795,11999.59,0,0,0,0,2,2.0999285,,0.0,-19086.155355,15533.384623,-34619.539978
2024-04-22,0x4f93fead39b70a1824f981a54d4e55b278e9f760,Greed,Greed,9,0.0,5332.623333333333,47993.61,0,0,0,0,9,1.8664182222222223,,0.0,-19086.155355,15533.384623,-34619.539978
2024-04-23,0x4f93fead39b70a1824f981a54d4e55b278e9f760,Greed,Greed,54,759.2148159999999,3567.7494444444446,192658.47,31,0,31,34,20,1.2487116851851852,1.0,1.7,-18326.940539,15533.384623,-33860.325162
2024-04-24,0x4f93fead39b70a1824f981a54d4e55b278e9f760,Greed,Greed,20,279.185907,7063.762,141275.24,6,1,7,20,0,2.4723157999999996,0.8571428571428571,,-18047.754632,15533.384623,-33581.139255
2024-04-25,0x4f93fead39b70a1824f981a54d4e55b278e9f760,Greed,Greed,6,0.0,11496.523333333333,68979.14,0,0,0,6,0,4.023782,,,-18047.754632,15533.384623,-33581.139255
2024-04-27,0x4f93fead39b70a1824f981a54d4e55b278e9f760,Greed,Greed,27,4281.488139,5713.498888888889,154264.47,19,0,19,19,8,1.999724074074074,1.0,2.375,-13766.266493,15533.384623,-29299.651116
2024-04-28,0x4f93fead39b70a1824f981a54d4e55b278e9f760,Greed,Greed,8,0.0,3374.92625,26999.41,0,0,0,0,8,1.18122425,,0.0,-13766.266493,15533.384623,-29299.651116
2024-04-29,0x4f93fead39b70a1824f981a54d4e55b278e9f760,Greed,Greed,31,526.9338359999999,3370.167419354839,104475.19,17,0,17,7,24,1.1795580967741934,1.0,0.2916666666666667,-13239.332656999999,15533.384623,-28772.717279999997
2024-04-30,0x4f93fead39b70a1824f981a54d4e55b278e9f760,Greed,Greed,24,0.0,5209.114583333333,125018.75,0,0,0,24,0,1.8231895833333331,,,-13239.332656999999,15533.384623,-28772.717279999997
2024-05-01,0x4f93fead39b70a1824f981a54d4e55b278e9f760,Neutral,Neutral,14,0.0,6216.103571428571,87025.45,0,0,0,14,0,2.175636285714286,,,-13239.332656999999,15533.384623,-28772.717279999997
2024-05-03,0x4f93fead39b70a1824f981a54d4e55b278e9f760,Neutral,Neutral,23,5319.861625,12059.708260869564,277373.29,16,0,16,16,7,4.220897347826087,1.0,2.2857142857142856,-7919.471031999999,15533.384623,-23452.855655
2024-05-04,0x4f93fead39b70a1824f981a54d4e55b278e9f760,Greed,Greed,6,0.0,8999.890000000001,53999.340000000004,0,0,0,0,6,3.149961166666667,,0.0,-7919.471031999999,15533.384623,-23452.855655
2024-05-05,0x4f93fead39b70a1824f981a54d4e55b278e9f760,Greed,Greed,4,0.0,5996.512500000001,23986.050000000003,0,0,0,0,4,2.09877825,,0.0,-7919.471031999999,15533.384623,-23452.855655
2024-05-06,0x4f93fead39b70a1824f981a54d4e55b278e9f760,Greed,Greed,9,968.59038,22890.714444444442,206016.43,4,0,4,4,5,8.011749555555555,1.0,0.8,-6950.880651999999,15533.384623,-22484.265274999998
2024-05-07,0x4f93fead39b70a1824f981a54d4e55b278e9f760,Greed,Greed,10,656.21704,9890.126,98901.26000000001,7,0,7,5,5,3.4615441,1.0,1.0,-6294.6636119999985,15533.384623,-21828.048235
2024-05-08,0x4f93fead39b70a1824f981a54d4e55b278e9f760,Greed,Greed,10,0.0,6583.419,65834.19,0,0,0,10,0,2.304196,,,-6294.6636119999985,15533.384623,-21828.048235
2024-05-09,0x4f93fead39b70a1824f981a54d4e55b278e9f760,Greed,Greed,25,1147.595856,8679.6232,216990.58,11,0,11,20,5,3.0378677599999997,1.0,4.0,-5147.067755999999,15533.384623,-20680.452379
2024-05-10,0x4f93fead39b70a1824f981a54d4e55b278e9f760,Greed,Greed,22,2101.741695,7131.0,156882.0,6,0,6,10,12,2.4958495454545453,1.0,0.8333333333333334,-3045.3260609999984,15533.384623,-18578.710683999998
2024-05-11,0x4f93fead39b70a1824f981a54d4e55b278e9f760,Neutral,Neutral,9,251.604742,7027.661111111111,63248.95,9,0,9,9,0,2.459680555555556,1.0,,-2793.7213189999984,15533.384623,-18327.105942
2024-05-12,0x4f93fead39b70a1824f981a54d4e55b278e9f760,Greed,Greed,10,0.0,4500.464,45004.64,0,0,0,10,0,1.5751622,,,-2793.7213189999984,15533.384623,-18327.105942
2024-05-13,0x4f93fead39b70a1824f981a54d4e55b278e9f760,Greed,Greed,25,2136.853859,7525.7636,188144.09,10,0,10,15,10,2.63401664,1.0,1.5,-656.8674599999986,15533.384623,-16190.252083
2024-05-14,0x4f93fead39b70a1824f981a54d4e55b278e9f760,Greed,Greed,23,1150.5233050000002,6341.452173913043,145853.4,4,0,4,19,4,2.219508043478261,1.0,4.75,493.6558450000016,15533.384623,-15039.728777999999
2024-05-15,0x4f93fead39b70a1824f981a54d4e55b278e9f760,Greed,Greed,36,948.970582,6525.626944444444,234922.57,17,0,17,24,12,2.2839690833333335,1.0,2.0,1442.6264270000015,15533.384623,-14090.758195999999
2024-05-16,0x4f93fead39b70a1824f981a54d4e55b278e9f760,Greed,Greed,24,214.5898,6615.870416666668,158780.89,5,0,5,9,15,2.3155539583333336,1.0,0.6,1657.2162270000017,15533.384623,-13876.168395999997
2024-05-18,0x4f93fead39b70a1824f981a54d4e55b278e9f760,Greed,Greed,25,3522.3946610000003,5052.1256,126303.14,16,0,16,9,16,1.7682436799999999,1.0,0.5625,5179.610888000002,15533.384623,-10353.773734999999
2024-05-19,0x4f93fead39b70a1824f981a54d4e55b278e9f760,Greed,Greed,8,0.0,3749.76125,29998.09,0,0,0,8,0,1.3124158750000001,,,5179.610888000002,15533.384623,-10353.773734999999
2024-05-20,0x4f93fead39b70a1824f981a54d4e55b278e9f760,Greed,Greed,7,0.0,4714.771428571429,33003.4,0,0,0,7,0,1.65017,,,5179.610888000002,15533.384623,-10353.773734999999
2024-05-21,0x4f93fead39b70a1824f981a54d4e55b278e9f760,Greed,Extreme Greed,53,6017.309216,9096.75358490566,482127.94,7,0,7,18,35,3.1838634150943395,1.0,0.5142857142857142,11196.920104,15533.384623,-4336.464518999999
2024-05-22,0x4f93fead39b70a1824f981a54d4e55b278e9f760,Greed,Extreme Greed,6,0.0,7499.215,44995.29,0,0,0,0,6,2.6247248333333335,,0.0,11196.920104,15533.384623,-4336.464518999999
2024-06-07,0x4f93fead39b70a1824f981a54d4e55b278e9f760,Greed,Extreme Greed,52,7329.223137999999,15114.859615384614,785972.7,30,0,30,9,43,5.290200615384616,1.0,0.20930232558139536,18526.143242000002,18526.143242000002,0.0
2024-06-08,0x4f93fead39b70a1824f981a54d4e55b278e9f760,Greed,Greed,7,0.0,6428.95,45002.65,0,0,0,7,0,2.250132428571429,,,18526.143242000002,18526.143242000002,0.0
2024-06-09,0x4f93fead39b70a1824f981a54d4e55b278e9f760,Greed,Extreme Greed,5,0.0,4199.992,20999.96,0,0,0,5,0,1.469997,,,18526.143242000002,18526.143242000002,0.0
2024-06-10,0x4f93fead39b70a1824f981a54d4e55b278e9f760,Greed,Greed,4,0.0,6000.075,24000.3,0,0,0,4,0,2.10002625,,,18526.143242000002,18526.143242000002,0.0
2024-06-11,0x4f93fead39b70a1824f981a54d4e55b278e9f760,Greed,Greed,21,0.0,13143.021904761907,276003.46,0,0,0,21,0,4.600056857142857,,,18526.143242000002,18526.143242000002,0.0
2024-06-14,0x4f93fead39b70a1824f981a54d4e55b278e9f760,Greed,Greed,16,0.0,6124.31,97988.96,0,0,0,16,0,2.1435074375,,,18526.143242000002,18526.143242000002,0.0
2024-06-15,0x4f93fead39b70a1824f981a54d4e55b278e9f760,Greed,Greed,38,2084.433906,15581.516578947369,592097.63,29,0,29,38,0,5.4535305,1.0,,20610.577148,20610.577148,0.0
2024-06-17,0x4f93fead39b70a1824f981a54d4e55b278e9f760,Greed,Greed,14,1268.7590360000002,18035.112857142856,252491.58,4,1,5,11,3,6.312289285714286,0.8,3.6666666666666665,21879.336184,21879.336184,0.0
2024-06-18,0x4f93fead39b70a1824f981a54d4e55b278e9f760,Greed,Greed,7,0.0,8999.745714285715,62998.22,0,0,0,7,0,3.149911,,,21879.336184,21879.336184,0.0
2024-06-19,0x4f93fead39b70a1824f981a54d4e55b278e9f760,Greed,Greed,17,2053.973644,11180.089411764706,190061.52,17,0,17,17,0,3.913031176470588,1.0,,23933.309828,23933.309828,0.0
2024-06-20,0x4f93fead39b70a1824f981a54d4e55b278e9f760,Greed,Greed,4,0.0,7499.34,29997.36,0,0,0,0,4,2.62476825,,0.0,23933.309828,23933.309828,0.0
2024-06-21,0x4f93fead39b70a1824f981a54d4e55b278e9f760,Greed,Greed,11,773.5582039999999,6746.9345454545455,74216.28,3,0,3,8,3,2.361426818181818,1.0,2.6666666666666665,24706.868032000002,24706.868032000002,0.0
2024-06-22,0x4f93fead39b70a1824f981a54d4e55b278e9f760,Neutral,Neutral,3,0.0,6000.07,18000.21,0,0,0,3,0,2.100024,,,24706.868032000002,24706.868032000002,0.0
2024-06-24,0x4f93fead39b70a1824f981a54d4e55b278e9f760,Neutral,Neutral,21,0.0,12000.350952380952,252007.37,0,0,0,21,0,4.200122238095238,,,24706.868032000002,24706.868032000002,0.0
2024-06-26,0x4f93fead39b70a1824f981a54d4e55b278e9f760,Neutral,Neutral,31,4197.732182,11748.220645161291,364194.84,21,0,21,21,10,4.111876774193549,1.0,2.1,28904.600214000002,28904.600214000002,0.0
2024-06-27,0x4f93fead39b70a1824f981a54d4e55b278e9f760,Fear,Fear,12,0.0,9999.173333333334,119990.08,0,0,0,0,12,3.4997106666666666,,0.0,28904.600214000002,28904.600214000002,0.0
2024-06-29,0x4f93fead39b70a1824f981a54d4e55b278e9f760,Fear,Fear,17,1842.738325,13148.880588235294,223530.97,13,0,13,5,12,4.6021075882352935,1.0,0.4166666666666667,30747.338539,30747.338539,0.0
2024-06-30,0x4f93fead39b70a1824f981a54d4e55b278e9f760,Neutral,Neutral,3,0.0,9999.756666666666,29999.27,0,0,0,3,0,3.499915,,,30747.338539,30747.338539,0.0
2024-07-01,0x4f93fead39b70a1824f981a54d4e55b278e9f760,Neutral,Neutral,13,1202.488212,7476.965384615385,97200.55,9,0,9,11,2,2.616937692307692,1.0,5.5,31949.826751,31949.826751,0.0
2024-07-03,0x4f93fead39b70a1824f981a54d4e55b278e9f760,Neutral,Neutral,10,1118.387284,10388.008,103880.08,4,0,4,6,4,3.6358021999999997,1.0,1.5,33068.214035,33068.214035,0.0
2024-07-04,0x4f93fead39b70a1824f981a54d4e55b278e9f760,Fear,Fear,14,0.0,18215.87285714286,255022.22,0,0,0,14,0,6.375554785714286,,,33068.214035,33068.214035,0.0
2024-07-05,0x4f93fead39b70a1824f981a54d4e55b278e9f760,Fear,Fear,20,0.0,13514.937,270298.74,0,0,0,20,0,4.73022735,,,33068.214035,33068.214035,0.0
2024-07-10,0x4f93fead39b70a1824f981a54d4e55b278e9f760,Fear,Fear,43,11595.627026,15625.97930232558,671917.11,33,0,33,43,0,5.469092162790698,1.0,,44663.841061,44663.841061,0.0
2024-07-11,0x4f93fead39b70a1824f981a54d4e55b278e9f760,Fear,Fear,19,1876.812082,8941.422105263156,169887.02,9,0,9,19,0,3.1294969999999998,1.0,,46540.653143,46540.653143,0.0
2024-07-12,0x4f93fead39b70a1824f981a54d4e55b278e9f760,Fear,Fear,10,0.0,7600.664999999999,76006.65,0,0,0,10,0,2.6602324,,,46540.653143,46540.653143,0.0
2024-07-13,0x4f93fead39b70a1824f981a54d4e55b278e9f760,Fear,Fear,13,2678.839374,10668.462307692309,138690.01,13,0,13,13,0,3.7339611538461535,1.0,,49219.492517,49219.492517,0.0
2024-07-14,0x4f93fead39b70a1824f981a54d4e55b278e9f760,Fear,Fear,7,0.0,12000.16142857143,84001.13,0,0,0,0,7,4.200055571428572,,0.0,49219.492517,49219.492517,0.0
2024-07-15,0x4f93fead39b70a1824f981a54d4e55b278e9f760,Neutral,Neutral,21,0.0,7999.7071428571435,167993.85,0,0,0,0,21,2.799897,,0.0,49219.492517,49219.492517,0.0
2024-07-16,0x4f93fead39b70a1824f981a54d4e55b278e9f760,Greed,Greed,22,0.0,6545.480454545454,144000.57,0,0,0,0,22,2.290917318181818,,0.0,49219.492517,49219.492517,0.0
2024-07-17,0x4f93fead39b70a1824f981a54d4e55b278e9f760,Greed,Greed,9,0.0,18326.035555555558,164934.32,0,0,0,0,9,6.414111777777778,,0.0,49219.492517,49219.492517,0.0
2024-07-18,0x4f93fead39b70a1824f981a54d4e55b278e9f760,Greed,Greed,53,2569.979964,12119.926603773585,642356.11,41,0,41,12,41,4.241973716981132,1.0,0.2926829268292683,51789.472481000004,51789.472481000004,0.0
2024-07-19,0x4f93fead39b70a1824f981a54d4e55b278e9f760,Greed,Greed,16,2120.091364,9132.66875,146122.7,11,0,11,11,5,3.196434,1.0,2.2,53909.563845000004,53909.563845000004,0.0
2024-07-20,0x4f93fead39b70a1824f981a54d4e55b278e9f760,Greed,Greed,9,129.66130099999998,11097.74111111111,99879.67,4,0,4,5,4,3.8842090000000002,1.0,1.25,54039.225146000004,54039.225146000004,0.0
2024-07-21,0x4f93fead39b70a1824f981a54d4e55b278e9f760,Greed,Greed,3,0.0,14665.06,43995.18,0,0,0,3,0,5.132770666666667,,,54039.225146000004,54039.225146000004,0.0
2024-07-22,0x4f93fead39b70a1824f981a54d4e55b278e9f760,Greed,Greed,21,2273.29301,10728.97,225308.37,13,0,13,14,8,3.7551380952380953,1.0,1.75,56312.518156,56312.518156,0.0
2024-07-23,0x4f93fead39b70a1824f981a54d4e55b278e9f760,Greed,Greed,2,0.0,11997.235,23994.47,0,0,0,2,0,4.199032,,,56312.518156,56312.518156,0.0
2024-07-24,0x4f93fead39b70a1824f981a54d4e55b278e9f760,Greed,Greed,21,0.0,1333.8833333333332,28011.55,0,0,0,3,0,0.4668445238095239,,,56312.518156,56312.518156,0.0
2024-07-25,0x4f93fead39b70a1824f981a54d4e55b278e9f760,Greed,Greed,65,0.0,7990.4683076923075,519380.44,0,0,0,65,0,2.7966634923076925,,,56312.518156,56312.518156,0.0
2024-07-26,0x4f93fead39b70a1824f981a54d4e55b278e9f760,Greed,Greed,10,0.0,15000.965,150009.65,0,0,0,10,0,5.2503374,,,56312.518156,56312.518156,0.0
2024-07-27,0x4f93fead39b70a1824f981a54d4e55b278e9f760,Greed,Greed,52,6400.623656,17322.249807692308,900756.99,42,0,42,51,0,6.062787134615385,1.0,,62713.141812,62713.141812,0.0
2024-07-28,0x4f93fead39b70a1824f981a54d4e55b278e9f760,Greed,Greed,3,0.0,10666.563333333334,31999.690000000002,0,0,0,3,0,3.733295333333334,,,62713.141812,62713.141812,0.0
2024-07-30,0x4f93fead39b70a1824f981a54d4e55b278e9f760,Greed,Greed,6,0.0,6001.078333333334,36006.47,0,0,0,6,0,2.1003773333333333,,,62713.141812,62713.141812,0.0
2024-07-31,0x4f93fead39b70a1824f981a54d4e55b278e9f760,Greed,Greed,3,0.0,13335.046666666667,40005.14,0,0,0,3,0,4.667266333333334,,,62713.141812,62713.141812,0.0
2024-08-01,0x4f93fead39b70a1824f981a54d4e55b278e9f760,Neutral,Neutral,13,0.0,11076.539230769231,143995.01,0,0,0,13,0,3.8767880769230767,,,62713.141812,62713.141812,0.0
2024-08-02,0x4f93fead39b70a1824f981a54d4e55b278e9f760,Greed,Greed,36,0.0,8221.31,295967.16,0,0,0,35,0,2.8774572777777774,,,62713.141812,62713.141812,0.0
2024-08-03,0x4f93fead39b70a1824f981a54d4e55b278e9f760,Fear,Fear,13,0.0,8652.23,112478.98999999999,0,0,0,13,0,3.028280076923077,,,62713.141812,62713.141812,0.0
2024-08-04,0x4f93fead39b70a1824f981a54d4e55b278e9f760,Fear,Fear,72,-108604.496278,12521.542916666665,901551.09,0,60,60,72,0,4.382539625,0.0,,-45891.354466000004,62713.141812,-108604.496278
2024-08-05,0x4f93fead39b70a1824f981a54d4e55b278e9f760,Fear,Fear,17,-4779.219012,12572.832941176472,213738.16,0,2,2,17,0,4.4004909411764705,0.0,,-50670.573478000006,62713.141812,-113383.71529000001
2024-08-09,0x4f93fead39b70a1824f981a54d4e55b278e9f760,Neutral,Neutral,12,11147.900554,11003.166666666666,132038.0,9,0,9,12,0,3.851107333333333,1.0,,-39522.672924000006,62713.141812,-102235.814736
2024-08-11,0x4f93fead39b70a1824f981a54d4e55b278e9f760,Fear,Fear,8,847.7766200000001,5104.981250000001,40839.850000000006,4,0,4,4,4,1.786743375,1.0,1.0,-38674.896304,62713.141812,-101388.03811600001
2024-08-12,0x4f93fead39b70a1824f981a54d4e55b278e9f760,Fear,Fear,16,858.6705000000001,2758.775,44140.4,6,0,6,10,6,0.965570875,1.0,1.6666666666666667,-37816.225804,62713.141812,-100529.367616
2024-08-13,0x4f93fead39b70a1824f981a54d4e55b278e9f760,Fear,Fear,5,0.0,2500.02,12500.1,0,0,0,4,0,0.8750067999999999,,,-37816.225804,62713.141812,-100529.367616
2024-08-14,0x4f93fead39b70a1824f981a54d4e55b278e9f760,Fear,Fear,9,2168.9015130000003,7185.148888888889,64666.34,5,0,5,9,0,2.514801777777778,1.0,,-35647.324291000004,62713.141812,-98360.46610300001
2024-08-16,0x4f93fead39b70a1824f981a54d4e55b278e9f760,Fear,Fear,2,0.0,6250.0650000000005,12500.130000000001,0,0,0,2,0,2.1875234999999997,,,-35647.324291000004,62713.141812,-98360.46610300001
2024-08-18,0x4f93fead39b70a1824f981a54d4e55b278e9f760,Fear,Fear,14,307.201888,4486.033571428571,62804.47,12,0,12,12,2,1.5701112142857145,1.0,6.0,-35340.122403,62713.141812,-98053.264215
2024-08-20,0x4f93fead39b70a1824f981a54d4e55b278e9f760,Fear,Fear,8,192.602844,5302.23375,42417.87,1,0,1,4,4,1.855781,1.0,1.0,-35147.519559,62713.141812,-97860.661371
2024-08-23,0x4f93fead39b70a1824f981a54d4e55b278e9f760,Fear,Fear,10,1005.30527,6350.956,63509.56,3,0,3,3,7,2.2228342,1.0,0.42857142857142855,-34142.214289,62713.141812,-96855.35610100001
2024-08-24,0x4f93fead39b70a1824f981a54d4e55b278e9f760,Greed,Greed,2,0.0,7500.035,15000.07,0,0,0,0,2,2.6250125,,0.0,-34142.214289,62713.141812,-96855.35610100001
2024-08-25,0x4f93fead39b70a1824f981a54d4e55b278e9f760,Neutral,Neutral,4,0.0,3749.0825,14996.33,0,0,0,0,4,1.31217925,,0.0,-34142.214289,62713.141812,-96855.35610100001
2024-08-26,0x4f93fead39b70a1824f981a54d4e55b278e9f760,Greed,Greed,5,231.236918,18452.704,92263.52,2,0,2,3,2,6.4584464,1.0,1.5,-33910.977371,62713.141812,-96624.119183
2024-08-27,0x4f93fead39b70a1824f981a54d4e55b278e9f760,Neutral,Neutral,7,0.0,9286.455714285714,65005.19,0,0,0,7,0,3.2502588571428572,,,-33910.977371,62713.141812,-96624.119183
2024-08-28,0x4f93fead39b70a1824f981a54d4e55b278e9f760,Fear,Fear,7,0.0,6784.937142857142,47494.56,0,0,0,7,0,2.3747282857142857,,,-33910.977371,62713.141812,-96624.119183
2024-08-30,0x4f93fead39b70a1824f981a54d4e55b278e9f760,Fear,Fear,3,0.0,9164.183333333334,27492.550000000003,0,0,0,3,0,3.207464,,,-33910.977371,62713.141812,-96624.119183
2024-09-02,0x4f93fead39b70a1824f981a54d4e55b278e9f760,Fear,Fear,2,0.0,15000.21,30000.42,0,0,0,2,0,5.250074,,,-33910.977371,62713.141812,-96624.119183
2024-09-04,0x4f93fead39b70a1824f981a54d4e55b278e9f760,Fear,Fear,1,0.0,35004.98,35004.98,0,0,0,1,0,12.251742,,,-33910.977371,62713.141812,-96624.119183
2024-09-06,0x4f93fead39b70a1824f981a54d4e55b278e9f760,Fear,Extreme Fear,4,0.0,8747.6675,34990.67,0,0,0,4,0,3.0616835,,,-33910.977371,62713.141812,-96624.119183
2024-09-20,0x4f93fead39b70a1824f981a54d4e55b278e9f760,Neutral,Neutral,12,9585.03428,25380.9675,304571.61,8,1,9,12,0,8.883338583333334,0.8888888888888888,,-24325.943091000005,62713.141812,-87039.08490300001
2024-09-22,0x4f93fead39b70a1824f981a54d4e55b278e9f760,Neutral,Neutral,3,0.0,6666.579999999999,19999.739999999998,0,0,0,3,0,2.3333023333333336,,,-24325.943091000005,62713.141812,-87039.08490300001
2024-09-23,0x4f93fead39b70a1824f981a54d4e55b278e9f760,Neutral,Neutral,2,334.760796,20167.145,40334.29,1,0,1,2,0,7.058501000000001,1.0,,-23991.182295000006,62713.141812,-86704.32410700001
2024-09-25,0x4f93fead39b70a1824f981a54d4e55b278e9f760,Greed,Greed,6,0.0,8333.518333333333,50001.11,0,0,0,6,0,2.916731333333333,,,-23991.182295000006,62713.141812,-86704.32410700001
2024-09-26,0x4f93fead39b70a1824f981a54d4e55b278e9f760,Neutral,Neutral,3,439.812513,26813.47333333333,80440.42,2,0,2,2,1,9.384714666666666,1.0,2.0,-23551.369782000005,62713.141812,-86264.51159400001
2024-09-27,0x4f93fead39b70a1824f981a54d4e55b278e9f760,Greed,Greed,10,0.0,9999.232,99992.31999999999,0,0,0,0,10,3.4997306999999998,,0.0,-23551.369782000005,62713.141812,-86264.51159400001
2024-09-30,0x4f93fead39b70a1824f981a54d4e55b278e9f760,Greed,Greed,10,2710.626288,17728.09,177280.9,5,0,5,5,5,6.2048308,1.0,1.0,-20840.743494000006,62713.141812,-83553.88530600001
2024-10-01,0x4f93fead39b70a1824f981a54d4e55b278e9f760,Neutral,Neutral,4,0.0,34988.58,139954.32,0,0,0,4,0,12.2460025,,,-20840.743494000006,62713.141812,-83553.88530600001
2024-10-02,0x4f93fead39b70a1824f981a54d4e55b278e9f760,Fear,Fear,4,0.0,24988.585,99954.34,0,0,0,4,0,8.746004249999999,,,-20840.743494000006,62713.141812,-83553.88530600001
2024-10-03,0x4f93fead39b70a1824f981a54d4e55b278e9f760,Fear,Fear,4,0.0,30002.25,120009.0,0,0,0,4,0,10.50078775,,,-20840.743494000006,62713.141812,-83553.88530600001
2024-10-05,0x4f93fead39b70a1824f981a54d4e55b278e9f760,Neutral,Neutral,36,5767.161892,16822.36472222222,605605.13,24,0,24,31,5,5.887826972222222,1.0,6.2,-15073.581602000006,62713.141812,-77786.72341400001
2024-10-06,0x4f93fead39b70a1824f981a54d4e55b278e9f760,Neutral,Neutral,22,130.487079,13642.298181818182,300130.56,5,0,5,11,11,4.774804227272727,1.0,1.0,-14943.094523000005,62713.141812,-77656.23633500001
2024-10-07,0x4f93fead39b70a1824f981a54d4e55b278e9f760,Neutral,Neutral,21,0.0,10475.459523809524,219984.65,0,0,0,0,21,3.6664102857142855,,0.0,-14943.094523000005,62713.141812,-77656.23633500001
2024-10-08,0x4f93fead39b70a1824f981a54d4e55b278e9f760,Neutral,Neutral,35,5396.546638,12416.672857142858,434583.55,33,0,33,1,33,4.345834857142857,1.0,0.030303030303030304,-9546.547885000005,62713.141812,-72259.68969700001
2024-10-09,0x4f93fead39b70a1824f981a54d4e55b278e9f760,Neutral,Neutral,14,396.06272,15742.852142857142,220399.93,3,0,3,14,0,5.509997642857143,1.0,,-9150.485165000006,62713.141812,-71863.626977
2024-10-10,0x4f93fead39b70a1824f981a54d4e55b278e9f760,Fear,Fear,16,0.0,18751.521249999998,300024.33999999997,0,0,0,16,0,6.563031875,,,-9150.485165000006,62713.141812,-71863.626977
2024-10-11,0x4f93fead39b70a1824f981a54d4e55b278e9f760,Fear,Fear,25,8885.327477,19556.1384,488903.45999999996,18,0,18,18,7,6.84464776,1.0,2.5714285714285716,-265.1576880000048,62713.141812,-62978.29950000001
2024-10-12,0x4f93fead39b70a1824f981a54d4e55b278e9f760,Neutral,Neutral,10,541.55471,15971.34,159713.4,7,0,7,2,8,5.5899684999999995,1.0,0.25,276.3970219999952,62713.141812,-62436.744790000004
2024-10-13,0x4f93fead39b70a1824f981a54d4e55b278e9f760,Neutral,Neutral,10,0.0,6000.242,60002.42,0,0,0,10,0,2.1000841,,,276.3970219999952,62713.141812,-62436.744790000004
2024-10-14,0x4f93fead39b70a1824f981a54d4e55b278e9f760,Neutral,Neutral,5,1913.61958,12383.204000000002,61916.020000000004,5,0,5,5,0,4.3341208,1.0,,2190.016601999995,62713.141812,-60523.125210000006
2024-10-15,0x4f93fead39b70a1824f981a54d4e55b278e9f760,Greed,Greed,7,1170.2260760000001,11596.194285714286,81173.36,4,0,4,7,0,4.058667571428571,1.0,,3360.242677999995,62713.141812,-59352.89913400001
2024-10-16,0x4f93fead39b70a1824f981a54d4e55b278e9f760,Greed,Greed,11,219.480876,7293.560909090909,80229.17,3,0,3,11,0,2.5527458181818186,1.0,,3579.723553999995,62713.141812,-59133.418258000005
2024-10-17,0x4f93fead39b70a1824f981a54d4e55b278e9f760,Greed,Greed,8,36.11496,17504.00375,140032.03,1,1,2,8,0,6.12640075,0.5,,3615.8385139999955,62713.141812,-59097.303298000006
2024-10-18,0x4f93fead39b70a1824f981a54d4e55b278e9f760,Greed,Greed,6,333.219141,20055.238333333335,120331.43000000001,5,0,5,6,0,7.019333,1.0,,3949.057654999995,62713.141812,-58764.084157000005
2024-10-19,0x4f93fead39b70a1824f981a54d4e55b278e9f760,Greed,Greed,4,0.0,24999.215,99996.86,0,0,0,4,0,8.749725250000001,,,3949.057654999995,62713.141812,-58764.084157000005
2024-10-20,0x4f93fead39b70a1824f981a54d4e55b278e9f760,Greed,Greed,6,229.060526,20037.618333333336,120225.71,5,0,5,6,0,7.0131654999999995,1.0,,4178.118180999995,62713.141812,-58535.023631000004
2024-10-21,0x4f93fead39b70a1824f981a54d4e55b278e9f760,Greed,Greed,11,0.0,13638.561818181817,150024.18,0,0,0,11,0,4.7734962727272725,,,4178.118180999995,62713.141812,-58535.023631000004
2024-10-22,0x4f93fead39b70a1824f981a54d4e55b278e9f760,Greed,Greed,3,0.0,20000.12,60000.36,0,0,0,3,0,7.000041333333333,,,4178.118180999995,62713.141812,-58535.023631000004
2024-10-23,0x4f93fead39b70a1824f981a54d4e55b278e9f760,Greed,Greed,18,-46.489941,11667.003888888888,210006.07,0,3,3,18,0,4.083450611111111,0.0,,4131.6282399999955,62713.141812,-58581.513572
2024-10-25,0x4f93fead39b70a1824f981a54d4e55b278e9f760,Greed,Greed,25,4543.862071,16183.4872,404587.18,16,0,16,25,0,5.6642201199999995,1.0,,8675.490310999994,62713.141812,-54037.65150100001
2024-10-27,0x4f93fead39b70a1824f981a54d4e55b278e9f760,Greed,Greed,4,666.6623079999999,22666.1025,90664.41,3,0,3,3,1,7.933135,1.0,3.0,9342.152618999995,62713.141812,-53370.98919300001
2024-10-28,0x4f93fead39b70a1824f981a54d4e55b278e9f760,Greed,Greed,9,0.0,13332.702222222222,119994.32,0,0,0,0,9,4.6664449999999995,,0.0,9342.152618999995,62713.141812,-53370.98919300001
2024-10-29,0x4f93fead39b70a1824f981a54d4e55b278e9f760,Greed,Greed,37,0.0,16285.80864864865,602574.92,0,0,0,0,37,5.700032675675676,,0.0,9342.152618999995,62713.141812,-53370.98919300001
2024-10-31,0x4f93fead39b70a1824f981a54d4e55b278e9f760,Greed,Extreme Greed,28,765.475192,30487.215,853642.02,23,0,23,2,26,10.670524642857144,1.0,0.07692307692307693,10107.627810999995,62713.141812,-52605.514001
2024-11-01,0x4f93fead39b70a1824f981a54d4e55b278e9f760,Greed,Extreme Greed,9,1040.5747959999999,25670.122222222224,231031.1,2,0,2,9,0,8.984542333333334,1.0,,11148.202606999996,62713.141812,-51564.939205
2024-11-02,0x4f93fead39b70a1824f981a54d4e55b278e9f760,Greed,Greed,2,0.0,20000.0,40000.0,0,0,0,2,0,6.9999985,,,11148.202606999996,62713.141812,-51564.939205
2024-11-03,0x4f93fead39b70a1824f981a54d4e55b278e9f760,Greed,Greed,4,0.0,27498.585,109994.34,0,0,0,4,0,9.6245055,,,11148.202606999996,62713.141812,-51564.939205
2024-11-04,0x4f93fead39b70a1824f981a54d4e55b278e9f760,Greed,Greed,26,2259.351364,16623.486153846156,432210.64,13,0,13,26,0,5.8182198846153845,1.0,,13407.553970999994,62713.141812,-49305.58784100001
2024-11-05,0x4f93fead39b70a1824f981a54d4e55b278e9f760,Greed,Greed,10,678.4759280000001,20062.723,200627.23,5,0,5,10,0,7.021952400000001,1.0,,14086.029898999996,62713.141812,-48627.11191300001
2024-11-06,0x4f93fead39b70a1824f981a54d4e55b278e9f760,Greed,Greed,12,2821.24842,10158.865,121906.38,7,0,7,12,0,3.5556025000000004,1.0,,16907.278318999994,62713.141812,-45805.86349300001
2024-11-07,0x4f93fead39b70a1824f981a54d4e55b278e9f760,Greed,Extreme Greed,2,628.96246,30314.425,60628.85,1,0,1,2,0,10.610048500000001,1.0,,17536.240778999996,62713.141812,-45176.901033
2024-11-08,0x4f93fead39b70a1824f981a54d4e55b278e9f760,Greed,Extreme Greed,24,646.3734049999999,10026.734583333333,240641.63,6,0,6,24,0,3.509356541666667,1.0,,18182.614183999995,62713.141812,-44530.52762800001
2024-11-09,0x4f93fead39b70a1824f981a54d4e55b278e9f760,Greed,Extreme Greed,9,0.0,16666.712222222224,150000.41,0,0,0,9,0,5.8333493333333335,,,18182.614183999995,62713.141812,-44530.52762800001
2024-11-10,0x4f93fead39b70a1824f981a54d4e55b278e9f760,Greed,Extreme Greed,8,548.36595,22568.36875,180546.95,6,0,6,8,0,7.8989285,1.0,,18730.980133999994,62713.141812,-43982.161678000004
2024-11-11,0x4f93fead39b70a1824f981a54d4e55b278e9f760,Greed,Extreme Greed,20,1479.677222,16571.107,331422.14,9,0,9,20,0,5.7998871,1.0,,20210.657355999996,62713.141812,-42502.484456000006
2024-11-12,0x4f93fead39b70a1824f981a54d4e55b278e9f760,Greed,Extreme Greed,74,2053.119744,14354.293783783784,1062217.74,12,0,12,74,0,5.02400222972973,1.0,,22263.777099999996,62713.141812,-40449.36471200001
2024-11-13,0x4f93fead39b70a1824f981a54d4e55b278e9f760,Greed,Extreme Greed,25,7680.907897,19512.4728,487811.82,16,0,16,25,0,6.82936544,1.0,,29944.684996999997,62713.141812,-32768.456815000005
2024-11-14,0x4f93fead39b70a1824f981a54d4e55b278e9f760,Greed,Extreme Greed,41,2348.106228,21522.69975609756,882430.6900000001,14,0,14,41,0,7.238963024390244,1.0,,32292.791224999994,62713.141812,-30420.350587000008
2024-11-15,0x4f93fead39b70a1824f981a54d4e55b278e9f760,Greed,Extreme Greed,79,2003.536586,17219.896202531647,1360371.8,33,0,33,48,31,5.747994886075949,1.0,1.5483870967741935,34296.327810999996,62713.141812,-28416.814001000006
2024-11-16,0x4f93fead39b70a1824f981a54d4e55b278e9f760,Greed,Extreme Greed,12,255.14686999999998,18322.8475,219874.16999999998,7,0,7,6,6,6.079413916666667,1.0,1.0,34551.47468099999,62713.141812,-28161.66713100001
2024-11-17,0x4f93fead39b70a1824f981a54d4e55b278e9f760,Greed,Extreme Greed,26,546.624374,23861.476153846153,620398.38,8,0,8,24,2,7.158442,1.0,12.0,35098.09905499999,62713.141812,-27615.04275700001
2024-11-18,0x4f93fead39b70a1824f981a54d4e55b278e9f760,Greed,Extreme Greed,35,3158.176614,26917.316857142858,942106.09,15,0,15,34,1,8.075194371428571,1.0,34.0,38256.275668999995,62713.141812,-24456.866143000007
2024-11-19,0x4f93fead39b70a1824f981a54d4e55b278e9f760,Greed,Extreme Greed,30,1573.210981,10658.076000000001,319742.28,15,0,15,8,22,3.1974221666666667,1.0,0.36363636363636365,39829.48664999999,62713.141812,-22883.65516200001
2024-11-20,0x4f93fead39b70a1824f981a54d4e55b278e9f760,Greed,Extreme Greed,33,2259.775633,25402.638787878786,838287.08,16,0,16,13,20,7.620790848484848,1.0,0.65,42089.262283,62713.141812,-20623.879529000005
2024-11-21,0x4f93fead39b70a1824f981a54d4e55b278e9f760,Greed,Extreme Greed,9,909.745283,17786.91,160082.19,4,0,4,7,2,5.336072444444444,1.0,3.5,42999.00756599999,62713.141812,-19714.13424600001
2024-11-22,0x4f93fead39b70a1824f981a54d4e55b278e9f760,Greed,Extreme Greed,18,1825.01255,16769.490555555556,301850.83,12,0,12,18,0,5.030846777777778,1.0,,44824.02011599999,62713.141812,-17889.12169600001
2024-11-23,0x4f93fead39b70a1824f981a54d4e55b278e9f760,Greed,Extreme Greed,9,0.0,6667.414444444444,60006.729999999996,0,0,0,9,0,2.0002235555555554,,,44824.02011599999,62713.141812,-17889.12169600001
2024-11-24,0x4f93fead39b70a1824f981a54d4e55b278e9f760,Greed,Extreme Greed,33,445.338356,15770.984848484848,520442.5,5,0,5,33,0,4.731294636363637,1.0,,45269.35847199999,62713.141812,-17443.78334000001
2024-11-25,0x4f93fead39b70a1824f981a54d4e55b278e9f760,Greed,Extreme Greed,30,5059.459732,28814.273999999998,864428.22,10,0,10,30,0,8.6442816,1.0,,50328.818203999996,62713.141812,-12384.323608000006
2024-11-26,0x4f93fead39b70a1824f981a54d4e55b278e9f760,Greed,Extreme Greed,22,0.0,19319.39181818182,425026.62,0,0,0,22,0,5.7958169545454545,,,50328.818203999996,62713.141812,-12384.323608000006
2024-11-27,0x4f93fead39b70a1824f981a54d4e55b278e9f760,Greed,Extreme Greed,44,-2848.159792,28557.08818181818,1256511.88,0,37,37,40,4,8.567125795454546,0.0,10.0,47480.658412,62713.141812,-15232.483400000005
2024-11-28,0x4f93fead39b70a1824f981a54d4e55b278e9f760,Greed,Extreme Greed,12,1174.315571,28232.108333333334,338785.3,6,0,6,3,9,8.469632500000001,1.0,0.3333333333333333,48654.973982999996,62713.141812,-14058.167829000005
2024-11-29,0x4f93fead39b70a1824f981a54d4e55b278e9f760,Greed,Extreme Greed,7,610.52512,25798.085714285717,180586.6,1,0,1,1,6,7.739425428571429,1.0,0.16666666666666666,49265.499102999995,62713.141812,-13447.642709000007
2024-11-30,0x4f93fead39b70a1824f981a54d4e55b278e9f760,Greed,Extreme Greed,12,850.54514,19926.774999999998,239121.3,5,0,5,7,5,5.978031583333333,1.0,1.4,50116.044243,62713.141812,-12597.097569000005
2024-12-01,0x4f93fead39b70a1824f981a54d4e55b278e9f760,Greed,Extreme Greed,27,337.835516,22229.845925925925,600205.84,16,0,16,15,12,6.668953370370371,1.0,1.25,50453.879758999996,62713.141812,-12259.262053000006
2024-12-02,0x4f93fead39b70a1824f981a54d4e55b278e9f760,Greed,Extreme Greed,17,754.7378,17691.249411764704,300751.24,6,0,6,17,0,5.307374235294118,1.0,,51208.617559,62713.141812,-11504.524253000003
2024-12-03,0x4f93fead39b70a1824f981a54d4e55b278e9f760,Greed,Extreme Greed,9,1467.1002210000001,31374.63555555556,282371.72000000003,4,0,4,9,0,9.412389333333333,1.0,,52675.71778,62713.141812,-10037.424032000003
2024-12-04,0x4f93fead39b70a1824f981a54d4e55b278e9f760,Greed,Extreme Greed,13,291.35271,20080.955384615383,261052.41999999998,3,0,3,11,2,6.024285769230769,1.0,5.5,52967.07049,62713.141812,-9746.071322000003
2024-12-05,0x4f93fead39b70a1824f981a54d4e55b278e9f760,Greed,Extreme Greed,19,1435.68724,40074.16368421053,761409.11,2,0,2,2,17,12.022248578947368,1.0,0.11764705882352941,54402.75773,62713.141812,-8310.384082000004
2024-12-06,0x4f93fead39b70a1824f981a54d4e55b278e9f760,Greed,Greed,59,7206.315268,25128.245762711864,1482566.5,21,0,21,40,19,7.538473254237288,1.0,2.1052631578947367,61609.072997999996,62713.141812,-1104.0688140000057
2024-12-07,0x4f93fead39b70a1824f981a54d4e55b278e9f760,Greed,Extreme Greed,4,2342.996384,49620.3625,198481.45,4,0,4,0,4,14.8861075,1.0,0.0,63952.069381999994,63952.069381999994,0.0
2024-12-08,0x4f93fead39b70a1824f981a54d4e55b278e9f760,Greed,Extreme Greed,7,0.0,8570.51857142857,59993.63,0,0,0,0,7,2.571154857142857,,0.0,63952.069381999994,63952.069381999994,0.0
2024-12-09,0x4f93fead39b70a1824f981a54d4e55b278e9f760,Greed,Extreme Greed,17,2350.499742,21156.991764705883,359668.86,7,0,7,8,9,6.347096941176471,1.0,0.8888888888888888,66302.569124,66302.569124,0.0
2024-12-10,0x4f93fead39b70a1824f981a54d4e55b278e9f760,Greed,Extreme Greed,36,3986.312514,19470.586944444443,700941.13,12,0,12,25,11,5.841175583333333,1.0,2.272727272727273,70288.88163799999,70288.88163799999,0.0
2024-12-11,0x4f93fead39b70a1824f981a54d4e55b278e9f760,Greed,Greed,30,1083.777057,23331.314333333332,699939.4299999999,8,0,8,4,26,6.999393933333334,1.0,0.15384615384615385,71372.65869499999,71372.65869499999,0.0
2024-12-12,0x4f93fead39b70a1824f981a54d4e55b278e9f760,Greed,Extreme Greed,31,0.0,12254.174838709678,379879.42,0,0,0,0,31,3.6762519032258063,,0.0,71372.65869499999,71372.65869499999,0.0
2024-12-13,0x4f93fead39b70a1824f981a54d4e55b278e9f760,Greed,Extreme Greed,49,6790.274613,20715.92551020408,1015080.35,27,0,27,20,29,6.214777081632652,1.0,0.6896551724137931,78162.93330799999,78162.93330799999,0.0
2024-12-14,0x4f93fead39b70a1824f981a54d4e55b278e9f760,Greed,Extreme Greed,19,570.1898180000001,10507.837368421053,199648.91,6,0,6,10,9,3.1523505263157894,1.0,1.1111111111111112,78733.12312599999,78733.12312599999,0.0
2024-12-15,0x4f93fead39b70a1824f981a54d4e55b278e9f760,Greed,Extreme Greed,21,263.914304,14297.049523809523,300238.04,5,0,5,5,16,4.289114428571429,1.0,0.3125,78997.03743,78997.03743,0.0
2024-12-16,0x4f93fead39b70a1824f981a54d4e55b278e9f760,Greed,Extreme Greed,27,0.0,32579.84037037037,879655.69,0,0,0,0,27,9.773951333333333,,0.0,78997.03743,78997.03743,0.0
2024-12-17,0x4f93fead39b70a1824f981a54d4e55b278e9f760,Greed,Extreme Greed,12,0.0,14999.839166666667,179998.07,0,0,0,0,12,4.499951083333333,,0.0,78997.03743,78997.03743,0.0
2024-12-18,0x4f93fead39b70a1824f981a54d4e55b278e9f760,Greed,Extreme Greed,62,-4627.220257,28169.055161290322,1746481.42,5,35,40,27,35,8.450716096774194,0.125,0.7714285714285715,74369.81717299999,78997.03743,-4627.220257000008
2024-12-19,0x4f93fead39b70a1824f981a54d4e55b278e9f760,Greed,Extreme Greed,53,1582.2032900000002,17374.649433962266,920856.42,6,0,6,53,0,5.212394433962264,1.0,,75952.020463,78997.03743,-3045.016967000003
2024-12-20,0x4f93fead39b70a1824f981a54d4e55b278e9f760,Greed,Greed,6,0.0,37047.935,222287.61,0,0,0,6,0,11.114379999999999,,,75952.020463,78997.03743,-3045.016967000003
2024-12-21,0x4f93fead39b70a1824f981a54d4e55b278e9f760,Greed,Greed,50,1367.500173,20223.721400000002,1011186.0700000001,28,0,28,50,0,6.067116039999999,1.0,,77319.520636,78997.03743,-1677.5167939999956
2024-12-22,0x4f93fead39b70a1824f981a54d4e55b278e9f760,Greed,Greed,3,0.0,43336.74,130010.22,0,0,0,3,0,13.001020333333335,,,77319.520636,78997.03743,-1677.5167939999956
2024-12-23,0x4f93fead39b70a1824f981a54d4e55b278e9f760,Greed,Greed,16,0.0,21196.97,339151.52,0,0,0,16,0,6.3590901875,,,77319.520636,78997.03743,-1677.5167939999956
2024-12-24,0x4f93fead39b70a1824f981a54d4e55b278e9f760,Greed,Greed,32,2081.2674110000003,29259.798125,936313.54,21,0,21,24,8,8.77793865625,1.0,3.0,79400.788047,79400.788047,0.0
2024-12-25,0x4f93fead39b70a1824f981a54d4e55b278e9f760,Greed,Greed,3,0.0,23333.069999999996,69999.20999999999,0,0,0,0,3,6.999920333333333,,0.0,79400.788047,79400.788047,0.0
2024-12-26,0x4f93fead39b70a1824f981a54d4e55b278e9f760,Greed,Extreme Greed,21,7617.597338,21067.338571428572,442414.11,8,0,8,12,9,6.32020119047619,1.0,1.3333333333333333,87018.385385,87018.385385,0.0
2024-12-27,0x4f93fead39b70a1824f981a54d4e55b278e9f760,Greed,Greed,18,0.0,3890.9755555555553,70037.56,0,0,0,18,0,1.1672920555555555,,,87018.385385,87018.385385,0.0
2024-12-28,0x4f93fead39b70a1824f981a54d4e55b278e9f760,Greed,Greed,6,16.972942,18342.231666666667,110053.39,3,0,3,3,3,5.5026684999999995,1.0,1.0,87035.358327,87035.358327,0.0
2024-12-29,0x4f93fead39b70a1824f981a54d4e55b278e9f760,Greed,Greed,14,390.062046,5685.322142857142,79594.51,4,0,4,3,11,1.705596,1.0,0.2727272727272727,87425.420373,87425.420373,0.0
2024-12-30,0x4f93fead39b70a1824f981a54d4e55b278e9f760,Greed,Greed,22,4235.298688000001,25644.989545454548,564189.77,9,0,9,22,0,7.693496045454546,1.0,,91660.719061,91660.719061,0.0
2024-12-31,0x4f93fead39b70a1824f981a54d4e55b278e9f760,Greed,Greed,47,2301.21954,10472.761489361701,492219.79,2,0,2,47,0,3.141827765957447,1.0,,93961.938601,93961.938601,0.0
2025-01-01,0x4f93fead39b70a1824f981a54d4e55b278e9f760,Greed,Greed,1,0.0,49999.51,49999.51,0,0,0,1,0,14.999852,,,93961.938601,93961.938601,0.0
2025-01-02,0x4f93fead39b70a1824f981a54d4e55b278e9f760,Greed,Greed,19,2399.9471460000004,19582.443684210524,372066.43,8,0,8,19,0,5.874732421052632,1.0,,96361.885747,96361.885747,0.0
2025-01-03,0x4f93fead39b70a1824f981a54d4e55b278e9f760,Greed,Greed,48,3084.287743,9644.217708333334,462922.45,29,0,29,48,0,3.1666163958333335,1.0,,99446.17349,99446.17349,0.0
2025-01-04,0x4f93fead39b70a1824f981a54d4e55b278e9f760,Greed,Greed,14,0.0,7142.837142857143,99999.72,0,0,0,14,0,2.1785627857142855,,,99446.17349,99446.17349,0.0
2025-01-05,0x4f93fead39b70a1824f981a54d4e55b278e9f760,Greed,Greed,19,890.33157,19427.31105263158,369118.91000000003,4,0,4,19,0,6.455740210526316,1.0,,100336.50506,100336.50506,0.0
2025-01-06,0x4f93fead39b70a1824f981a54d4e55b278e9f760,Greed,Extreme Greed,32,3575.442423,10735.9740625,343551.17,14,0,14,32,0,3.7575904375,1.0,,103911.947483,103911.947483,0.0
2025-01-07,0x4f93fead39b70a1824f981a54d4e55b278e9f760,Greed,Extreme Greed,39,0.0,12147.022564102565,473733.88,0,0,0,39,0,4.251457435897436,,,103911.947483,103911.947483,0.0
2025-01-08,0x4f93fead39b70a1824f981a54d4e55b278e9f760,Greed,Greed,16,0.0,19291.1175,308657.88,0,0,0,16,0,6.7518910000000005,,,103911.947483,103911.947483,0.0
2025-01-10,0x4f93fead39b70a1824f981a54d4e55b278e9f760,Neutral,Neutral,219,-36229.641811,26918.19479452055,5895084.66,98,19,117,219,0,8.754690347031964,0.8376068376068376,,67682.30567199999,103911.947483,-36229.64181100001
2025-01-11,0x4f93fead39b70a1824f981a54d4e55b278e9f760,Greed,Greed,76,1559.841529,20461.92407894737,1555106.23,27,0,27,76,0,6.1385764210526315,1.0,,69242.147201,103911.947483,-34669.800282
2025-01-12,0x4f93fead39b70a1824f981a54d4e55b278e9f760,Greed,Greed,75,736.621517,24737.227600000002,1855292.07,34,0,34,64,11,7.42116764,1.0,5.818181818181818,69978.76871799999,103911.947483,-33933.178765000004
2025-01-13,0x4f93fead39b70a1824f981a54d4e55b278e9f760,Greed,Greed,97,1756.982034,24201.82237113402,2347576.77,54,0,54,91,6,7.260546195876288,1.0,15.166666666666666,71735.75075199999,103911.947483,-32176.196731000004
2025-01-14,0x4f93fead39b70a1824f981a54d4e55b278e9f760,Greed,Greed,42,1878.804638,15041.543095238096,631744.81,17,0,17,42,0,4.512462333333334,1.0,,73614.55539,103911.947483,-30297.392093000002
2025-01-15,0x4f93fead39b70a1824f981a54d4e55b278e9f760,Greed,Greed,73,7470.003118,21394.826301369863,1561822.32,42,0,42,68,5,6.418447356164383,1.0,13.6,81084.55850799999,103911.947483,-22827.38897500001
2025-01-16,0x4f93fead39b70a1824f981a54d4e55b278e9f760,Greed,Extreme Greed,100,5170.4237570000005,27260.669100000003,2726066.91,55,2,57,98,2,8.17820014,0.9649122807017544,49.0,86254.982265,103911.947483,-17656.965217999998
2025-01-17,0x4f93fead39b70a1824f981a54d4e55b278e9f760,Greed,Extreme Greed,21,811.1445319999999,30510.78523809524,640726.49,7,0,7,21,0,9.15323480952381,1.0,,87066.12679699999,103911.947483,-16845.820686000006
2025-01-18,0x4f93fead39b70a1824f981a54d4e55b278e9f760,Greed,Extreme Greed,58,4078.848863,32431.74827586207,1881041.4000000001,32,0,32,50,8,9.729524068965517,1.0,6.25,91144.97566,103911.947483,-12766.971823
2025-01-19,0x4f93fead39b70a1824f981a54d4e55b278e9f760,Greed,Extreme Greed,88,3253.260003,25180.392613636363,2215874.55,32,0,32,49,39,7.554117159090908,1.0,1.2564102564102564,94398.235663,103911.947483,-9513.711819999997
2025-01-20,0x4f93fead39b70a1824f981a54d4e55b278e9f760,Greed,Extreme Greed,194,7466.841136,29887.263092783505,5798129.04,69,0,69,176,18,8.45006775257732,1.0,9.777777777777779,101865.076799,103911.947483,-2046.870683999994
2025-01-21,0x4f93fead39b70a1824f981a54d4e55b278e9f760,Greed,Extreme Greed,92,2953.3108039999997,14189.073260869565,1305394.74,40,0,40,62,30,3.547267858695652,1.0,2.066666666666667,104818.387603,104818.387603,0.0
2025-01-22,0x4f93fead39b70a1824f981a54d4e55b278e9f760,Greed,Extreme Greed,61,2971.896355,17456.443770491805,1064843.07,25,0,25,32,29,4.364110327868852,1.0,1.103448275862069,107790.283958,107790.283958,0.0
2025-01-23,0x4f93fead39b70a1824f981a54d4e55b278e9f760,Greed,Extreme Greed,82,6749.1349199999995,17999.84780487805,1475987.52,22,0,22,71,11,4.499961280487805,1.0,6.454545454545454,114539.418878,114539.418878,0.0
2025-01-24,0x4f93fead39b70a1824f981a54d4e55b278e9f760,Greed,Extreme Greed,42,1707.06994,14664.804285714286,615921.78,16,0,16,26,16,3.6662005,1.0,1.625,116246.488818,116246.488818,0.0
2025-01-25,0x4f93fead39b70a1824f981a54d4e55b278e9f760,Greed,Extreme Greed,18,446.44485399999996,22485.88888888889,404746.0,4,0,4,14,4,5.621471888888889,1.0,3.5,116692.933672,116692.933672,0.0
2025-01-27,0x4f93fead39b70a1824f981a54d4e55b278e9f760,Greed,Greed,15,0.0,33170.452666666664,497556.79,0,0,0,15,0,9.951135266666666,,,116692.933672,116692.933672,0.0
2025-01-30,0x4f93fead39b70a1824f981a54d4e55b278e9f760,Greed,Greed,75,3278.847724,21280.349733333333,1596026.23,35,3,38,71,4,6.3841043866666665,0.9210526315789473,17.75,119971.78139599999,119971.78139599999,0.0
2025-01-31,0x4f93fead39b70a1824f981a54d4e55b278e9f760,Greed,Extreme Greed,59,975.654751,13735.521525423728,810395.77,21,0,21,50,9,4.120656186440678,1.0,5.555555555555555,120947.436147,120947.436147,0.0
2025-02-01,0x4f93fead39b70a1824f981a54d4e55b278e9f760,Greed,Greed,4,0.0,22500.69,90002.76,0,0,0,4,0,6.750206,,,120947.436147,120947.436147,0.0
2025-02-02,0x4f93fead39b70a1824f981a54d4e55b278e9f760,Greed,Greed,30,0.0,25418.461333333333,762553.84,0,0,0,30,0,7.625538033333333,,,120947.436147,120947.436147,0.0
2025-02-04,0x4f93fead39b70a1824f981a54d4e55b278e9f760,Greed,Greed,9,6403.5061239999995,95439.94666666667,858959.52,9,0,9,9,0,28.631983444444447,1.0,,127350.94227099999,127350.94227099999,0.0
2025-02-05,0x4f93fead39b70a1824f981a54d4e55b278e9f760,Neutral,Neutral,9,0.0,16663.026666666665,149967.24,0,0,0,9,0,4.998907777777777,,,127350.94227099999,127350.94227099999,0.0
2025-02-06,0x4f93fead39b70a1824f981a54d4e55b278e9f760,Neutral,Neutral,10,440.753133,30041.394,300413.94,4,0,4,10,0,9.012418,1.0,,127791.695404,127791.695404,0.0
2025-02-07,0x4f93fead39b70a1824f981a54d4e55b278e9f760,Fear,Fear,27,3691.30885,19508.291481481483,526723.87,9,0,9,13,14,5.852487074074075,1.0,0.9285714285714286,131483.004254,131483.004254,0.0
2025-02-08,0x4f93fead39b70a1824f981a54d4e55b278e9f760,Fear,Fear,8,0.0,22498.25125,179986.01,0,0,0,8,0,6.74947525,,,131483.004254,131483.004254,0.0
2025-02-09,0x4f93fead39b70a1824f981a54d4e55b278e9f760,Neutral,Neutral,3,866.203569,90292.82333333335,270878.47000000003,1,0,1,1,2,27.087846666666668,1.0,0.5,132349.207823,132349.207823,0.0
2025-02-10,0x4f93fead39b70a1824f981a54d4e55b278e9f760,Fear,Fear,84,2069.55836,14470.832976190475,1215549.97,29,0,29,39,45,4.341249380952381,1.0,0.8666666666666667,134418.766183,134418.766183,0.0
2025-02-11,0x4f93fead39b70a1824f981a54d4e55b278e9f760,Neutral,Neutral,56,1353.604398,12581.13017857143,704543.29,22,0,22,36,20,3.7743386607142857,1.0,1.8,135772.370581,135772.370581,0.0
2025-02-12,0x4f93fead39b70a1824f981a54d4e55b278e9f760,Neutral,Neutral,84,5212.729861,14802.268214285714,1243390.53,45,0,45,47,37,4.4406799404761905,1.0,1.2702702702702702,140985.100442,140985.100442,0.0
2025-02-13,0x4f93fead39b70a1824f981a54d4e55b278e9f760,Neutral,Neutral,23,2205.413149,17512.87652173913,402796.16,11,0,11,12,11,5.25386243478261,1.0,1.0909090909090908,143190.513591,143190.513591,0.0
2025-02-14,0x4f93fead39b70a1824f981a54d4e55b278e9f760,Neutral,Neutral,58,2678.115601,19911.15103448276,1154846.76,25,0,25,8,50,5.9733448620689655,1.0,0.16,145868.629192,145868.629192,0.0
2025-02-15,0x4f93fead39b70a1824f981a54d4e55b278e9f760,Neutral,Neutral,21,3884.0032459999998,22683.889523809525,476361.68,13,0,13,6,15,6.805166333333333,1.0,0.4,149752.632438,149752.632438,0.0
2025-02-16,0x4f93fead39b70a1824f981a54d4e55b278e9f760,Neutral,Neutral,25,314.96786,14405.7528,360143.82,11,0,11,12,13,4.321725160000001,1.0,0.9230769230769231,150067.600298,150067.600298,0.0
2025-02-17,0x4f93fead39b70a1824f981a54d4e55b278e9f760,Neutral,Neutral,42,1204.110761,12833.438095238096,539004.4,5,0,5,23,19,3.850031428571429,1.0,1.2105263157894737,151271.711059,151271.711059,0.0
2025-02-18,0x4f93fead39b70a1824f981a54d4e55b278e9f760,Neutral,Neutral,44,1670.219701,13191.782954545453,580438.45,14,0,14,28,16,3.957534363636363,1.0,1.75,152941.93076,152941.93076,0.0
2025-02-19,0x4f93fead39b70a1824f981a54d4e55b278e9f760,Fear,Fear,58,3512.2119079999998,16248.182068965516,942394.5599999999,23,0,23,34,24,4.874454103448276,1.0,1.4166666666666667,156454.142668,156454.142668,0.0
2025-02-20,0x4f93fead39b70a1824f981a54d4e55b278e9f760,Neutral,Neutral,90,1829.292797,17114.072111111112,1540266.49,40,0,40,24,66,5.134221166666666,1.0,0.36363636363636365,158283.435465,158283.435465,0.0
2025-02-21,0x4f93fead39b70a1824f981a54d4e55b278e9f760,Greed,Greed,76,5993.575314,17026.42842105263,1294008.56,8,0,8,22,54,5.107928065789474,1.0,0.4074074074074074,164277.010779,164277.010779,0.0
2025-02-22,0x4f93fead39b70a1824f981a54d4e55b278e9f760,Neutral,Neutral,91,1287.143384,16717.653406593407,1521306.46,52,0,52,91,0,5.0152952527472525,1.0,,165564.154163,165564.154163,0.0
2025-02-23,0x4f93fead39b70a1824f981a54d4e55b278e9f760,Neutral,Neutral,31,109.68322,9029.90806451613,279927.15,7,6,13,23,8,2.708971870967742,0.5384615384615384,2.875,165673.837383,165673.837383,0.0
2025-02-24,0x4f93fead39b70a1824f981a54d4e55b278e9f760,Neutral,Neutral,17,1925.839355,27169.443529411765,461880.54,5,0,5,17,0,8.150832529411765,1.0,,167599.67673799998,167599.67673799998,0.0
2025-02-25,0x4f93fead39b70a1824f981a54d4e55b278e9f760,Fear,Fear,51,0.0,19559.930980392157,997556.48,0,0,0,51,0,5.867978980392157,,,167599.67673799998,167599.67673799998,0.0
2025-03-02,0x4f93fead39b70a1824f981a54d4e55b278e9f760,Fear,Fear,26,11005.991600000001,43406.429615384615,1128567.17,21,0,21,26,0,13.021928269230768,1.0,,178605.668338,178605.668338,0.0
2025-03-03,0x4f93fead39b70a1824f981a54d4e55b278e9f760,Fear,Fear,12,1136.272279,26764.120833333334,321169.45,6,0,6,12,0,8.029236,1.0,,179741.940617,179741.940617,0.0
2025-03-04,0x4f93fead39b70a1824f981a54d4e55b278e9f760,Fear,Extreme Fear,59,8002.939313,25872.653898305085,1526486.58,28,0,28,48,11,7.761795406779661,1.0,4.363636363636363,187744.87993,187744.87993,0.0
2025-03-05,0x4f93fead39b70a1824f981a54d4e55b278e9f760,Fear,Extreme Fear,54,2741.101375,28870.43833333333,1559003.67,20,0,20,3,51,8.66113088888889,1.0,0.058823529411764705,190485.981305,190485.981305,0.0
2025-03-06,0x4f93fead39b70a1824f981a54d4e55b278e9f760,Fear,Fear,37,3069.196282,17383.593783783785,643192.97,10,4,14,29,8,5.2150779459459455,0.7142857142857143,3.625,193555.17758699998,193555.17758699998,0.0
2025-03-07,0x4f93fead39b70a1824f981a54d4e55b278e9f760,Fear,Fear,22,3273.5394420000002,10090.28,221986.16,18,0,18,17,5,3.0270835000000003,1.0,3.4,196828.717029,196828.717029,0.0
2025-03-08,0x4f93fead39b70a1824f981a54d4e55b278e9f760,Fear,Fear,17,0.0,7059.288823529412,120007.91,0,0,0,17,0,2.117785882352941,,,196828.717029,196828.717029,0.0
2025-03-09,0x4f93fead39b70a1824f981a54d4e55b278e9f760,Fear,Fear,11,0.0,38167.586363636365,419843.45,0,0,0,11,0,11.450275,,,196828.717029,196828.717029,0.0
2025-03-10,0x4f93fead39b70a1824f981a54d4e55b278e9f760,Fear,Extreme Fear,103,14133.265684,25248.4113592233,2600586.37,42,0,42,103,0,7.574522834951456,1.0,,210961.982713,210961.982713,0.0
2025-03-11,0x4f93fead39b70a1824f981a54d4e55b278e9f760,Fear,Extreme Fear,33,2479.265806,31854.999696969695,1051214.99,21,0,21,31,2,9.556499303030304,1.0,15.5,213441.248519,213441.248519,0.0
2025-03-12,0x4f93fead39b70a1824f981a54d4e55b278e9f760,Fear,Fear,10,0.0,17999.379,179993.79,0,0,0,10,0,5.3998123,,,213441.248519,213441.248519,0.0
2025-03-13,0x4f93fead39b70a1824f981a54d4e55b278e9f760,Neutral,Neutral,22,5770.595066,28439.44318181818,625667.75,8,0,8,22,0,8.531832636363635,1.0,,219211.843585,219211.843585,0.0
2025-03-14,0x4f93fead39b70a1824f981a54d4e55b278e9f760,Fear,Fear,25,11039.384571,22036.92,550923.0,10,0,10,10,15,6.61107528,1.0,0.6666666666666666,230251.228156,230251.228156,0.0
2025-03-15,0x4f93fead39b70a1824f981a54d4e55b278e9f760,Neutral,Neutral,8,575.945518,17424.6975,139397.58,7,0,7,1,7,5.227409,1.0,0.14285714285714285,230827.173674,230827.173674,0.0
2025-03-16,0x4f93fead39b70a1824f981a54d4e55b278e9f760,Fear,Fear,6,144.99309,26689.39,160136.34,2,0,2,6,0,8.006816833333334,1.0,,230972.166764,230972.166764,0.0
2025-03-17,0x4f93fead39b70a1824f981a54d4e55b278e9f760,Fear,Fear,11,2220.589556,18384.756363636363,202232.32,8,0,8,9,2,5.515426727272727,1.0,4.5,233192.75632,233192.75632,0.0
2025-03-18,0x4f93fead39b70a1824f981a54d4e55b278e9f760,Fear,Fear,44,362.477712,9083.757954545454,399685.35,1,0,1,40,4,2.725127181818182,1.0,10.0,233555.234032,233555.234032,0.0
2025-03-19,0x4f93fead39b70a1824f981a54d4e55b278e9f760,Fear,Fear,29,1438.717656,11776.706206896552,341524.48,28,0,28,29,0,3.533011068965517,1.0,,234993.951688,234993.951688,0.0
2025-03-20,0x4f93fead39b70a1824f981a54d4e55b278e9f760,Neutral,Neutral,8,0.0,14999.98875,119999.91,0,0,0,8,0,4.499995875,,,234993.951688,234993.951688,0.0
2025-03-21,0x4f93fead39b70a1824f981a54d4e55b278e9f760,Fear,Fear,6,0.0,30000.725000000002,180004.35,0,0,0,6,0,9.000217000000001,,,234993.951688,234993.951688,0.0
2025-03-22,0x4f93fead39b70a1824f981a54d4e55b278e9f760,Fear,Fear,24,58.007635,12502.583333333334,300062.0,24,0,24,24,0,3.7507746666666666,1.0,,235051.959323,235051.959323,0.0
2025-03-23,0x4f93fead39b70a1824f981a54d4e55b278e9f760,Fear,Fear,10,134.82844,4013.454,40134.54,9,0,9,10,0,1.2040355999999999,1.0,,235186.787763,235186.787763,0.0
2025-03-24,0x4f93fead39b70a1824f981a54d4e55b278e9f760,Neutral,Neutral,14,0.0,4285.6335714285715,59998.869999999995,0,0,0,0,14,1.2856895000000002,,0.0,235186.787763,235186.787763,0.0
2025-03-25,0x4f93fead39b70a1824f981a54d4e55b278e9f760,Neutral,Neutral,9,217.47456799999998,13309.063333333334,119781.57,5,0,5,4,5,4.2149424444444445,1.0,0.8,235404.262331,235404.262331,0.0
2025-03-26,0x4f93fead39b70a1824f981a54d4e55b278e9f760,Neutral,Neutral,10,980.433384,20075.693,200756.93,6,0,6,8,2,7.026491900000001,1.0,4.0,236384.69571499998,236384.69571499998,0.0
2025-03-27,0x4f93fead39b70a1824f981a54d4e55b278e9f760,Fear,Fear,40,4329.319769,19609.212,784368.48,16,0,16,40,0,6.863223775,1.0,,240714.015484,240714.015484,0.0
2025-03-28,0x4f93fead39b70a1824f981a54d4e55b278e9f760,Fear,Fear,10,0.0,19998.763,199987.63,0,0,0,10,0,6.999566300000001,,,240714.015484,240714.015484,0.0
2025-03-29,0x4f93fead39b70a1824f981a54d4e55b278e9f760,Fear,Fear,8,0.0,27499.309999999998,219994.47999999998,0,0,0,8,0,9.624757875,,,240714.015484,240714.015484,0.0
2025-03-31,0x4f93fead39b70a1824f981a54d4e55b278e9f760,Fear,Fear,40,2112.5276,18052.58175,722103.27,22,0,22,40,0,6.318403099999999,1.0,,242826.543084,242826.543084,0.0
2025-04-01,0x4f93fead39b70a1824f981a54d4e55b278e9f760,Fear,Fear,20,1402.082488,7070.317,141406.34,8,0,8,20,0,2.4746107,1.0,,244228.625572,244228.625572,0.0
2025-04-02,0x4f93fead39b70a1824f981a54d4e55b278e9f760,Fear,Fear,1,0.0,19999.7,19999.7,0,0,0,1,0,6.999896,,,244228.625572,244228.625572,0.0
2025-04-03,0x4f93fead39b70a1824f981a54d4e55b278e9f760,Fear,Fear,9,0.0,31104.344444444443,279939.1,0,0,0,9,0,10.88652011111111,,,244228.625572,244228.625572,0.0
2025-04-04,0x4f93fead39b70a1824f981a54d4e55b278e9f760,Fear,Fear,21,4591.427138999999,20216.697142857145,424550.64,13,0,13,21,0,7.075843571428571,1.0,,248820.052711,248820.052711,0.0
2025-04-06,0x4f93fead39b70a1824f981a54d4e55b278e9f760,Fear,Fear,7,0.0,25710.512857142858,179973.59,0,0,0,7,0,8.998679714285714,,,248820.052711,248820.052711,0.0
2025-04-07,0x4f93fead39b70a1824f981a54d4e55b278e9f760,Fear,Extreme Fear,45,0.0,13332.73688888889,599973.16,0,0,0,45,0,4.666457155555555,,,248820.052711,248820.052711,0.0
2025-04-08,0x4f93fead39b70a1824f981a54d4e55b278e9f760,Fear,Extreme Fear,28,21114.136771999998,38252.94535714285,1071082.47,24,0,24,28,0,13.388530750000001,1.0,,269934.18948299997,269934.18948299997,0.0
2025-04-09,0x4f93fead39b70a1824f981a54d4e55b278e9f760,Fear,Extreme Fear,45,25875.837656,19464.35377777778,875895.92,24,0,24,45,0,6.812523022222222,1.0,,295810.027139,295810.027139,0.0
2025-04-10,0x4f93fead39b70a1824f981a54d4e55b278e9f760,Fear,Fear,9,0.0,16655.645555555555,149900.81,0,0,0,9,0,4.996692555555556,,,295810.027139,295810.027139,0.0
2025-04-11,0x4f93fead39b70a1824f981a54d4e55b278e9f760,Fear,Fear,3,3188.3381949999994,51029.70333333334,153089.11000000002,3,0,3,3,0,17.860395999999998,1.0,,298998.365334,298998.365334,0.0
2025-04-13,0x4f93fead39b70a1824f981a54d4e55b278e9f760,Neutral,Neutral,8,253.67505,6281.60375,50252.83,3,0,3,8,0,2.198560375,1.0,,299252.040384,299252.040384,0.0
2025-04-14,0x4f93fead39b70a1824f981a54d4e55b278e9f760,Fear,Fear,27,322.73095,4642.299259259259,125342.08,4,0,4,27,0,1.6248045925925925,1.0,,299574.771334,299574.771334,0.0
2025-04-16,0x4f93fead39b70a1824f981a54d4e55b278e9f760,Fear,Fear,4,0.0,18749.704999999998,74998.81999999999,0,0,0,4,0,6.56239575,,,299574.771334,299574.771334,0.0
2025-04-17,0x4f93fead39b70a1824f981a54d4e55b278e9f760,Fear,Fear,9,1713.120195,19636.307777777776,176726.77,8,0,8,9,0,6.872707111111111,1.0,,301287.891529,301287.891529,0.0
2025-04-18,0x4f93fead39b70a1824f981a54d4e55b278e9f760,Fear,Fear,4,0.0,12499.515,49998.06,0,0,0,4,0,4.37483,,,301287.891529,301287.891529,0.0
2025-04-19,0x4f93fead39b70a1824f981a54d4e55b278e9f760,Fear,Fear,18,721.976596,8373.388333333334,150720.99000000002,13,0,13,18,0,2.930685888888889,1.0,,302009.868125,302009.868125,0.0
2025-04-20,0x4f93fead39b70a1824f981a54d4e55b278e9f760,Fear,Fear,8,0.0,15624.63125,124997.05,0,0,0,8,0,5.468620125,,,302009.868125,302009.868125,0.0
2025-04-21,0x4f93fead39b70a1824f981a54d4e55b278e9f760,Fear,Fear,9,459.153994,16717.272222222222,150455.44999999998,9,0,9,9,0,5.851043666666666,1.0,,302469.022119,302469.022119,0.0
2025-04-24,0x4f93fead39b70a1824f981a54d4e55b278e9f760,Greed,Greed,4,0.0,18749.59,74998.36,0,0,0,0,4,6.56235525,,0.0,302469.022119,302469.022119,0.0
2025-04-25,0x4f93fead39b70a1824f981a54d4e55b278e9f760,Greed,Greed,16,0.0,28126.7575,450028.12,0,0,0,0,16,9.844364375,,0.0,302469.022119,302469.022119,0.0
2025-04-30,0x4f93fead39b70a1824f981a54d4e55b278e9f760,Greed,Greed,36,5286.100993,19298.768333333333,694755.66,23,0,23,3,33,6.7545687222222215,1.0,0.09090909090909091,307755.123112,307755.123112,0.0
2025-05-01,0x4f93fead39b70a1824f981a54d4e55b278e9f760,Neutral,Neutral,14,1220.746604,14373.198571428571,201224.78,7,3,10,13,1,5.030619357142858,0.7,13.0,308975.869716,308975.869716,0.0
2024-12-09,0x513b8629fe877bb581bf244e326a047b249c4ff1,Greed,Extreme Greed,42,0.0,1682.2211904761903,70653.29,0,0,0,0,0,0.04530505214285714,,,0.0,0.0,0.0
2024-12-12,0x513b8629fe877bb581bf244e326a047b249c4ff1,Greed,Extreme Greed,89,0.0,3332.177640449438,296563.81,0,0,0,0,0,0.06097473898876404,,,0.0,0.0,0.0
2024-12-15,0x513b8629fe877bb581bf244e326a047b249c4ff1,Greed,Extreme Greed,28,0.0,4194.129285714285,117435.62,0,0,0,0,0,0.062404528928571436,,,0.0,0.0,0.0
2024-12-19,0x513b8629fe877bb581bf244e326a047b249c4ff1,Greed,Extreme Greed,64,0.0,3791.86515625,242679.37,0,0,0,0,0,0.0516150209375,,,0.0,0.0,0.0
2025-02-14,0x513b8629fe877bb581bf244e326a047b249c4ff1,Neutral,Neutral,464,194499.072534,1986.7047629310346,921831.01,464,0,464,0,0,0.6675317693965517,1.0,,194499.072534,194499.072534,0.0
2025-02-17,0x513b8629fe877bb581bf244e326a047b249c4ff1,Neutral,Neutral,292,0.0,3155.894726027397,921521.26,0,0,0,0,0,0.0402835054109589,,,194499.072534,194499.072534,0.0
2025-03-17,0x513b8629fe877bb581bf244e326a047b249c4ff1,Fear,Fear,35,0.0,9144.806857142858,320068.24,0,0,0,35,0,3.0726540285714283,,,194499.072534,194499.072534,0.0
2025-03-18,0x513b8629fe877bb581bf244e326a047b249c4ff1,Fear,Fear,6,5429.87424,43103.988333333335,258623.93000000002,6,0,6,6,0,4.137981833333334,1.0,,199928.946774,199928.946774,0.0
2025-03-19,0x513b8629fe877bb581bf244e326a047b249c4ff1,Fear,Fear,133,13272.411278,6491.884887218045,863420.6900000001,20,23,43,64,70,1.9210666390977444,0.46511627906976744,0.9142857142857143,213201.358052,213201.358052,0.0
2025-03-20,0x513b8629fe877bb581bf244e326a047b249c4ff1,Neutral,Neutral,75,3865.013572,1391.7530666666667,104381.48,75,0,75,75,0,0.13887169333333332,1.0,,217066.37162400002,217066.37162400002,0.0
2025-03-27,0x513b8629fe877bb581bf244e326a047b249c4ff1,Fear,Fear,77,0.0,2064.410909090909,158959.64,0,0,0,77,0,0.6936410519480519,,,217066.37162400002,217066.37162400002,0.0
2025-03-28,0x513b8629fe877bb581bf244e326a047b249c4ff1,Fear,Fear,84,1470.407794,1909.8789285714283,160429.83,84,0,84,84,0,0.6417182857142857,1.0,,218536.77941800002,218536.77941800002,0.0
2025-04-01,0x513b8629fe877bb581bf244e326a047b249c4ff1,Fear,Fear,13,0.0,13807.81,179501.53,0,0,0,13,0,1.3255487692307695,,,218536.77941800002,218536.77941800002,0.0
2025-04-03,0x513b8629fe877bb581bf244e326a047b249c4ff1,Fear,Fear,49,0.0,2260.9597959183675,110787.03,0,0,0,49,0,0.3128071632653061,,,218536.77941800002,218536.77941800002,0.0
2025-04-05,0x513b8629fe877bb581bf244e326a047b249c4ff1,Fear,Fear,34,0.0,2537.0485294117643,86259.65,0,0,0,34,0,0.6857505882352941,,,218536.77941800002,218536.77941800002,0.0
2025-04-07,0x513b8629fe877bb581bf244e326a047b249c4ff1,Fear,Extreme Fear,76,-37999.868086,6969.902236842105,529712.57,6,48,54,48,28,1.2949243552631577,0.1111111111111111,1.7142857142857142,180536.911332,218536.77941800002,-37999.86808600003
2025-04-08,0x513b8629fe877bb581bf244e326a047b249c4ff1,Fear,Extreme Fear,148,3131.840108,9667.030743243244,1430720.55,16,0,16,148,0,0.9280338783783785,1.0,,183668.75144,218536.77941800002,-34868.02797800003
2025-04-09,0x513b8629fe877bb581bf244e326a047b249c4ff1,Fear,Extreme Fear,122,-36253.792726,11281.935245901639,1376396.0999999999,83,4,87,84,39,2.473808303278689,0.9540229885057471,2.1538461538461537,147414.958714,218536.77941800002,-71121.82070400001
2025-04-10,0x513b8629fe877bb581bf244e326a047b249c4ff1,Fear,Fear,337,22908.117384,25584.4765578635,8621968.6,244,2,246,43,295,4.441195448071217,0.991869918699187,0.14576271186440679,170323.076098,218536.77941800002,-48213.70332000003
2025-04-11,0x513b8629fe877bb581bf244e326a047b249c4ff1,Fear,Fear,65,0.0,33255.74600000001,2161623.49,0,0,0,65,0,2.948100076923077,,,170323.076098,218536.77941800002,-48213.70332000003
2025-04-12,0x513b8629fe877bb581bf244e326a047b249c4ff1,Fear,Fear,1251,88152.006818,40967.58708233413,51250451.44,195,133,328,521,730,8.437053226219025,0.5945121951219512,0.7136986301369863,258475.08291599998,258475.08291599998,0.0
2025-04-13,0x513b8629fe877bb581bf244e326a047b249c4ff1,Neutral,Neutral,285,11239.437228,31745.770947368423,9047544.72,86,0,86,285,0,6.503248996491228,1.0,,269714.520144,269714.520144,0.0
2025-04-14,0x513b8629fe877bb581bf244e326a047b249c4ff1,Fear,Fear,230,7922.167264999999,38233.16656521739,8793628.31,58,32,90,230,0,5.864010113043479,0.6444444444444445,,277636.687409,277636.687409,0.0
2025-04-15,0x513b8629fe877bb581bf244e326a047b249c4ff1,Fear,Fear,731,40966.673478000004,25242.244090287277,18452080.43,433,0,433,449,282,1.9314504350205197,1.0,1.5921985815602837,318603.360887,318603.360887,0.0
2025-04-16,0x513b8629fe877bb581bf244e326a047b249c4ff1,Fear,Fear,886,41498.141783,39232.42645598194,34759929.84,342,38,380,684,202,6.430382001128668,0.9,3.386138613861386,360101.50267,360101.50267,0.0
2025-04-17,0x513b8629fe877bb581bf244e326a047b249c4ff1,Fear,Fear,5,0.0,147619.302,738096.51,0,0,0,5,0,0.0,,,360101.50267,360101.50267,0.0
2025-04-18,0x513b8629fe877bb581bf244e326a047b249c4ff1,Fear,Fear,379,43400.145539,58751.562744063325,22266842.28,289,0,289,379,0,11.033686862796834,1.0,,403501.648209,403501.648209,0.0
2025-04-19,0x513b8629fe877bb581bf244e326a047b249c4ff1,Fear,Fear,637,62373.791703999996,43140.85288854003,27480723.29,229,0,229,558,79,8.13115686499215,1.0,7.063291139240507,465875.439913,465875.439913,0.0
2025-04-20,0x513b8629fe877bb581bf244e326a047b249c4ff1,Fear,Fear,160,0.0,52569.3078125,8411089.25,0,0,0,160,0,6.4584546875,,,465875.439913,465875.439913,0.0
2025-04-21,0x513b8629fe877bb581bf244e326a047b249c4ff1,Fear,Fear,869,39772.479641,46044.36062140392,40012549.38,316,132,448,617,253,6.845160978135788,0.7053571428571429,2.438735177865613,505647.919554,505647.919554,0.0
2025-04-22,0x513b8629fe877bb581bf244e326a047b249c4ff1,Neutral,Neutral,418,73209.060448,62608.63574162679,26170409.74,185,0,185,418,0,8.938838083732056,1.0,,578856.980002,578856.980002,0.0
2025-04-23,0x513b8629fe877bb581bf244e326a047b249c4ff1,Greed,Greed,211,1656.211757,54580.961753554504,11516582.93,118,38,156,211,0,12.55362072985782,0.7564102564102564,,580513.191759,580513.191759,0.0
2025-04-24,0x513b8629fe877bb581bf244e326a047b249c4ff1,Greed,Greed,672,35332.403093,47146.683541666665,31682571.34,303,75,378,672,0,9.98129134970238,0.8015873015873016,,615845.594852,615845.594852,0.0
2025-04-25,0x513b8629fe877bb581bf244e326a047b249c4ff1,Greed,Greed,499,8410.75479,49855.811983967935,24878050.18,298,0,298,0,499,11.466836366733467,1.0,0.0,624256.349642,624256.349642,0.0
2025-04-26,0x513b8629fe877bb581bf244e326a047b249c4ff1,Greed,Greed,314,0.0,35046.08286624204,11004470.02,0,0,0,314,0,8.060598550955413,,,624256.349642,624256.349642,0.0
2025-04-28,0x513b8629fe877bb581bf244e326a047b249c4ff1,Neutral,Neutral,654,37973.605394,38360.42061162079,25087715.08,349,48,397,654,0,8.822896269113151,0.8790931989924433,,662229.955036,662229.955036,0.0
2025-04-29,0x513b8629fe877bb581bf244e326a047b249c4ff1,Greed,Greed,992,117648.295306,32144.09112903226,31886938.4,474,0,474,992,0,4.765427487903226,1.0,,779878.250342,779878.250342,0.0
2025-04-30,0x513b8629fe877bb581bf244e326a047b249c4ff1,Greed,Greed,481,0.0,22932.819688149688,11030686.27,0,0,0,481,0,5.264745091476091,,,779878.250342,779878.250342,0.0
2025-05-01,0x513b8629fe877bb581bf244e326a047b249c4ff1,Neutral,Neutral,329,60544.304874,22713.250030395135,7472659.26,236,0,236,329,0,5.224047027355623,1.0,,840422.555216,840422.555216,0.0
2024-12-11,0x6d6a4b953f202f8df5bed40692e7fd865318264a,Greed,Greed,8,698.009722,136.67374999999998,1093.3899999999999,8,0,8,0,0,0.047835375,1.0,,698.009722,698.009722,0.0
2024-12-12,0x6d6a4b953f202f8df5bed40692e7fd865318264a,Greed,Extreme Greed,4,362.84131,133.0725,532.29,4,0,4,0,0,0.046575,1.0,,1060.851032,1060.851032,0.0
2024-12-14,0x6d6a4b953f202f8df5bed40692e7fd865318264a,Greed,Extreme Greed,80,39057.10912,664.7225000000001,53177.8,80,0,80,0,0,0.196151075,1.0,,40117.960152,40117.960152,0.0
2024-12-15,0x6d6a4b953f202f8df5bed40692e7fd865318264a,Greed,Extreme Greed,15,18879.21027,1635.1666666666667,24527.5,15,0,15,0,0,0.16351646666666667,1.0,,58997.170421999996,58997.170421999996,0.0
2024-12-16,0x6d6a4b953f202f8df5bed40692e7fd865318264a,Greed,Extreme Greed,47,12648.870412,341.3504255319149,16043.47,47,0,47,0,0,0.11947236170212766,1.0,,71646.040834,71646.040834,0.0
2024-12-17,0x6d6a4b953f202f8df5bed40692e7fd865318264a,Greed,Extreme Greed,7,2244.04603,401.2685714285714,2808.88,7,0,7,0,0,0.14044328571428571,1.0,,73890.086864,73890.086864,0.0
2024-12-21,0x6d6a4b953f202f8df5bed40692e7fd865318264a,Greed,Greed,89,27649.187167,372.85966292134833,33184.51,89,0,89,0,0,0.130500595505618,1.0,,101539.27403100001,101539.27403100001,0.0
2025-01-11,0x6d6a4b953f202f8df5bed40692e7fd865318264a,Greed,Greed,33,0.0,227.26757575757574,7499.83,0,0,0,0,0,0.0038896387878787873,,,101539.27403100001,101539.27403100001,0.0
2025-01-12,0x6d6a4b953f202f8df5bed40692e7fd865318264a,Greed,Greed,12,0.0,833.3333333333334,10000.0,0,0,0,0,0,0.014146100833333333,,,101539.27403100001,101539.27403100001,0.0
2025-01-13,0x6d6a4b953f202f8df5bed40692e7fd865318264a,Greed,Greed,23,0.0,543.5169565217391,12500.89,0,0,0,0,0,0.009758882608695651,,,101539.27403100001,101539.27403100001,0.0
2025-01-19,0x6d6a4b953f202f8df5bed40692e7fd865318264a,Greed,Extreme Greed,12,0.0,291.6675,3500.01,0,0,0,0,0,0.004946426666666667,,,101539.27403100001,101539.27403100001,0.0
2025-01-20,0x6d6a4b953f202f8df5bed40692e7fd865318264a,Greed,Extreme Greed,3,0.0,1666.64,4999.92,0,0,0,0,0,0.02770539333333333,,,101539.27403100001,101539.27403100001,0.0
2025-01-23,0x6d6a4b953f202f8df5bed40692e7fd865318264a,Greed,Extreme Greed,3,0.0,141.0,423.0,0,0,0,0,0,0.0020741733333333335,,,101539.27403100001,101539.27403100001,0.0
2025-01-27,0x6d6a4b953f202f8df5bed40692e7fd865318264a,Greed,Greed,11,0.0,1272.7318181818182,14000.05,0,0,0,0,0,0.02107936090909091,,,101539.27403100001,101539.27403100001,0.0
2025-01-30,0x6d6a4b953f202f8df5bed40692e7fd865318264a,Greed,Greed,8,1643.602279,1242.675,9941.4,8,0,8,0,0,0.41753850000000003,1.0,,103182.87631,103182.87631,0.0
2025-02-01,0x6d6a4b953f202f8df5bed40692e7fd865318264a,Greed,Greed,5,0.0,1987.6240000000003,9938.12,0,0,0,0,0,0.02548624,,,103182.87631,103182.87631,0.0
2025-02-14,0x6d6a4b953f202f8df5bed40692e7fd865318264a,Neutral,Neutral,21,844.8168900000001,254.39857142857142,5342.37,21,0,21,0,0,0.08547733333333334,1.0,,104027.6932,104027.6932,0.0
2025-02-15,0x6d6a4b953f202f8df5bed40692e7fd865318264a,Neutral,Neutral,11,0.0,485.4918181818182,5340.41,0,0,0,0,0,0.006317974545454546,,,104027.6932,104027.6932,0.0
2025-03-26,0x6d6a4b953f202f8df5bed40692e7fd865318264a,Neutral,Neutral,18,413.304033,875.7783333333333,15764.01,2,0,2,0,0,0.08595878277777777,1.0,,104440.997233,104440.997233,0.0
2025-03-27,0x6d6a4b953f202f8df5bed40692e7fd865318264a,Fear,Fear,23,154.257092,550.3630434782609,12658.35,15,0,15,0,0,0.10004884173913044,1.0,,104595.254325,104595.254325,0.0
2025-03-28,0x6d6a4b953f202f8df5bed40692e7fd865318264a,Fear,Fear,12,0.0,227.225,2726.7,0,0,0,0,0,0.005618128333333333,,,104595.254325,104595.254325,0.0
2025-03-29,0x6d6a4b953f202f8df5bed40692e7fd865318264a,Fear,Fear,7,0.0,221.41285714285712,1549.8899999999999,0,0,0,0,0,0.0030190942857142855,,,104595.254325,104595.254325,0.0
2025-03-30,0x6d6a4b953f202f8df5bed40692e7fd865318264a,Fear,Fear,6,3.492534,276.01,1656.06,1,0,1,0,0,0.04615494666666667,1.0,,104598.746859,104598.746859,0.0
2025-03-31,0x6d6a4b953f202f8df5bed40692e7fd865318264a,Fear,Fear,1,0.0,149.99,149.99,0,0,0,0,0,0.00395464,,,104598.746859,104598.746859,0.0
2025-04-01,0x6d6a4b953f202f8df5bed40692e7fd865318264a,Fear,Fear,14,132.71954399999998,1954.3107142857145,27360.350000000002,4,0,4,0,14,0.6052984285714286,1.0,0.0,104731.466403,104731.466403,0.0
2025-04-02,0x6d6a4b953f202f8df5bed40692e7fd865318264a,Fear,Fear,34,234.497751,1120.655,38102.27,9,0,9,0,28,0.29873311764705884,1.0,0.0,104965.964154,104965.964154,0.0
2025-04-03,0x6d6a4b953f202f8df5bed40692e7fd865318264a,Fear,Fear,20,298.031364,922.9384999999999,18458.769999999997,5,0,5,0,6,0.22238589800000003,1.0,0.0,105263.995518,105263.995518,0.0
2025-04-04,0x6d6a4b953f202f8df5bed40692e7fd865318264a,Fear,Fear,60,392.35488599999996,626.296,37577.76,9,0,9,0,25,0.12245093268333333,1.0,0.0,105656.350404,105656.350404,0.0
2025-04-05,0x6d6a4b953f202f8df5bed40692e7fd865318264a,Fear,Fear,17,41.479757,1026.9088235294118,17457.45,11,1,12,0,16,0.3450243529411765,0.9166666666666666,0.0,105697.830161,105697.830161,0.0
2025-04-06,0x6d6a4b953f202f8df5bed40692e7fd865318264a,Fear,Fear,22,207.98348199999998,1384.9813636363635,30469.59,10,0,10,2,8,0.2798327781136364,1.0,0.25,105905.813643,105905.813643,0.0
2025-04-07,0x6d6a4b953f202f8df5bed40692e7fd865318264a,Fear,Extreme Fear,51,232.000726,990.5305882352941,50517.06,7,2,9,5,22,0.23603839772352941,0.7777777777777778,0.22727272727272727,106137.814369,106137.814369,0.0
2025-04-08,0x6d6a4b953f202f8df5bed40692e7fd865318264a,Fear,Extreme Fear,32,409.437344,1307.165,41829.28,12,0,12,0,32,0.4392063125,1.0,0.0,106547.251713,106547.251713,0.0
2025-04-09,0x6d6a4b953f202f8df5bed40692e7fd865318264a,Fear,Extreme Fear,60,1395.820542,902.617,54157.02,25,0,25,0,28,0.27043217231666666,1.0,0.0,107943.072255,107943.072255,0.0
2025-04-10,0x6d6a4b953f202f8df5bed40692e7fd865318264a,Fear,Fear,18,463.813132,1599.0455555555554,28782.82,9,0,9,5,12,0.5372703333333333,1.0,0.4166666666666667,108406.885387,108406.885387,0.0
2025-04-11,0x6d6a4b953f202f8df5bed40692e7fd865318264a,Fear,Fear,5,56.216535,2161.054,10805.27,1,0,1,1,4,0.7261134,1.0,0.25,108463.101922,108463.101922,0.0
2025-04-12,0x6d6a4b953f202f8df5bed40692e7fd865318264a,Fear,Fear,12,-89.1781,1094.5383333333332,13134.46,0,2,2,0,12,0.367764,0.0,0.0,108373.923822,108463.101922,-89.17810000000463
2025-04-13,0x6d6a4b953f202f8df5bed40692e7fd865318264a,Neutral,Neutral,1,0.0,999.44,999.44,0,0,0,0,1,0.335812,,0.0,108373.923822,108463.101922,-89.17810000000463
2025-04-14,0x6d6a4b953f202f8df5bed40692e7fd865318264a,Fear,Fear,5,73.7414,2214.596,11072.98,1,0,1,3,2,0.7441038000000001,1.0,1.5,108447.665222,108463.101922,-15.436700000005658
2025-04-15,0x6d6a4b953f202f8df5bed40692e7fd865318264a,Fear,Fear,8,0.0,1124.95125,8999.61,0,0,0,0,8,0.377982625,,0.0,108447.665222,108463.101922,-15.436700000005658
2025-04-16,0x6d6a4b953f202f8df5bed40692e7fd865318264a,Fear,Fear,4,70.94968,494.38,1977.52,4,0,4,0,4,0.16611075,1.0,0.0,108518.614902,108518.614902,0.0
2025-04-19,0x6d6a4b953f202f8df5bed40692e7fd865318264a,Fear,Fear,85,0.0,414.2778823529412,35213.62,0,0,0,0,85,0.1391965411764706,,0.0,108518.614902,108518.614902,0.0
2025-04-21,0x6d6a4b953f202f8df5bed40692e7fd865318264a,Fear,Fear,6,0.0,1166.0616666666667,6996.37,0,0,0,0,6,0.39179566666666665,,0.0,108518.614902,108518.614902,0.0
2025-04-22,0x6d6a4b953f202f8df5bed40692e7fd865318264a,Neutral,Neutral,10,0.0,999.832,9998.32,0,0,0,0,10,0.3359421,,0.0,108518.614902,108518.614902,0.0
2025-04-23,0x6d6a4b953f202f8df5bed40692e7fd865318264a,Greed,Greed,18,0.0,527.7555555555556,9499.6,0,0,0,0,18,0.17732438888888888,,0.0,108518.614902,108518.614902,0.0
2025-04-24,0x6d6a4b953f202f8df5bed40692e7fd865318264a,Greed,Greed,20,168.69881,441.69899999999996,8833.98,13,0,13,0,20,0.14841010000000002,1.0,0.0,108687.313712,108687.313712,0.0
2025-04-25,0x6d6a4b953f202f8df5bed40692e7fd865318264a,Greed,Greed,7,0.0,535.6742857142857,3749.7200000000003,0,0,0,0,7,0.1799855714285714,,0.0,108687.313712,108687.313712,0.0
2025-04-26,0x6d6a4b953f202f8df5bed40692e7fd865318264a,Greed,Greed,7,43.903059999999996,1815.0585714285714,12705.41,4,0,4,0,7,0.6098587142857143,1.0,0.0,108731.216772,108731.216772,0.0
2024-12-17,0x72743ae2822edd658c0c50608fd7c5c501b2afbd,Greed,Extreme Greed,98,0.0,18481.63244897959,1811199.98,0,0,0,0,98,1.8481629081632653,,0.0,0.0,0.0,0.0
2024-12-22,0x72743ae2822edd658c0c50608fd7c5c501b2afbd,Greed,Greed,104,327545.999992,14265.865288461539,1483649.99,104,0,104,0,104,1.4265860673076922,1.0,0.0,327545.999992,327545.999992,0.0
2025-01-04,0x72743ae2822edd658c0c50608fd7c5c501b2afbd,Greed,Greed,141,0.0,11569.857730496453,1631349.94,0,0,0,0,141,1.1569854822695036,,0.0,327545.999992,327545.999992,0.0
2025-01-08,0x72743ae2822edd658c0c50608fd7c5c501b2afbd,Greed,Greed,48,122050.866984,31443.71166666667,1509298.1600000001,48,0,48,0,48,3.837463458333333,1.0,0.0,449596.866976,449596.866976,0.0
2025-02-28,0x72743ae2822edd658c0c50608fd7c5c501b2afbd,Fear,Extreme Fear,77,0.0,1457.8809090909092,112256.83,0,0,0,0,58,0.15639031116883118,,0.0,449596.866976,449596.866976,0.0
2025-03-08,0x72743ae2822edd658c0c50608fd7c5c501b2afbd,Fear,Fear,15,0.0,2119.866666666667,31798.0,0,0,0,0,5,0.11273317466666666,,0.0,449596.866976,449596.866976,0.0
2025-03-09,0x72743ae2822edd658c0c50608fd7c5c501b2afbd,Fear,Fear,90,0.0,1365.6884444444443,122911.95999999999,0,0,0,0,16,0.07410108155555556,,0.0,449596.866976,449596.866976,0.0
2025-04-08,0x72743ae2822edd658c0c50608fd7c5c501b2afbd,Fear,Extreme Fear,77,0.0,2481.818051948052,191099.99,0,0,0,0,40,0.13805144636363637,,0.0,449596.866976,449596.866976,0.0
2025-04-09,0x72743ae2822edd658c0c50608fd7c5c501b2afbd,Fear,Extreme Fear,355,33980.0,8095.553154929577,2873921.37,312,0,312,355,0,1.8095345830985916,1.0,,483576.866976,483576.866976,0.0
2025-04-10,0x72743ae2822edd658c0c50608fd7c5c501b2afbd,Fear,Fear,8,0.0,12530.401249999999,100243.20999999999,0,0,0,0,8,1.253039625,,0.0,483576.866976,483576.866976,0.0
2025-04-11,0x72743ae2822edd658c0c50608fd7c5c501b2afbd,Fear,Fear,3,0.0,51734.1,155202.3,0,0,0,0,3,5.173409333333334,,0.0,483576.866976,483576.866976,0.0
2025-04-16,0x72743ae2822edd658c0c50608fd7c5c501b2afbd,Fear,Fear,53,-14838.4,4603.773962264151,244000.02,0,53,53,0,53,0.460377,0.0,0.0,468738.466976,483576.866976,-14838.400000000023
2025-04-18,0x72743ae2822edd658c0c50608fd7c5c501b2afbd,Fear,Fear,65,-42923.271911,8851.193692307692,575327.59,50,15,65,0,15,0.9003899076923078,0.7692307692307693,0.0,425815.195065,483576.866976,-57761.67191100004
2025-04-19,0x72743ae2822edd658c0c50608fd7c5c501b2afbd,Fear,Fear,39,0.0,1287.706923076923,50220.57,0,0,0,0,39,0.14085476923076923,,0.0,425815.195065,483576.866976,-57761.67191100004
2025-04-20,0x72743ae2822edd658c0c50608fd7c5c501b2afbd,Fear,Fear,38,-458.08035,1333.6473684210525,50678.6,0,38,38,0,38,0.13336455263157895,0.0,0.0,425357.114715,483576.866976,-58219.752261000045
2025-04-22,0x72743ae2822edd658c0c50608fd7c5c501b2afbd,Neutral,Neutral,79,0.0,1341.7722784810126,106000.01,0,0,0,79,0,0.13417694936708863,,,425357.114715,483576.866976,-58219.752261000045
2025-04-23,0x72743ae2822edd658c0c50608fd7c5c501b2afbd,Greed,Greed,167,10148.4512,1633.4878443113773,272792.47000000003,36,0,36,114,53,0.33722326946107783,1.0,2.150943396226415,435505.565915,483576.866976,-48071.301061000035
2025-04-24,0x72743ae2822edd658c0c50608fd7c5c501b2afbd,Greed,Greed,111,-3500.0,878.3780180180181,97499.96,0,59,59,59,52,0.08783741441441441,0.0,1.1346153846153846,432005.565915,483576.866976,-51571.301061000035
2025-04-25,0x72743ae2822edd658c0c50608fd7c5c501b2afbd,Greed,Greed,22,-2650.0,2502.2713636363637,55049.97,0,22,22,22,0,0.2502266818181818,0.0,,429355.565915,483576.866976,-54221.301061000035
2024-09-20,0x72c6a4624e1dffa724e6d00d64ceae698af892a0,Neutral,Neutral,4,0.0,7075.4425,28301.77,0,0,0,0,4,0.679242,,0.0,0.0,0.0,0.0
2024-09-24,0x72c6a4624e1dffa724e6d00d64ceae698af892a0,Neutral,Neutral,1,0.0,6113.57,6113.57,0,0,0,0,1,0.586902,,0.0,0.0,0.0,0.0
2024-09-25,0x72c6a4624e1dffa724e6d00d64ceae698af892a0,Greed,Greed,3,0.0,917.6733333333333,2753.02,0,0,0,0,3,0.08809633333333333,,0.0,0.0,0.0,0.0
2024-09-26,0x72c6a4624e1dffa724e6d00d64ceae698af892a0,Neutral,Neutral,5,0.0,6654.302000000001,33271.51,0,0,0,0,5,0.6388119999999999,,0.0,0.0,0.0,0.0
2024-09-27,0x72c6a4624e1dffa724e6d00d64ceae698af892a0,Greed,Greed,46,0.0,567.4939130434783,26104.72,0,0,0,0,46,0.05447834782608695,,0.0,0.0,0.0,0.0
2024-09-28,0x72c6a4624e1dffa724e6d00d64ceae698af892a0,Greed,Greed,4,0.0,7299.8025,29199.21,0,0,0,0,4,0.7007800000000001,,0.0,0.0,0.0,0.0
2024-09-30,0x72c6a4624e1dffa724e6d00d64ceae698af892a0,Greed,Greed,96,0.0,389.4682291666666,37388.95,0,0,0,0,96,0.03738820833333333,,0.0,0.0,0.0,0.0
2024-10-25,0x72c6a4624e1dffa724e6d00d64ceae698af892a0,Greed,Greed,5,8692.0,4659.2,23296.0,5,0,5,0,5,0.44728219999999996,1.0,0.0,8692.0,8692.0,0.0
2024-11-29,0x72c6a4624e1dffa724e6d00d64ceae698af892a0,Greed,Extreme Greed,1,573.585288,573.59,573.59,1,0,1,0,0,0.055063,1.0,,9265.585288,9265.585288,0.0
2024-12-12,0x72c6a4624e1dffa724e6d00d64ceae698af892a0,Greed,Extreme Greed,17,0.0,1397.385294117647,23755.55,0,0,0,0,17,0.13414817647058824,,0.0,9265.585288,9265.585288,0.0
2024-12-13,0x72c6a4624e1dffa724e6d00d64ceae698af892a0,Greed,Extreme Greed,30,0.0,2951.8799999999997,88556.4,0,0,0,0,30,0.2833796333333333,,0.0,9265.585288,9265.585288,0.0
2024-12-14,0x72c6a4624e1dffa724e6d00d64ceae698af892a0,Greed,Extreme Greed,43,0.0,2042.2541860465114,87816.93,0,0,0,0,43,0.19605567441860464,,0.0,9265.585288,9265.585288,0.0
2024-12-15,0x72c6a4624e1dffa724e6d00d64ceae698af892a0,Greed,Extreme Greed,8,0.0,2812.5,22500.0,0,0,0,0,8,0.26999937500000004,,0.0,9265.585288,9265.585288,0.0
2024-12-16,0x72c6a4624e1dffa724e6d00d64ceae698af892a0,Greed,Extreme Greed,41,0.0,1561.8182926829268,64034.549999999996,0,0,0,0,41,0.1499336829268293,,0.0,9265.585288,9265.585288,0.0
2024-12-17,0x72c6a4624e1dffa724e6d00d64ceae698af892a0,Greed,Extreme Greed,14,0.0,3150.0064285714284,44100.09,0,0,0,0,14,0.3023997142857143,,0.0,9265.585288,9265.585288,0.0
2024-12-18,0x72c6a4624e1dffa724e6d00d64ceae698af892a0,Greed,Extreme Greed,31,0.0,3206.451290322581,99399.99,0,0,0,0,31,0.3078185806451613,,0.0,9265.585288,9265.585288,0.0
2024-12-19,0x72c6a4624e1dffa724e6d00d64ceae698af892a0,Greed,Extreme Greed,1,0.0,24880.0,24880.0,0,0,0,0,1,2.38848,,0.0,9265.585288,9265.585288,0.0
2024-12-20,0x72c6a4624e1dffa724e6d00d64ceae698af892a0,Greed,Greed,28,0.0,4121.142857142857,115392.0,0,0,0,0,28,0.39562892857142856,,0.0,9265.585288,9265.585288,0.0
2024-12-23,0x72c6a4624e1dffa724e6d00d64ceae698af892a0,Greed,Greed,35,0.0,3422.0648571428574,119772.27,0,0,0,0,35,0.32851722857142857,,0.0,9265.585288,9265.585288,0.0
2024-12-25,0x72c6a4624e1dffa724e6d00d64ceae698af892a0,Greed,Greed,1,0.0,28677.0,28677.0,0,0,0,0,1,2.752992,,0.0,9265.585288,9265.585288,0.0
2024-12-27,0x72c6a4624e1dffa724e6d00d64ceae698af892a0,Greed,Greed,6,0.0,9450.001666666667,56700.01,0,0,0,0,6,0.9071993333333334,,0.0,9265.585288,9265.585288,0.0
2024-12-28,0x72c6a4624e1dffa724e6d00d64ceae698af892a0,Greed,Greed,34,0.0,2406.462941176471,81819.74,0,0,0,0,34,0.23101967647058821,,0.0,9265.585288,9265.585288,0.0
2024-12-29,0x72c6a4624e1dffa724e6d00d64ceae698af892a0,Greed,Greed,14,0.0,5006.2699999999995,70087.78,0,0,0,0,14,0.4806012857142857,,0.0,9265.585288,9265.585288,0.0
2024-12-30,0x72c6a4624e1dffa724e6d00d64ceae698af892a0,Greed,Greed,15,0.0,2392.239333333333,35883.59,0,0,0,0,15,0.22965426666666666,,0.0,9265.585288,9265.585288,0.0
2025-01-02,0x72c6a4624e1dffa724e6d00d64ceae698af892a0,Greed,Greed,3,0.0,8894.193333333335,26682.58,0,0,0,0,3,0.8538419999999999,,0.0,9265.585288,9265.585288,0.0
2025-01-03,0x72c6a4624e1dffa724e6d00d64ceae698af892a0,Greed,Greed,6,0.0,6065.75,36394.5,0,0,0,0,6,0.5823111666666666,,0.0,9265.585288,9265.585288,0.0
2025-01-04,0x72c6a4624e1dffa724e6d00d64ceae698af892a0,Greed,Greed,1,0.0,2128.95,2128.95,0,0,0,0,1,0.204379,,0.0,9265.585288,9265.585288,0.0
2025-01-05,0x72c6a4624e1dffa724e6d00d64ceae698af892a0,Greed,Greed,8,0.0,2863.6875,22909.5,0,0,0,0,8,0.274913125,,0.0,9265.585288,9265.585288,0.0
2025-01-06,0x72c6a4624e1dffa724e6d00d64ceae698af892a0,Greed,Extreme Greed,25,0.0,2910.8484000000003,72771.21,0,0,0,0,25,0.27944051999999997,,0.0,9265.585288,9265.585288,0.0
2025-01-09,0x72c6a4624e1dffa724e6d00d64ceae698af892a0,Greed,Greed,1,10647.977,38563.98,38563.98,1,0,1,0,1,3.702142,1.0,0.0,19913.562288,19913.562288,0.0
2025-01-24,0x72c6a4624e1dffa724e6d00d64ceae698af892a0,Greed,Extreme Greed,2,0.0,2258.9,4517.8,0,0,0,0,0,0.009407954999999999,,,19913.562288,19913.562288,0.0
2025-01-25,0x72c6a4624e1dffa724e6d00d64ceae698af892a0,Greed,Extreme Greed,14,0.0,3981.5714285714284,55742.0,0,0,0,0,0,0.016738732142857142,,,19913.562288,19913.562288,0.0
2025-01-26,0x72c6a4624e1dffa724e6d00d64ceae698af892a0,Greed,Greed,55,262.95,1671.9961818181819,91959.79000000001,16,0,16,0,55,0.16051081818181817,1.0,0.0,20176.512288,20176.512288,0.0
2025-01-27,0x72c6a4624e1dffa724e6d00d64ceae698af892a0,Greed,Greed,1,0.0,11300.0,11300.0,0,0,0,0,1,1.0848,,0.0,20176.512288,20176.512288,0.0
2025-01-28,0x72c6a4624e1dffa724e6d00d64ceae698af892a0,Greed,Greed,70,1474.79,1620.264857142857,113418.54,38,0,38,0,70,0.15554461428571428,1.0,0.0,21651.302288000003,21651.302288000003,0.0
2025-02-02,0x72c6a4624e1dffa724e6d00d64ceae698af892a0,Greed,Greed,37,0.0,837.1502702702703,30974.56,0,0,0,0,37,0.08036548648648649,,0.0,21651.302288000003,21651.302288000003,0.0
2025-02-04,0x72c6a4624e1dffa724e6d00d64ceae698af892a0,Greed,Greed,1,0.0,15000.0,15000.0,0,0,0,0,1,1.44,,0.0,21651.302288000003,21651.302288000003,0.0
2025-02-07,0x72c6a4624e1dffa724e6d00d64ceae698af892a0,Fear,Fear,54,0.0,772.9157407407408,41737.450000000004,0,0,0,25,29,0.07419896296296297,,0.8620689655172413,21651.302288000003,21651.302288000003,0.0
2025-02-10,0x72c6a4624e1dffa724e6d00d64ceae698af892a0,Fear,Fear,24,0.0,2206.1225,52946.94,0,0,0,0,24,0.21178658333333333,,0.0,21651.302288000003,21651.302288000003,0.0
2025-02-14,0x72c6a4624e1dffa724e6d00d64ceae698af892a0,Neutral,Neutral,5,0.0,3058.91,15294.55,0,0,0,1,4,0.2936544,,0.25,21651.302288000003,21651.302288000003,0.0
2025-02-15,0x72c6a4624e1dffa724e6d00d64ceae698af892a0,Neutral,Neutral,7,0.0,1628.5714285714287,11400.0,0,0,0,7,0,0.15634242857142858,,,21651.302288000003,21651.302288000003,0.0
2025-02-16,0x72c6a4624e1dffa724e6d00d64ceae698af892a0,Neutral,Neutral,6,0.0,1650.0,9900.0,0,0,0,6,0,0.1583995,,,21651.302288000003,21651.302288000003,0.0
2025-02-18,0x72c6a4624e1dffa724e6d00d64ceae698af892a0,Neutral,Neutral,9,0.0,701.2211111111111,6310.99,0,0,0,9,0,0.06731677777777778,,,21651.302288000003,21651.302288000003,0.0
2025-02-21,0x72c6a4624e1dffa724e6d00d64ceae698af892a0,Greed,Greed,18,0.0,374.33,6737.94,0,0,0,0,18,0.035934888888888884,,0.0,21651.302288000003,21651.302288000003,0.0
2025-02-22,0x72c6a4624e1dffa724e6d00d64ceae698af892a0,Neutral,Neutral,14,0.0,1038.095,14533.33,0,0,0,13,1,0.09965642857142856,,13.0,21651.302288000003,21651.302288000003,0.0
2025-02-25,0x72c6a4624e1dffa724e6d00d64ceae698af892a0,Fear,Fear,137,81776.7151,1940.033503649635,265784.58999999997,136,0,136,1,136,0.18624241605839417,1.0,0.007352941176470588,103428.01738800001,103428.01738800001,0.0
2025-02-26,0x72c6a4624e1dffa724e6d00d64ceae698af892a0,Fear,Extreme Fear,1,8230.0,23710.0,23710.0,1,0,1,0,1,2.27616,1.0,0.0,111658.01738800001,111658.01738800001,0.0
2025-02-27,0x72c6a4624e1dffa724e6d00d64ceae698af892a0,Fear,Extreme Fear,13,8517.7655,2059.193846153846,26769.52,13,0,13,0,13,0.1976816923076923,1.0,0.0,120175.782888,120175.782888,0.0
2025-02-28,0x72c6a4624e1dffa724e6d00d64ceae698af892a0,Fear,Extreme Fear,3,15700.5,7567.57,22702.71,2,0,2,1,2,0.9452623333333333,1.0,0.5,135876.28288800002,135876.28288800002,0.0
2025-03-01,0x72c6a4624e1dffa724e6d00d64ceae698af892a0,Fear,Extreme Fear,14,0.0,791.3578571428571,11079.01,0,0,0,10,4,0.07596928571428571,,2.5,135876.28288800002,135876.28288800002,0.0
2025-03-02,0x72c6a4624e1dffa724e6d00d64ceae698af892a0,Fear,Fear,25,10915.212,1366.0404,34151.01,25,0,25,0,25,0.13113944,1.0,0.0,146791.49488800002,146791.49488800002,0.0
2025-03-03,0x72c6a4624e1dffa724e6d00d64ceae698af892a0,Fear,Fear,16,17247.427499999998,3784.509375,60552.15,10,0,10,6,10,0.36331199999999997,1.0,0.6,164038.922388,164038.922388,0.0
2025-03-04,0x72c6a4624e1dffa724e6d00d64ceae698af892a0,Fear,Extreme Fear,155,169132.29611,3030.0763225806454,469661.83,77,77,154,1,154,0.2908864258064516,0.5,0.006493506493506494,333171.218498,333171.218498,0.0
2025-03-07,0x72c6a4624e1dffa724e6d00d64ceae698af892a0,Fear,Fear,10,0.0,496.50100000000003,4965.01,0,0,0,10,0,0.0476632,,,333171.218498,333171.218498,0.0
2025-03-08,0x72c6a4624e1dffa724e6d00d64ceae698af892a0,Fear,Fear,7,0.0,480.2857142857143,3362.0,0,0,0,7,0,0.04610657142857143,,,333171.218498,333171.218498,0.0
2025-03-09,0x72c6a4624e1dffa724e6d00d64ceae698af892a0,Fear,Fear,21,0.0,232.88047619047617,4890.49,0,0,0,19,2,0.022355952380952383,,9.5,333171.218498,333171.218498,0.0
2025-03-10,0x72c6a4624e1dffa724e6d00d64ceae698af892a0,Fear,Extreme Fear,35,-2680.0,678.8711428571429,23760.49,0,17,17,23,12,0.06517085714285714,0.0,1.9166666666666667,330491.218498,333171.218498,-2680.0
2025-03-15,0x72c6a4624e1dffa724e6d00d64ceae698af892a0,Neutral,Neutral,1,0.0,5925.5,5925.5,0,0,0,0,1,0.568848,,0.0,330491.218498,333171.218498,-2680.0
2025-04-12,0x72c6a4624e1dffa724e6d00d64ceae698af892a0,Fear,Fear,12,-3546.9,1581.1591666666666,18973.91,0,9,9,9,3,0.3166065,0.0,3.0,326944.318498,333171.218498,-6226.900000000023
2025-04-13,0x72c6a4624e1dffa724e6d00d64ceae698af892a0,Neutral,Neutral,5,-4526.698469,2040.0,10200.0,0,5,5,5,0,0.19583940000000002,0.0,,322417.620029,333171.218498,-10753.598469000019
2025-04-14,0x72c6a4624e1dffa724e6d00d64ceae698af892a0,Fear,Fear,3,7848.0,2675.8333333333335,8027.5,3,0,3,0,3,0.2568793333333333,1.0,0.0,330265.620029,333171.218498,-2905.5984690000187
2025-04-15,0x72c6a4624e1dffa724e6d00d64ceae698af892a0,Fear,Fear,6,6335.6,1444.0666666666666,8664.4,6,0,6,0,6,0.13862933333333335,1.0,0.0,336601.220029,336601.220029,0.0
2025-04-16,0x72c6a4624e1dffa724e6d00d64ceae698af892a0,Fear,Fear,44,14609.800000000001,825.0,36300.0,44,0,44,13,31,0.07919947727272728,1.0,0.41935483870967744,351211.020029,351211.020029,0.0
2025-04-20,0x72c6a4624e1dffa724e6d00d64ceae698af892a0,Fear,Fear,55,18374.63,1135.2727272727273,62440.0,47,8,55,8,47,0.10898550909090908,0.8545454545454545,0.1702127659574468,369585.650029,369585.650029,0.0
2025-04-21,0x72c6a4624e1dffa724e6d00d64ceae698af892a0,Fear,Fear,17,-9046.14,1703.0882352941176,28952.5,7,10,17,10,7,0.16349558823529414,0.4117647058823529,1.4285714285714286,360539.510029,369585.650029,-9046.140000000014
2024-01-19,0x75f7eeb85dc639d5e99c78f95393aa9a5f1170d4,Neutral,Neutral,9,-0.20400000000000001,169.64555555555555,1526.81,1,3,4,6,4,0.04071411111111111,0.25,1.5,-0.20400000000000001,-0.20400000000000001,0.0
2024-01-22,0x75f7eeb85dc639d5e99c78f95393aa9a5f1170d4,Greed,Greed,48,1166.248788,1125.4704166666668,54022.58,14,12,26,28,20,0.08582812499999999,0.5384615384615384,1.4,1166.0447880000002,1166.0447880000002,0.0
2024-01-26,0x75f7eeb85dc639d5e99c78f95393aa9a5f1170d4,Neutral,Neutral,2,90.2,4627.9,9255.8,1,0,1,2,0,-0.092558,1.0,,1256.2447880000002,1256.2447880000002,0.0
2024-01-29,0x75f7eeb85dc639d5e99c78f95393aa9a5f1170d4,Greed,Greed,2,1.71544,1034.4299999999998,2068.8599999999997,1,0,1,2,0,0.113899,1.0,,1257.9602280000001,1257.9602280000001,0.0
2024-02-14,0x75f7eeb85dc639d5e99c78f95393aa9a5f1170d4,Greed,Greed,88,3639.3031690000003,2478.8488636363636,218138.7,79,1,80,63,25,0.12207018181818183,0.9875,2.52,4897.263397000001,4897.263397000001,0.0
2024-02-15,0x75f7eeb85dc639d5e99c78f95393aa9a5f1170d4,Greed,Greed,52,1024.70728,1469.9592307692308,76437.88,49,0,49,0,52,0.06766844230769231,1.0,0.0,5921.970677,5921.970677,0.0
2024-02-16,0x75f7eeb85dc639d5e99c78f95393aa9a5f1170d4,Greed,Greed,170,5491.768834,2730.2580588235296,464143.87,146,0,146,51,119,0.013173594117647063,1.0,0.42857142857142855,11413.739511,11413.739511,0.0
2024-02-17,0x75f7eeb85dc639d5e99c78f95393aa9a5f1170d4,Greed,Extreme Greed,64,1670.012358,3161.86234375,202359.19,54,0,54,45,19,0.17684121875,1.0,2.3684210526315788,13083.751869,13083.751869,0.0
2024-02-18,0x75f7eeb85dc639d5e99c78f95393aa9a5f1170d4,Greed,Greed,97,477.6248299999999,1619.0532989690723,157048.17,61,7,68,82,15,-0.032380670103092785,0.8970588235294118,5.466666666666667,13561.376699,13561.376699,0.0
2024-02-19,0x75f7eeb85dc639d5e99c78f95393aa9a5f1170d4,Greed,Extreme Greed,95,4325.827543,2488.1485263157892,236374.11,76,0,76,51,45,0.024756326315789473,1.0,1.1333333333333333,17887.204242,17887.204242,0.0
2024-02-20,0x75f7eeb85dc639d5e99c78f95393aa9a5f1170d4,Greed,Greed,35,3053.31353,3363.1262857142856,117709.42,27,1,28,25,10,0.07560291428571428,0.9642857142857143,2.5,20940.517772,20940.517772,0.0
2024-02-21,0x75f7eeb85dc639d5e99c78f95393aa9a5f1170d4,Greed,Extreme Greed,21,1858.7985700000002,4668.662857142857,98041.92,15,0,15,21,0,0.022344285714285712,1.0,,22799.316342000002,22799.316342000002,0.0
2024-02-22,0x75f7eeb85dc639d5e99c78f95393aa9a5f1170d4,Greed,Greed,86,3894.1050699999996,4279.456162790698,368033.23,40,14,54,86,2,0.281423488372093,0.7407407407407407,43.0,26693.421412,26693.421412,0.0
2024-02-23,0x75f7eeb85dc639d5e99c78f95393aa9a5f1170d4,Greed,Extreme Greed,143,1418.55293,776.966013986014,111106.14,137,1,138,11,132,-0.014455027972027973,0.9927536231884058,0.08333333333333333,28111.974342,28111.974342,0.0
2024-02-25,0x75f7eeb85dc639d5e99c78f95393aa9a5f1170d4,Greed,Greed,5,-30.7705,896.0260000000001,4480.13,0,2,2,0,5,-0.01792,0.0,0.0,28081.203842,28111.974342,-30.770500000002357
2024-02-26,0x75f7eeb85dc639d5e99c78f95393aa9a5f1170d4,Greed,Greed,37,4416.8473,5180.734324324325,191687.17,34,0,34,9,28,-0.002370999999999995,1.0,0.32142857142857145,32498.051142,32498.051142,0.0
2024-02-27,0x75f7eeb85dc639d5e99c78f95393aa9a5f1170d4,Greed,Extreme Greed,55,312.130593,3759.7450909090912,206785.98,19,16,35,16,39,-0.07519443636363636,0.5428571428571428,0.41025641025641024,32810.181735,32810.181735,0.0
2024-02-28,0x75f7eeb85dc639d5e99c78f95393aa9a5f1170d4,Greed,Extreme Greed,45,2503.747235,3802.380666666667,171107.13,39,0,39,12,33,-0.030603377777777777,1.0,0.36363636363636365,35313.92897,35313.92897,0.0
2024-02-29,0x75f7eeb85dc639d5e99c78f95393aa9a5f1170d4,Greed,Extreme Greed,109,8493.192736,3402.198532110092,370839.64,97,0,97,43,67,-0.04447416513761468,1.0,0.6417910447761194,43807.121706000005,43807.121706000005,0.0
2024-03-01,0x75f7eeb85dc639d5e99c78f95393aa9a5f1170d4,Greed,Extreme Greed,137,8244.241409,3452.370072992701,472974.7,128,0,128,107,30,-0.00399163503649635,1.0,3.566666666666667,52051.363115,52051.363115,0.0
2024-03-02,0x75f7eeb85dc639d5e99c78f95393aa9a5f1170d4,Greed,Extreme Greed,24,1674.715167,2510.5745833333335,60253.79,21,0,21,2,22,-0.05021108333333333,1.0,0.09090909090909091,53726.078282,53726.078282,0.0
2024-03-03,0x75f7eeb85dc639d5e99c78f95393aa9a5f1170d4,Greed,Extreme Greed,79,8361.086245,4946.1478481012655,390745.68,54,0,54,60,19,-0.031735481012658225,1.0,3.1578947368421053,62087.164527,62087.164527,0.0
2024-03-04,0x75f7eeb85dc639d5e99c78f95393aa9a5f1170d4,Greed,Extreme Greed,287,26773.771643,5485.087665505226,1574220.16,253,4,257,136,151,-0.005239090592334495,0.9844357976653697,0.9006622516556292,88860.93617,88860.93617,0.0
2024-03-05,0x75f7eeb85dc639d5e99c78f95393aa9a5f1170d4,Greed,Extreme Greed,180,19791.026041,4676.724,841810.32,163,0,163,132,48,-0.024658105555555556,1.0,2.75,108651.962211,108651.962211,0.0
2024-03-06,0x75f7eeb85dc639d5e99c78f95393aa9a5f1170d4,Greed,Extreme Greed,82,6814.825139,3990.4636585365856,327218.02,72,0,72,29,53,-0.04091851219512195,1.0,0.5471698113207547,115466.78735,115466.78735,0.0
2024-03-08,0x75f7eeb85dc639d5e99c78f95393aa9a5f1170d4,Greed,Extreme Greed,67,4271.886236,2740.047462686567,183583.18,59,0,59,48,19,-0.0548004328358209,1.0,2.526315789473684,119738.673586,119738.673586,0.0
2024-03-09,0x75f7eeb85dc639d5e99c78f95393aa9a5f1170d4,Greed,Extreme Greed,117,9949.501624,5625.459401709401,658178.75,97,10,107,26,91,0.015827042735042738,0.9065420560747663,0.2857142857142857,129688.17521,129688.17521,0.0
2024-03-10,0x75f7eeb85dc639d5e99c78f95393aa9a5f1170d4,Greed,Extreme Greed,42,2482.9272,5237.472619047619,219973.85,29,9,38,0,42,0.05431123809523809,0.7631578947368421,0.0,132171.10241,132171.10241,0.0
2024-03-11,0x75f7eeb85dc639d5e99c78f95393aa9a5f1170d4,Greed,Extreme Greed,42,3588.179495,4202.844047619047,176519.44999999998,39,0,39,29,13,0.2017354761904762,1.0,2.230769230769231,135759.281905,135759.281905,0.0
2024-03-12,0x75f7eeb85dc639d5e99c78f95393aa9a5f1170d4,Greed,Extreme Greed,8,3039.166,12880.10625,103040.85,7,0,7,8,0,0.618244125,1.0,,138798.447905,138798.447905,0.0
2024-03-14,0x75f7eeb85dc639d5e99c78f95393aa9a5f1170d4,Greed,Extreme Greed,17,3400.385378,11756.876470588235,199866.9,15,0,15,17,0,0.5643290588235294,1.0,,142198.833283,142198.833283,0.0
2024-03-15,0x75f7eeb85dc639d5e99c78f95393aa9a5f1170d4,Greed,Extreme Greed,35,5509.2545,7132.707714285714,249644.77,32,0,32,23,12,0.39136134285714286,1.0,1.9166666666666667,147708.087783,147708.087783,0.0
2024-03-17,0x75f7eeb85dc639d5e99c78f95393aa9a5f1170d4,Greed,Extreme Greed,7,73.61088,705.8557142857143,4940.99,6,0,6,0,7,0.09503557142857143,1.0,0.0,147781.698663,147781.698663,0.0
2024-03-18,0x75f7eeb85dc639d5e99c78f95393aa9a5f1170d4,Greed,Extreme Greed,6,1244.6384,8540.285,51241.71,5,0,5,6,0,1.8695928333333331,1.0,,149026.337063,149026.337063,0.0
2024-03-19,0x75f7eeb85dc639d5e99c78f95393aa9a5f1170d4,Greed,Extreme Greed,10,842.799493,18098.891,180988.91,5,0,5,0,10,1.737493,1.0,0.0,149869.136556,149869.136556,0.0
2024-03-20,0x75f7eeb85dc639d5e99c78f95393aa9a5f1170d4,Greed,Greed,59,2593.147623,2446.8210169491526,144362.44,56,0,56,35,24,0.28446781355932205,1.0,1.4583333333333333,152462.284179,152462.284179,0.0
2024-03-21,0x75f7eeb85dc639d5e99c78f95393aa9a5f1170d4,Greed,Extreme Greed,23,2097.182,4256.877391304348,97908.18,22,0,22,0,23,0.4086594347826087,1.0,0.0,154559.466179,154559.466179,0.0
2024-03-24,0x75f7eeb85dc639d5e99c78f95393aa9a5f1170d4,Greed,Greed,19,1297.018477,4873.274210526315,92592.20999999999,15,0,15,0,19,0.4678335263157895,1.0,0.0,155856.484656,155856.484656,0.0
2024-03-26,0x75f7eeb85dc639d5e99c78f95393aa9a5f1170d4,Greed,Extreme Greed,111,3195.3074,1572.7824324324324,174578.85,109,0,109,111,0,0.17794764864864862,1.0,,159051.792056,159051.792056,0.0
2024-03-27,0x75f7eeb85dc639d5e99c78f95393aa9a5f1170d4,Greed,Extreme Greed,11,-38.78086,1163.5172727272727,12798.689999999999,0,7,7,6,5,0.113166,0.0,1.2,159013.011196,159051.792056,-38.78085999999894
2024-03-28,0x75f7eeb85dc639d5e99c78f95393aa9a5f1170d4,Greed,Extreme Greed,10,227.85100799999998,1530.983,15309.83,9,0,9,0,10,0.20543689999999998,1.0,0.0,159240.862204,159240.862204,0.0
2024-03-30,0x75f7eeb85dc639d5e99c78f95393aa9a5f1170d4,Greed,Extreme Greed,45,1100.57514,2246.753777777778,101103.92,44,0,44,45,0,0.22087675555555555,1.0,,160341.437344,160341.437344,0.0
2024-04-01,0x75f7eeb85dc639d5e99c78f95393aa9a5f1170d4,Greed,Extreme Greed,48,2507.122467,4260.021458333334,204481.03,40,1,41,46,3,0.7605222083333333,0.975609756097561,15.333333333333334,162848.559811,162848.559811,0.0
2024-04-03,0x75f7eeb85dc639d5e99c78f95393aa9a5f1170d4,Greed,Greed,2,126.7884,3443.955,6887.91,1,0,1,2,0,0.33061799999999997,1.0,,162975.348211,162975.348211,0.0
2024-04-05,0x75f7eeb85dc639d5e99c78f95393aa9a5f1170d4,Greed,Extreme Greed,82,5296.433789,3723.111585365854,305295.15,75,0,75,82,0,0.41410147560975613,1.0,,168271.782,168271.782,0.0
2024-04-08,0x75f7eeb85dc639d5e99c78f95393aa9a5f1170d4,Greed,Extreme Greed,2,1218.4267,24387.135,48774.27,1,0,1,0,2,2.341164,1.0,0.0,169490.2087,169490.2087,0.0
2024-04-12,0x75f7eeb85dc639d5e99c78f95393aa9a5f1170d4,Greed,Extreme Greed,93,2237.798674,2815.611935483871,261851.91,71,15,86,93,0,0.37073174193548386,0.8255813953488372,,171728.007374,171728.007374,0.0
2024-04-13,0x75f7eeb85dc639d5e99c78f95393aa9a5f1170d4,Greed,Greed,71,6621.451755,4651.021830985916,330222.55,61,0,61,45,26,0.9061005352112677,1.0,1.7307692307692308,178349.459129,178349.459129,0.0
2024-04-14,0x75f7eeb85dc639d5e99c78f95393aa9a5f1170d4,Greed,Greed,43,461.97292000000004,1637.1216279069768,70396.23,30,3,33,16,27,0.17231039534883721,0.9090909090909091,0.5925925925925926,178811.432049,178811.432049,0.0
2024-04-15,0x75f7eeb85dc639d5e99c78f95393aa9a5f1170d4,Greed,Greed,38,3774.08872,6344.664210526315,241097.24,35,0,35,24,14,0.6090979736842105,1.0,1.7142857142857142,182585.520769,182585.520769,0.0
2024-04-16,0x75f7eeb85dc639d5e99c78f95393aa9a5f1170d4,Greed,Greed,46,2467.702221,3952.523695652174,181816.09,43,0,43,14,31,0.4005887608695652,1.0,0.45161290322580644,185053.22299,185053.22299,0.0
2024-04-17,0x75f7eeb85dc639d5e99c78f95393aa9a5f1170d4,Greed,Greed,14,2441.4683999999997,6968.785000000001,97562.99,13,0,13,0,14,0.7586402142857143,1.0,0.0,187494.69139,187494.69139,0.0
2024-04-23,0x75f7eeb85dc639d5e99c78f95393aa9a5f1170d4,Greed,Greed,12,360.32138,3366.369166666667,40396.43,4,0,4,3,10,0.3231704166666667,1.0,0.3,187855.01277,187855.01277,0.0
2024-05-03,0x75f7eeb85dc639d5e99c78f95393aa9a5f1170d4,Neutral,Neutral,7,-13.844579999999999,47.215714285714284,330.51,1,2,3,2,5,0.012492571428571428,0.3333333333333333,0.4,187841.16819,187855.01277,-13.844580000004498
2024-05-05,0x75f7eeb85dc639d5e99c78f95393aa9a5f1170d4,Greed,Greed,2,0.916,41.15,82.3,1,0,1,0,2,0.0088325,1.0,0.0,187842.08419,187855.01277,-12.92858000000706
2024-05-07,0x75f7eeb85dc639d5e99c78f95393aa9a5f1170d4,Greed,Greed,1,0.0,47.59,47.59,0,0,0,0,1,0.004568,,0.0,187842.08419,187855.01277,-12.92858000000706
2024-05-08,0x75f7eeb85dc639d5e99c78f95393aa9a5f1170d4,Greed,Greed,3,1.56576,46.46,139.38,1,1,2,2,1,0.011622,0.5,2.0,187843.64995,187855.01277,-11.362820000009378
2024-05-23,0x75f7eeb85dc639d5e99c78f95393aa9a5f1170d4,Greed,Extreme Greed,1,0.0,10.56,10.56,0,0,0,0,1,0.003549,,0.0,187843.64995,187855.01277,-11.362820000009378
2024-06-13,0x75f7eeb85dc639d5e99c78f95393aa9a5f1170d4,Greed,Greed,1,-1.40304,11.97,11.97,0,1,1,0,1,0.00402,0.0,0.0,187842.24691,187855.01277,-12.765860000014072
2024-12-09,0x75f7eeb85dc639d5e99c78f95393aa9a5f1170d4,Greed,Extreme Greed,7,0.01574,16.731428571428573,117.12,3,0,3,7,0,0.005620285714285715,1.0,,187842.26265,187855.01277,-12.75012000001152
2024-12-10,0x75f7eeb85dc639d5e99c78f95393aa9a5f1170d4,Greed,Extreme Greed,153,3634.56814,1401.238888888889,214389.55000000002,147,0,147,109,44,0.19205312418300655,1.0,2.477272727272727,191476.83079,191476.83079,0.0
2024-12-11,0x75f7eeb85dc639d5e99c78f95393aa9a5f1170d4,Greed,Greed,23,1567.4026840000001,7024.881304347826,161572.27,8,3,11,23,0,1.1196716521739132,0.7272727272727273,,193044.233474,193044.233474,0.0
2024-12-12,0x75f7eeb85dc639d5e99c78f95393aa9a5f1170d4,Greed,Extreme Greed,52,323.34897900000016,3563.27,185290.04,4,25,29,0,52,0.5990080192307692,0.13793103448275862,0.0,193367.582453,193367.582453,0.0
2024-12-13,0x75f7eeb85dc639d5e99c78f95393aa9a5f1170d4,Greed,Extreme Greed,26,8276.625256,4533.178461538461,117862.64,25,0,25,19,7,0.7561929615384616,1.0,2.7142857142857144,201644.207709,201644.207709,0.0
2024-12-14,0x75f7eeb85dc639d5e99c78f95393aa9a5f1170d4,Greed,Extreme Greed,36,-33.03286,1667.6102777777778,60033.97,1,10,11,0,36,0.16008952777777777,0.09090909090909091,0.0,201611.174849,201644.207709,-33.03286000000662
2024-12-15,0x75f7eeb85dc639d5e99c78f95393aa9a5f1170d4,Greed,Extreme Greed,14,126.32543000000001,469.7357142857143,6576.3,13,0,13,14,0,0.060665785714285714,1.0,,201737.500279,201737.500279,0.0
2024-12-16,0x75f7eeb85dc639d5e99c78f95393aa9a5f1170d4,Greed,Extreme Greed,10,758.93225,5082.063,50820.630000000005,4,4,8,5,5,0.4878869,0.5,1.0,202496.432529,202496.432529,0.0
2024-12-17,0x75f7eeb85dc639d5e99c78f95393aa9a5f1170d4,Greed,Extreme Greed,67,3146.294798,1978.6264179104478,132567.97,64,0,64,28,39,0.24300568656716418,1.0,0.717948717948718,205642.727327,205642.727327,0.0
2024-12-18,0x75f7eeb85dc639d5e99c78f95393aa9a5f1170d4,Greed,Extreme Greed,115,2507.193252,1492.9519130434783,171689.47,109,1,110,0,101,0.14601755582608697,0.990909090909091,0.0,208149.920579,208149.920579,0.0
2024-12-19,0x75f7eeb85dc639d5e99c78f95393aa9a5f1170d4,Greed,Extreme Greed,235,13027.2866,2927.3372765957447,687924.26,205,9,214,195,25,0.44048500323404255,0.9579439252336449,7.8,221177.207179,221177.207179,0.0
2024-12-20,0x75f7eeb85dc639d5e99c78f95393aa9a5f1170d4,Greed,Greed,219,3509.273443,1042.2276712328767,228247.86000000002,197,7,204,0,217,0.14019331050228312,0.9656862745098039,0.0,224686.480622,224686.480622,0.0
2024-12-21,0x75f7eeb85dc639d5e99c78f95393aa9a5f1170d4,Greed,Greed,8,24.404600000000002,1607.23625,12857.89,4,0,4,8,0,0.179405875,1.0,,224710.885222,224710.885222,0.0
2024-12-23,0x75f7eeb85dc639d5e99c78f95393aa9a5f1170d4,Greed,Greed,51,657.693565,1163.6007843137254,59343.64,50,0,50,0,51,0.13146339215686276,1.0,0.0,225368.578787,225368.578787,0.0
2025-01-02,0x75f7eeb85dc639d5e99c78f95393aa9a5f1170d4,Greed,Greed,53,3429.9583199999997,3870.1449056603774,205117.68,50,0,50,37,16,0.4761021132075472,1.0,2.3125,228798.537107,228798.537107,0.0
2025-01-07,0x75f7eeb85dc639d5e99c78f95393aa9a5f1170d4,Greed,Extreme Greed,232,11206.706221,2729.2947413793104,633196.38,221,0,221,4,228,0.3212291551724138,1.0,0.017543859649122806,240005.243328,240005.243328,0.0
2025-01-08,0x75f7eeb85dc639d5e99c78f95393aa9a5f1170d4,Greed,Greed,49,3710.36178,4625.799183673469,226664.16,45,0,45,20,29,0.5097392244897959,1.0,0.6896551724137931,243715.605108,243715.605108,0.0
2025-01-13,0x75f7eeb85dc639d5e99c78f95393aa9a5f1170d4,Greed,Greed,50,3944.7294389999997,4342.4238000000005,217121.19,47,0,47,50,0,0.88931158,1.0,,247660.334547,247660.334547,0.0
2025-01-14,0x75f7eeb85dc639d5e99c78f95393aa9a5f1170d4,Greed,Greed,9,104.68064,4696.798888888889,42271.19,4,0,4,0,9,0.5533962222222222,1.0,0.0,247765.015187,247765.015187,0.0
2025-01-18,0x75f7eeb85dc639d5e99c78f95393aa9a5f1170d4,Greed,Extreme Greed,33,-3249.381438,7728.827272727272,255051.3,7,16,23,0,33,0.8833125151515151,0.30434782608695654,0.0,244515.633749,247765.015187,-3249.3814380000113
2025-01-20,0x75f7eeb85dc639d5e99c78f95393aa9a5f1170d4,Greed,Extreme Greed,409,16210.341667,1671.0059413202935,683441.43,395,0,395,219,190,0.2553057359413203,1.0,1.1526315789473685,260725.975416,260725.975416,0.0
2025-01-22,0x75f7eeb85dc639d5e99c78f95393aa9a5f1170d4,Greed,Extreme Greed,35,548.62199,2301.3917142857144,80548.71,34,0,34,35,0,0.3563838857142857,1.0,,261274.597406,261274.597406,0.0
2025-01-24,0x75f7eeb85dc639d5e99c78f95393aa9a5f1170d4,Greed,Extreme Greed,137,3540.716915,1282.6185401459854,175718.74,129,0,129,84,53,0.15403203649635036,1.0,1.5849056603773586,264815.314321,264815.314321,0.0
2025-01-27,0x75f7eeb85dc639d5e99c78f95393aa9a5f1170d4,Greed,Greed,128,2582.715893,1981.91671875,253685.34,122,0,122,25,103,0.2904769765625,1.0,0.24271844660194175,267398.030214,267398.030214,0.0
2025-01-28,0x75f7eeb85dc639d5e99c78f95393aa9a5f1170d4,Greed,Greed,37,1150.332823,3275.1991891891894,121182.37000000001,34,0,34,37,0,0.34628937837837837,1.0,,268548.363037,268548.363037,0.0
2025-01-29,0x75f7eeb85dc639d5e99c78f95393aa9a5f1170d4,Greed,Greed,36,45.381082,1330.8616666666667,47911.02,28,0,28,36,0,0.20428988888888888,1.0,,268593.744119,268593.744119,0.0
2025-01-30,0x75f7eeb85dc639d5e99c78f95393aa9a5f1170d4,Greed,Greed,134,5049.257348,2169.4271641791042,290703.24,110,0,110,56,78,0.27809791044776117,1.0,0.717948717948718,273643.001467,273643.001467,0.0
2025-01-31,0x75f7eeb85dc639d5e99c78f95393aa9a5f1170d4,Greed,Extreme Greed,172,6216.099195999999,2295.991569767442,394910.55,120,32,152,64,108,0.267435238372093,0.7894736842105263,0.5925925925925926,279859.100663,279859.100663,0.0
2025-02-01,0x75f7eeb85dc639d5e99c78f95393aa9a5f1170d4,Greed,Greed,148,9609.447365,4026.3325675675674,595897.22,114,1,115,24,113,0.6604281756756757,0.991304347826087,0.21238938053097345,289468.548028,289468.548028,0.0
2025-02-03,0x75f7eeb85dc639d5e99c78f95393aa9a5f1170d4,Fear,Fear,351,14982.681725,2940.937606837607,1032269.1,263,67,330,256,95,0.46836674643874643,0.796969696969697,2.694736842105263,304451.229753,304451.229753,0.0
2025-02-04,0x75f7eeb85dc639d5e99c78f95393aa9a5f1170d4,Greed,Greed,76,1985.815595,1605.050657894737,121983.85,74,0,74,76,0,0.21052721052631576,1.0,,306437.045348,306437.045348,0.0
2025-02-05,0x75f7eeb85dc639d5e99c78f95393aa9a5f1170d4,Neutral,Neutral,20,14.590934,2107.2529999999997,42145.06,15,0,15,20,0,0.22089514999999998,1.0,,306451.636282,306451.636282,0.0
2025-02-06,0x75f7eeb85dc639d5e99c78f95393aa9a5f1170d4,Neutral,Neutral,73,2055.538866,4675.59698630137,341318.58,20,17,37,24,52,1.4260749726027397,0.5405405405405406,0.46153846153846156,308507.175148,308507.175148,0.0
2025-02-07,0x75f7eeb85dc639d5e99c78f95393aa9a5f1170d4,Fear,Fear,58,2648.450789,3997.0581034482757,231829.37,41,10,51,54,4,0.4450165689655172,0.803921568627451,13.5,311155.625937,311155.625937,0.0
2025-02-08,0x75f7eeb85dc639d5e99c78f95393aa9a5f1170d4,Fear,Fear,2,235.47104,6882.275,13764.55,1,0,1,2,0,0.6606970000000001,1.0,,311391.096977,311391.096977,0.0
2025-02-09,0x75f7eeb85dc639d5e99c78f95393aa9a5f1170d4,Neutral,Neutral,71,627.556755,1530.2932394366196,108650.81999999999,66,0,66,0,71,0.1685810985915493,1.0,0.0,312018.653732,312018.653732,0.0
2025-02-10,0x75f7eeb85dc639d5e99c78f95393aa9a5f1170d4,Fear,Fear,58,990.674468,2647.6505172413795,153563.73,35,0,35,37,21,0.3651956379310345,1.0,1.7619047619047619,313009.3282,313009.3282,0.0
2025-02-11,0x75f7eeb85dc639d5e99c78f95393aa9a5f1170d4,Neutral,Neutral,5,1053.5230999999999,7386.992,36934.96,3,0,3,5,0,0.709194,1.0,,314062.8513,314062.8513,0.0
2025-02-12,0x75f7eeb85dc639d5e99c78f95393aa9a5f1170d4,Neutral,Neutral,118,-22303.603584,2953.0322881355933,348457.81,28,72,100,103,15,0.47967798305084747,0.28,6.866666666666666,291759.247716,314062.8513,-22303.603583999968
2025-02-13,0x75f7eeb85dc639d5e99c78f95393aa9a5f1170d4,Neutral,Neutral,101,2390.12335,1278.79198019802,129157.99,84,0,84,0,101,0.15867846534653465,1.0,0.0,294149.371066,314062.8513,-19913.48023399996
2025-02-15,0x75f7eeb85dc639d5e99c78f95393aa9a5f1170d4,Neutral,Neutral,28,462.740727,3875.14,108503.92,19,0,19,28,0,0.5978581785714285,1.0,,294612.111793,314062.8513,-19450.739506999962
2025-02-16,0x75f7eeb85dc639d5e99c78f95393aa9a5f1170d4,Neutral,Neutral,5,14.54605,341.232,1706.16,1,0,1,5,0,0.0740542,1.0,,294626.657843,314062.8513,-19436.193456999958
2025-02-18,0x75f7eeb85dc639d5e99c78f95393aa9a5f1170d4,Neutral,Neutral,131,3112.721339,2398.0035877862597,314138.47000000003,106,21,127,115,16,0.3669742671755725,0.8346456692913385,7.1875,297739.379182,314062.8513,-16323.472117999976
2025-02-19,0x75f7eeb85dc639d5e99c78f95393aa9a5f1170d4,Fear,Fear,221,770.462266,1613.0980995475113,356494.68,154,54,208,9,212,0.28002048868778284,0.7403846153846154,0.04245283018867924,298509.841448,314062.8513,-15553.009851999988
2025-02-20,0x75f7eeb85dc639d5e99c78f95393aa9a5f1170d4,Neutral,Neutral,69,1727.154021,2101.7873913043477,145023.33,65,0,65,14,56,0.29343102898550727,1.0,0.25,300236.995469,314062.8513,-13825.855830999964
2025-02-21,0x75f7eeb85dc639d5e99c78f95393aa9a5f1170d4,Greed,Greed,188,2720.828056,1504.8432978723404,282910.54,121,28,149,92,96,0.22222218617021278,0.8120805369127517,0.9583333333333334,302957.823525,314062.8513,-11105.027774999966
2025-02-22,0x75f7eeb85dc639d5e99c78f95393aa9a5f1170d4,Neutral,Neutral,121,1437.17482,2194.715289256198,265560.55,80,2,82,46,75,0.28203472727272727,0.975609756097561,0.6133333333333333,304394.99834499997,314062.8513,-9667.85295500001
2025-02-23,0x75f7eeb85dc639d5e99c78f95393aa9a5f1170d4,Neutral,Neutral,125,1001.2053860000001,2364.3752000000004,295546.9,98,1,99,123,2,0.255328592,0.98989898989899,61.5,305396.203731,314062.8513,-8666.647568999964
2025-02-25,0x75f7eeb85dc639d5e99c78f95393aa9a5f1170d4,Fear,Fear,79,3622.6256409999996,2395.0187341772153,189206.48,76,0,76,63,16,0.31502517721518986,1.0,3.9375,309018.829372,314062.8513,-5044.021927999973
2025-02-26,0x75f7eeb85dc639d5e99c78f95393aa9a5f1170d4,Fear,Extreme Fear,86,5303.037252,3985.245697674419,342731.13,80,1,81,2,84,0.6596956046511627,0.9876543209876543,0.023809523809523808,314321.866624,314321.866624,0.0
2025-03-02,0x75f7eeb85dc639d5e99c78f95393aa9a5f1170d4,Fear,Fear,12,948.6016900000001,3923.564166666667,47082.770000000004,11,0,11,0,12,0.44576774999999996,1.0,0.0,315270.468314,315270.468314,0.0
2025-03-03,0x75f7eeb85dc639d5e99c78f95393aa9a5f1170d4,Fear,Fear,101,-370.250064,1018.7064356435644,102889.35,61,7,68,101,0,0.09779476237623763,0.8970588235294118,,314900.21825,315270.468314,-370.25006400002167
2025-03-05,0x75f7eeb85dc639d5e99c78f95393aa9a5f1170d4,Fear,Extreme Fear,2,-5843.04,42921.479999999996,85842.95999999999,0,1,1,0,2,9.621622,0.0,0.0,309057.17825,315270.468314,-6213.290064000001
2025-03-08,0x75f7eeb85dc639d5e99c78f95393aa9a5f1170d4,Fear,Fear,18,556.480533,1573.7972222222222,28328.35,17,0,17,0,18,0.17547888888888888,1.0,0.0,309613.658783,315270.468314,-5656.809530999977
2025-03-11,0x75f7eeb85dc639d5e99c78f95393aa9a5f1170d4,Fear,Extreme Fear,170,23670.188163,3202.6863529411767,544456.68,161,0,161,87,83,0.6627685352941176,1.0,1.0481927710843373,333283.846946,333283.846946,0.0
2025-03-12,0x75f7eeb85dc639d5e99c78f95393aa9a5f1170d4,Fear,Fear,24,788.209533,2053.1325,49275.18,21,0,21,24,0,0.44741691666666666,1.0,,334072.056479,334072.056479,0.0
2025-03-13,0x75f7eeb85dc639d5e99c78f95393aa9a5f1170d4,Neutral,Neutral,20,216.69714,3998.917,79978.34,1,0,1,0,20,0.8650655,1.0,0.0,334288.753619,334288.753619,0.0
2025-03-15,0x75f7eeb85dc639d5e99c78f95393aa9a5f1170d4,Neutral,Neutral,33,500.116094,1352.128787878788,44620.25,7,23,30,0,33,0.29024021212121215,0.23333333333333334,0.0,334788.869713,334788.869713,0.0
2025-03-16,0x75f7eeb85dc639d5e99c78f95393aa9a5f1170d4,Fear,Fear,15,941.32505,2071.034666666667,31065.52,14,0,14,15,0,0.25234886666666667,1.0,,335730.194763,335730.194763,0.0
2025-03-17,0x75f7eeb85dc639d5e99c78f95393aa9a5f1170d4,Fear,Fear,152,5845.632627,1292.3644736842105,196439.4,146,0,146,58,94,0.21797786184210527,1.0,0.6170212765957447,341575.82739,341575.82739,0.0
2025-03-18,0x75f7eeb85dc639d5e99c78f95393aa9a5f1170d4,Fear,Fear,14,82.269533,610.3228571428572,8544.52,10,0,10,0,14,0.13112364285714287,1.0,0.0,341658.096923,341658.096923,0.0
2025-03-19,0x75f7eeb85dc639d5e99c78f95393aa9a5f1170d4,Fear,Fear,43,106.886191,1166.1046511627908,50142.5,39,3,42,43,0,0.13898890697674418,0.9285714285714286,,341764.983114,341764.983114,0.0
2025-03-20,0x75f7eeb85dc639d5e99c78f95393aa9a5f1170d4,Neutral,Neutral,32,646.76766,965.8490625,30907.17,31,0,31,32,0,0.10821575,1.0,,342411.750774,342411.750774,0.0
2025-03-22,0x75f7eeb85dc639d5e99c78f95393aa9a5f1170d4,Fear,Fear,63,4462.921835,968.4492063492064,61012.3,61,0,61,6,57,0.19991609523809523,1.0,0.10526315789473684,346874.672609,346874.672609,0.0
2025-03-24,0x75f7eeb85dc639d5e99c78f95393aa9a5f1170d4,Neutral,Neutral,26,80.95313,179.39076923076925,4664.160000000001,22,1,23,4,22,0.03810780769230769,0.9565217391304348,0.18181818181818182,346955.625739,346955.625739,0.0
2025-03-25,0x75f7eeb85dc639d5e99c78f95393aa9a5f1170d4,Neutral,Neutral,29,520.971268,2614.2506896551727,75813.27,26,1,27,14,15,0.5240701379310345,0.9629629629629629,0.9333333333333333,347476.597007,347476.597007,0.0
2025-03-26,0x75f7eeb85dc639d5e99c78f95393aa9a5f1170d4,Neutral,Neutral,79,96.945218,1384.9248101265823,109409.06,25,2,27,13,66,0.13295181012658228,0.9259259259259259,0.19696969696969696,347573.542225,347573.542225,0.0
2025-03-29,0x75f7eeb85dc639d5e99c78f95393aa9a5f1170d4,Fear,Fear,83,133.123947,507.97253012048196,42161.72,66,15,81,83,0,0.10991330120481928,0.8148148148148148,,347706.666172,347706.666172,0.0
2025-03-31,0x75f7eeb85dc639d5e99c78f95393aa9a5f1170d4,Fear,Fear,52,1239.24045,952.425,49526.1,51,0,51,52,0,0.09143426923076924,1.0,,348945.906622,348945.906622,0.0
2025-04-02,0x75f7eeb85dc639d5e99c78f95393aa9a5f1170d4,Fear,Fear,11,90.98474,2925.4536363636366,32179.99,9,0,9,0,11,0.2808429090909091,1.0,0.0,349036.891362,349036.891362,0.0
2025-04-06,0x75f7eeb85dc639d5e99c78f95393aa9a5f1170d4,Fear,Fear,39,3370.85855,3952.829230769231,154160.34,36,0,36,39,0,0.5635558205128205,1.0,,352407.74991199997,352407.74991199997,0.0
2025-04-08,0x75f7eeb85dc639d5e99c78f95393aa9a5f1170d4,Fear,Extreme Fear,43,948.85929,1116.5534883720932,48011.8,42,0,42,43,0,0.2121793953488372,1.0,,353356.609202,353356.609202,0.0
2025-04-09,0x75f7eeb85dc639d5e99c78f95393aa9a5f1170d4,Fear,Extreme Fear,15,1593.7933500000001,3893.6853333333333,58405.28,6,0,6,0,15,0.8282847333333333,1.0,0.0,354950.402552,354950.402552,0.0
2025-04-12,0x75f7eeb85dc639d5e99c78f95393aa9a5f1170d4,Fear,Fear,44,1442.90516,1396.4452272727274,61443.590000000004,42,0,42,44,0,0.23975302272727272,1.0,,356393.307712,356393.307712,0.0
2025-04-14,0x75f7eeb85dc639d5e99c78f95393aa9a5f1170d4,Fear,Fear,40,1828.36966,3124.96325,124998.53,33,0,33,10,30,0.5709675,1.0,0.3333333333333333,358221.677372,358221.677372,0.0
2025-04-15,0x75f7eeb85dc639d5e99c78f95393aa9a5f1170d4,Fear,Fear,36,1208.695445,1633.111111111111,58792.0,35,0,35,0,36,0.15826647222222223,1.0,0.0,359430.372817,359430.372817,0.0
2025-04-16,0x75f7eeb85dc639d5e99c78f95393aa9a5f1170d4,Fear,Fear,35,1674.357543,2679.161714285714,93770.65999999999,33,0,33,8,27,0.49549231428571433,1.0,0.2962962962962963,361104.73036,361104.73036,0.0
2025-04-18,0x75f7eeb85dc639d5e99c78f95393aa9a5f1170d4,Fear,Fear,6,471.89234,4048.5616666666665,24291.37,5,0,5,0,6,0.8650506666666667,1.0,0.0,361576.6227,361576.6227,0.0
2025-04-19,0x75f7eeb85dc639d5e99c78f95393aa9a5f1170d4,Fear,Fear,55,1403.177311,1152.206909090909,63371.38,26,6,32,8,47,0.12102841818181818,0.8125,0.1702127659574468,362979.800011,362979.800011,0.0
2025-04-20,0x75f7eeb85dc639d5e99c78f95393aa9a5f1170d4,Fear,Fear,52,-111.77234,1156.014423076923,60112.75,11,39,50,0,52,0.24954957692307692,0.22,0.0,362868.027671,362979.800011,-111.772340000025
2025-04-22,0x75f7eeb85dc639d5e99c78f95393aa9a5f1170d4,Neutral,Neutral,327,2933.203058,358.02122324159023,117072.94,325,0,325,0,327,0.06448413149847096,1.0,0.0,365801.230729,365801.230729,0.0
2025-04-23,0x75f7eeb85dc639d5e99c78f95393aa9a5f1170d4,Greed,Greed,154,6439.07977,2393.760844155844,368639.17,146,0,146,53,101,0.3699037857142857,1.0,0.5247524752475248,372240.310499,372240.310499,0.0
2025-04-24,0x75f7eeb85dc639d5e99c78f95393aa9a5f1170d4,Greed,Greed,29,1250.2581989999999,2504.40724137931,72627.81,5,16,21,6,23,0.3329894482758621,0.23809523809523808,0.2608695652173913,373490.568698,373490.568698,0.0
2025-04-25,0x75f7eeb85dc639d5e99c78f95393aa9a5f1170d4,Greed,Greed,99,1113.013801,777.5432323232324,76976.78,82,0,82,68,31,0.15670637373737373,1.0,2.193548387096774,374603.582499,374603.582499,0.0
2025-04-26,0x75f7eeb85dc639d5e99c78f95393aa9a5f1170d4,Greed,Greed,113,3291.144446,1400.3834513274335,158243.33,110,0,110,0,113,0.15502974336283185,1.0,0.0,377894.726945,377894.726945,0.0
2025-04-27,0x75f7eeb85dc639d5e99c78f95393aa9a5f1170d4,Greed,Greed,83,471.712989,1451.5227710843374,120476.39,53,28,81,83,0,0.15106698795180723,0.654320987654321,,378366.439934,378366.439934,0.0
2025-04-28,0x75f7eeb85dc639d5e99c78f95393aa9a5f1170d4,Neutral,Neutral,33,728.966777,1052.2554545454545,34724.43,22,5,27,33,0,0.1413208787878788,0.8148148148148148,,379095.406711,379095.406711,0.0
2024-12-25,0x7f4f299f74eec87806a830e3caa9afa5f2b9db8f,Greed,Greed,4,14.21524,1688.5525,6754.21,3,0,3,4,0,0.3803685,1.0,,14.21524,14.21524,0.0
2024-12-29,0x7f4f299f74eec87806a830e3caa9afa5f2b9db8f,Greed,Greed,4,0.0,10819.605,43278.42,0,0,0,0,0,0.03904748000000001,,,14.21524,14.21524,0.0
2024-12-30,0x7f4f299f74eec87806a830e3caa9afa5f2b9db8f,Greed,Greed,12,838.9844760000001,4069.070833333333,48828.85,7,0,7,0,0,0.2715826608333333,1.0,,853.1997160000001,853.1997160000001,0.0
2024-12-31,0x7f4f299f74eec87806a830e3caa9afa5f2b9db8f,Greed,Greed,1,0.0,8056.83,8056.83,0,0,0,0,0,0.03131298,,,853.1997160000001,853.1997160000001,0.0
2025-01-01,0x7f4f299f74eec87806a830e3caa9afa5f2b9db8f,Greed,Greed,3,0.0,7555.826666666667,22667.48,0,0,0,0,0,0.03131298,,,853.1997160000001,853.1997160000001,0.0
2025-01-02,0x7f4f299f74eec87806a830e3caa9afa5f2b9db8f,Greed,Greed,9,1008.518954,6758.5633333333335,60827.07,5,0,5,0,0,0.40019632222222223,1.0,,1861.7186700000002,1861.7186700000002,0.0
2025-01-03,0x7f4f299f74eec87806a830e3caa9afa5f2b9db8f,Greed,Greed,26,937.789615,1975.7373076923077,51369.17,17,0,17,0,0,0.10955614346153847,1.0,,2799.508285,2799.508285,0.0
2025-01-05,0x7f4f299f74eec87806a830e3caa9afa5f2b9db8f,Greed,Greed,7,1093.05677,1828.1614285714284,12797.13,7,0,7,0,0,0.18281542857142857,1.0,,3892.565055,3892.565055,0.0
2025-01-06,0x7f4f299f74eec87806a830e3caa9afa5f2b9db8f,Greed,Extreme Greed,1,1260.832586,12912.0,12912.0,1,0,1,0,0,1.2912,1.0,,5153.397641,5153.397641,0.0
2025-01-07,0x7f4f299f74eec87806a830e3caa9afa5f2b9db8f,Greed,Extreme Greed,1,0.0,5768.6,5768.6,0,0,0,0,0,0.02418696,,,5153.397641,5153.397641,0.0
2025-01-08,0x7f4f299f74eec87806a830e3caa9afa5f2b9db8f,Greed,Greed,11,0.0,2146.8445454545454,23615.29,0,0,0,0,0,0.009894798181818182,,,5153.397641,5153.397641,0.0
2025-01-09,0x7f4f299f74eec87806a830e3caa9afa5f2b9db8f,Greed,Greed,1,0.0,9563.74,9563.74,0,0,0,0,0,0.04837496,,,5153.397641,5153.397641,0.0
2025-01-13,0x7f4f299f74eec87806a830e3caa9afa5f2b9db8f,Greed,Greed,4,1621.278931,7545.6675,30182.67,4,0,4,0,0,0.754566,1.0,,6774.676572,6774.676572,0.0
2025-01-15,0x7f4f299f74eec87806a830e3caa9afa5f2b9db8f,Greed,Greed,1,1261.448002,11647.74,11647.74,1,0,1,0,0,1.164773,1.0,,8036.124574,8036.124574,0.0
2025-01-19,0x7f4f299f74eec87806a830e3caa9afa5f2b9db8f,Greed,Extreme Greed,1,0.0,99.88,99.88,0,0,0,0,0,0.00168698,,,8036.124574,8036.124574,0.0
2025-03-24,0x7f4f299f74eec87806a830e3caa9afa5f2b9db8f,Neutral,Neutral,2,-869.145978,8449.470000000001,16898.940000000002,0,2,2,0,0,0.8449465,0.0,,7166.978596,8036.124574,-869.1459780000005
2025-03-26,0x7f4f299f74eec87806a830e3caa9afa5f2b9db8f,Neutral,Neutral,3,0.0,5632.456666666668,16897.370000000003,0,0,0,0,0,0.04057962666666667,,,7166.978596,8036.124574,-869.1459780000005
2025-03-28,0x7f4f299f74eec87806a830e3caa9afa5f2b9db8f,Fear,Fear,6,1130.350383,3004.626666666667,18027.760000000002,6,0,6,0,0,0.3004625,1.0,,8297.328979,8297.328979,0.0
2025-04-08,0x7f4f299f74eec87806a830e3caa9afa5f2b9db8f,Fear,Extreme Fear,26,246.8944,2155.8880769230773,56053.090000000004,16,0,16,26,0,0.21558846153846153,1.0,,8544.223379000001,8544.223379000001,0.0
2025-04-09,0x7f4f299f74eec87806a830e3caa9afa5f2b9db8f,Fear,Extreme Fear,799,2975.927732,3494.2455444305383,2791902.19,375,6,381,126,673,0.5110837496871089,0.984251968503937,0.18722139673105498,11520.151111,11520.151111,0.0
2025-04-10,0x7f4f299f74eec87806a830e3caa9afa5f2b9db8f,Fear,Fear,105,-372.76464,6134.571428571428,644130.0,28,32,60,40,65,0.7875255428571429,0.4666666666666667,0.6153846153846154,11147.386471,11520.151111,-372.7646399999994
2025-04-11,0x7f4f299f74eec87806a830e3caa9afa5f2b9db8f,Fear,Fear,279,2550.108815,2348.0045519713262,655093.27,136,0,136,80,199,0.3063219569892473,1.0,0.4020100502512563,13697.495286000001,13697.495286000001,0.0
2025-04-12,0x7f4f299f74eec87806a830e3caa9afa5f2b9db8f,Fear,Fear,120,303.170149,3633.2355833333336,435988.27,69,0,69,39,81,0.48344794166666666,1.0,0.48148148148148145,14000.665435,14000.665435,0.0
2025-04-13,0x7f4f299f74eec87806a830e3caa9afa5f2b9db8f,Neutral,Neutral,94,355.09,4544.766489361702,427208.05,10,1,11,71,23,0.6902100531914893,0.9090909090909091,3.0869565217391304,14355.755435000001,14355.755435000001,0.0
2025-04-17,0x7f4f299f74eec87806a830e3caa9afa5f2b9db8f,Fear,Fear,34,425.687612,7388.688823529412,251215.42,16,0,16,0,34,1.2943986764705881,1.0,0.0,14781.443047,14781.443047,0.0
2025-04-22,0x7f4f299f74eec87806a830e3caa9afa5f2b9db8f,Neutral,Neutral,5,119.0,36540.202000000005,182701.01,4,0,4,0,5,1.8270096000000002,1.0,0.0,14900.443047,14900.443047,0.0
2024-12-17,0x8170715b3b381dffb7062c0298972d4727a0a63b,Greed,Extreme Greed,14,0.0,2142.7757142857145,29998.86,0,0,0,0,0,0.007861353571428571,,,0.0,0.0,0.0
2024-12-18,0x8170715b3b381dffb7062c0298972d4727a0a63b,Greed,Extreme Greed,1,0.0,4999.94,4999.94,0,0,0,0,0,0.01953097,,,0.0,0.0,0.0
2024-12-27,0x8170715b3b381dffb7062c0298972d4727a0a63b,Greed,Greed,29,453.853206,862.0348275862068,24999.01,5,0,5,0,24,0.086203,1.0,0.0,453.853206,453.853206,0.0
2024-12-28,0x8170715b3b381dffb7062c0298972d4727a0a63b,Greed,Greed,1,343.092145,4999.89,4999.89,1,0,1,0,0,0.499989,1.0,,796.9453510000001,796.9453510000001,0.0
2024-12-29,0x8170715b3b381dffb7062c0298972d4727a0a63b,Greed,Greed,4,768.814445,1918.2925,7673.17,4,0,4,0,3,0.19182875,1.0,0.0,1565.759796,1565.759796,0.0
2024-12-30,0x8170715b3b381dffb7062c0298972d4727a0a63b,Greed,Greed,6,1211.511836,946.8850000000001,5681.31,6,0,6,0,6,0.094688,1.0,0.0,2777.271632,2777.271632,0.0
2024-12-31,0x8170715b3b381dffb7062c0298972d4727a0a63b,Greed,Greed,3,306.563532,342.82,1028.46,3,0,3,0,3,0.034282,1.0,0.0,3083.835164,3083.835164,0.0
2025-01-02,0x8170715b3b381dffb7062c0298972d4727a0a63b,Greed,Greed,3,739.18423,1004.1633333333334,3012.4900000000002,3,0,3,0,3,0.35145566666666667,1.0,0.0,3823.019394,3823.019394,0.0
2025-01-22,0x8170715b3b381dffb7062c0298972d4727a0a63b,Greed,Extreme Greed,6,-179.521683,1873.8216666666667,11242.93,0,6,6,0,0,0.33187783333333337,0.0,,3643.497711,3823.019394,-179.52168299999994
2025-01-25,0x8170715b3b381dffb7062c0298972d4727a0a63b,Greed,Extreme Greed,29,-18956.391598000002,4484.771379310345,130058.37,5,24,29,3,26,1.461961103448276,0.1724137931034483,0.11538461538461539,-15312.893887000002,3823.019394,-19135.913281
2025-01-26,0x8170715b3b381dffb7062c0298972d4727a0a63b,Greed,Greed,26,0.0,961.5796153846154,25001.07,0,0,0,0,26,0.14770176923076922,,0.0,-15312.893887000002,3823.019394,-19135.913281
2025-01-27,0x8170715b3b381dffb7062c0298972d4727a0a63b,Greed,Greed,22,0.0,681.8109090909091,14999.84,0,0,0,0,22,0.06545281818181818,,0.0,-15312.893887000002,3823.019394,-19135.913281
2025-01-28,0x8170715b3b381dffb7062c0298972d4727a0a63b,Greed,Greed,17,0.0,588.2223529411765,9999.78,0,0,0,0,17,0.056468294117647054,,0.0,-15312.893887000002,3823.019394,-19135.913281
2025-01-29,0x8170715b3b381dffb7062c0298972d4727a0a63b,Greed,Greed,7,0.0,999.9485714285714,6999.64,0,0,0,0,7,0.09599428571428571,,0.0,-15312.893887000002,3823.019394,-19135.913281
2025-01-30,0x8170715b3b381dffb7062c0298972d4727a0a63b,Greed,Greed,37,0.0,486.4764864864865,17999.63,0,0,0,0,37,0.046700837837837836,,0.0,-15312.893887000002,3823.019394,-19135.913281
2025-01-31,0x8170715b3b381dffb7062c0298972d4727a0a63b,Greed,Extreme Greed,48,0.0,625.6752083333333,30032.41,0,0,0,0,48,0.0600639375,,0.0,-15312.893887000002,3823.019394,-19135.913281
2025-02-01,0x8170715b3b381dffb7062c0298972d4727a0a63b,Greed,Greed,18,0.0,773.4088888888889,13921.36,0,0,0,0,18,0.0742465,,0.0,-15312.893887000002,3823.019394,-19135.913281
2025-02-02,0x8170715b3b381dffb7062c0298972d4727a0a63b,Greed,Greed,30,0.0,1333.3373333333334,40000.12,0,0,0,0,30,0.16800513333333333,,0.0,-15312.893887000002,3823.019394,-19135.913281
2025-02-03,0x8170715b3b381dffb7062c0298972d4727a0a63b,Fear,Fear,119,13770.715332,355.00016806722687,42245.02,96,0,96,0,119,0.034079462184873954,1.0,0.0,-1542.1785550000022,3823.019394,-5365.197949000002
2025-02-04,0x8170715b3b381dffb7062c0298972d4727a0a63b,Greed,Greed,45,0.0,676.7046666666666,30451.71,0,0,0,0,45,0.0649628,,0.0,-1542.1785550000022,3823.019394,-5365.197949000002
2025-02-05,0x8170715b3b381dffb7062c0298972d4727a0a63b,Neutral,Neutral,25,0.0,599.9928,14999.82,0,0,0,0,25,0.0575982,,0.0,-1542.1785550000022,3823.019394,-5365.197949000002
2025-02-06,0x8170715b3b381dffb7062c0298972d4727a0a63b,Neutral,Neutral,17,0.0,470.57411764705876,7999.759999999999,0,0,0,0,17,0.04517435294117647,,0.0,-1542.1785550000022,3823.019394,-5365.197949000002
2025-02-07,0x8170715b3b381dffb7062c0298972d4727a0a63b,Fear,Fear,9,0.0,666.651111111111,5999.86,0,0,0,0,9,0.06399755555555556,,0.0,-1542.1785550000022,3823.019394,-5365.197949000002
2025-02-08,0x8170715b3b381dffb7062c0298972d4727a0a63b,Fear,Fear,5,0.0,999.984,4999.92,0,0,0,0,5,0.0959974,,0.0,-1542.1785550000022,3823.019394,-5365.197949000002
2025-02-09,0x8170715b3b381dffb7062c0298972d4727a0a63b,Neutral,Neutral,87,0.0,137.93471264367815,12000.32,0,0,0,0,87,0.016368091954022987,,0.0,-1542.1785550000022,3823.019394,-5365.197949000002
2025-02-10,0x8170715b3b381dffb7062c0298972d4727a0a63b,Fear,Fear,85,24.634532000000036,698.8723529411765,59404.15,29,36,65,0,85,0.067091,0.4461538461538462,0.0,-1517.5440230000022,3823.019394,-5340.563417000002
2025-02-11,0x8170715b3b381dffb7062c0298972d4727a0a63b,Neutral,Neutral,13,0.0,769.2253846153847,9999.93,0,0,0,0,13,0.07384453846153846,,0.0,-1517.5440230000022,3823.019394,-5340.563417000002
2025-02-12,0x8170715b3b381dffb7062c0298972d4727a0a63b,Neutral,Neutral,23,0.0,1086.9421739130435,24999.670000000002,0,0,0,0,23,0.10434560869565217,,0.0,-1517.5440230000022,3823.019394,-5340.563417000002
2025-02-13,0x8170715b3b381dffb7062c0298972d4727a0a63b,Neutral,Neutral,46,-3556.3882559999997,947.7369565217392,43595.9,0,16,16,0,46,0.18800576086956522,0.0,0.0,-5073.932279000002,3823.019394,-8896.951673000003
2025-02-14,0x8170715b3b381dffb7062c0298972d4727a0a63b,Neutral,Neutral,311,8781.96,2726.2494855305467,847863.59,82,23,105,183,129,0.3336780578778135,0.780952380952381,1.4186046511627908,3708.0277209999967,3823.019394,-114.99167300000317
2025-02-15,0x8170715b3b381dffb7062c0298972d4727a0a63b,Neutral,Neutral,179,35346.87108,2418.771340782123,432960.07,154,7,161,111,68,0.608644625698324,0.9565217391304348,1.6323529411764706,39054.898800999996,39054.898800999996,0.0
2025-02-16,0x8170715b3b381dffb7062c0298972d4727a0a63b,Neutral,Neutral,3,0.0,3333.296666666667,9999.890000000001,0,0,0,0,3,0.319995,,0.0,39054.898800999996,39054.898800999996,0.0
2025-02-17,0x8170715b3b381dffb7062c0298972d4727a0a63b,Neutral,Neutral,6,0.0,2503.1749999999997,15019.05,0,0,0,0,6,0.4410708333333333,,0.0,39054.898800999996,39054.898800999996,0.0
2025-02-18,0x8170715b3b381dffb7062c0298972d4727a0a63b,Neutral,Neutral,13,0.0,1923.0538461538463,24999.7,0,0,0,0,13,0.18461238461538462,,0.0,39054.898800999996,39054.898800999996,0.0
2025-02-19,0x8170715b3b381dffb7062c0298972d4727a0a63b,Fear,Fear,17,0.0,882.3423529411765,14999.82,0,0,0,0,17,0.08470441176470589,,0.0,39054.898800999996,39054.898800999996,0.0
2025-02-20,0x8170715b3b381dffb7062c0298972d4727a0a63b,Neutral,Neutral,31,0.0,1129.0251612903226,34999.78,0,0,0,0,31,0.10838541935483871,,0.0,39054.898800999996,39054.898800999996,0.0
2025-02-21,0x8170715b3b381dffb7062c0298972d4727a0a63b,Greed,Greed,38,0.0,657.8865789473684,24999.690000000002,0,0,0,0,38,0.06315628947368421,,0.0,39054.898800999996,39054.898800999996,0.0
2025-02-23,0x8170715b3b381dffb7062c0298972d4727a0a63b,Neutral,Neutral,4,0.0,1249.98,4999.92,0,0,0,0,4,0.119997,,0.0,39054.898800999996,39054.898800999996,0.0
2025-02-25,0x8170715b3b381dffb7062c0298972d4727a0a63b,Fear,Fear,39,8698.883848,641.0223076923077,24999.87,39,0,39,0,39,0.0615374358974359,1.0,0.0,47753.78264899999,47753.78264899999,0.0
2025-02-26,0x8170715b3b381dffb7062c0298972d4727a0a63b,Fear,Extreme Fear,1,2225.835732,4999.92,4999.92,1,0,1,0,1,0.479992,1.0,0.0,49979.61838099999,49979.61838099999,0.0
2025-02-28,0x8170715b3b381dffb7062c0298972d4727a0a63b,Fear,Extreme Fear,7,3309.75,714.2857142857143,5000.0,7,0,7,0,7,0.06857114285714286,1.0,0.0,53289.36838099999,53289.36838099999,0.0
2025-03-02,0x8170715b3b381dffb7062c0298972d4727a0a63b,Fear,Fear,2,0.0,2499.975,4999.95,0,0,0,0,2,0.23999749999999997,,0.0,53289.36838099999,53289.36838099999,0.0
2025-03-03,0x8170715b3b381dffb7062c0298972d4727a0a63b,Fear,Fear,8,0.0,624.99375,4999.95,0,0,0,0,8,0.059999125,,0.0,53289.36838099999,53289.36838099999,0.0
2025-03-04,0x8170715b3b381dffb7062c0298972d4727a0a63b,Fear,Extreme Fear,16,6939.47356,937.494375,14999.91,13,0,13,0,16,0.08999875,1.0,0.0,60228.84194099999,60228.84194099999,0.0
2025-03-07,0x8170715b3b381dffb7062c0298972d4727a0a63b,Fear,Fear,12,0.0,12499.980833333333,149999.77,0,0,0,12,0,1.1999973333333334,,,60228.84194099999,60228.84194099999,0.0
2025-03-08,0x8170715b3b381dffb7062c0298972d4727a0a63b,Fear,Fear,38,0.0,2631.5215789473687,99997.82,0,0,0,38,0,0.25262594736842103,,,60228.84194099999,60228.84194099999,0.0
2025-03-09,0x8170715b3b381dffb7062c0298972d4727a0a63b,Fear,Fear,5,3677.4965580000003,999.99,4999.95,5,0,5,0,5,0.0959984,1.0,0.0,63906.338499,63906.338499,0.0
2025-03-10,0x8170715b3b381dffb7062c0298972d4727a0a63b,Fear,Extreme Fear,14,4297.3227640000005,3928.565714285714,54999.92,5,0,5,9,5,0.37714164285714286,1.0,1.8,68203.661263,68203.661263,0.0
2025-03-11,0x8170715b3b381dffb7062c0298972d4727a0a63b,Fear,Extreme Fear,8,0.0,624.9925000000001,4999.9400000000005,0,0,0,0,8,0.059998625,,0.0,68203.661263,68203.661263,0.0
2025-03-12,0x8170715b3b381dffb7062c0298972d4727a0a63b,Fear,Fear,11,-2493.849701,4999.932727272728,54999.26,0,1,1,1,10,0.4799930909090909,0.0,0.1,65709.811562,68203.661263,-2493.849700999999
2025-03-13,0x8170715b3b381dffb7062c0298972d4727a0a63b,Neutral,Neutral,37,0.0,1891.8805405405406,69999.58,0,0,0,26,11,0.18161986486486487,,2.3636363636363638,65709.811562,68203.661263,-2493.849700999999
2025-03-14,0x8170715b3b381dffb7062c0298972d4727a0a63b,Fear,Fear,1,584.05178,9999.89,9999.89,1,0,1,1,0,0.959989,1.0,,66293.863342,68203.661263,-1909.7979210000049
2025-03-15,0x8170715b3b381dffb7062c0298972d4727a0a63b,Neutral,Neutral,18,763.755281,2222.1133333333332,39998.04,3,10,13,13,5,0.21332255555555554,0.23076923076923078,2.6,67057.618623,68203.661263,-1146.0426399999997
2025-03-16,0x8170715b3b381dffb7062c0298972d4727a0a63b,Fear,Fear,7,8368.226125000001,2856.945714285714,19998.62,6,1,7,1,6,0.27426628571428574,0.8571428571428571,0.16666666666666666,75425.844748,75425.844748,0.0
2025-03-17,0x8170715b3b381dffb7062c0298972d4727a0a63b,Fear,Fear,72,0.0,1527.7720833333333,109999.59,0,0,0,0,72,0.14666525,,0.0,75425.844748,75425.844748,0.0
2025-03-18,0x8170715b3b381dffb7062c0298972d4727a0a63b,Fear,Fear,59,0.0,1274.653559322034,75204.56,0,0,0,0,59,0.12236606779661016,,0.0,75425.844748,75425.844748,0.0
2025-03-19,0x8170715b3b381dffb7062c0298972d4727a0a63b,Fear,Fear,109,3036.68886,1511.8720183486237,164794.05,9,0,9,9,100,0.1451388623853211,1.0,0.09,78462.533608,78462.533608,0.0
2025-03-20,0x8170715b3b381dffb7062c0298972d4727a0a63b,Neutral,Neutral,12,652.062115,7589.970833333334,91079.65000000001,3,2,5,5,7,0.7286395833333333,0.6,0.7142857142857143,79114.59572299999,79114.59572299999,0.0
2025-03-22,0x8170715b3b381dffb7062c0298972d4727a0a63b,Fear,Fear,19,3082.76165,526.312105263158,9999.93,19,0,19,0,19,0.05052526315789474,1.0,0.0,82197.35737299999,82197.35737299999,0.0
2025-03-23,0x8170715b3b381dffb7062c0298972d4727a0a63b,Fear,Fear,2,3464.777168,4999.96,9999.92,2,0,2,0,2,0.4799955,1.0,0.0,85662.13454099999,85662.13454099999,0.0
2025-03-24,0x8170715b3b381dffb7062c0298972d4727a0a63b,Neutral,Neutral,47,2838.532396,2021.1748936170213,94995.22,41,6,47,38,9,0.2450976595744681,0.8723404255319149,4.222222222222222,88500.666937,88500.666937,0.0
2025-03-25,0x8170715b3b381dffb7062c0298972d4727a0a63b,Neutral,Neutral,6,2164.09548,6666.248333333334,39997.490000000005,6,0,6,6,0,0.6399591666666667,1.0,,90664.76241699999,90664.76241699999,0.0
2025-03-26,0x8170715b3b381dffb7062c0298972d4727a0a63b,Neutral,Neutral,1,619.572648,9998.76,9998.76,1,0,1,1,0,0.95988,1.0,,91284.33506499999,91284.33506499999,0.0
2025-03-27,0x8170715b3b381dffb7062c0298972d4727a0a63b,Fear,Fear,64,26714.79759,1071.89515625,68601.29,62,0,62,0,64,0.256708359375,1.0,0.0,117999.132655,117999.132655,0.0
2025-03-28,0x8170715b3b381dffb7062c0298972d4727a0a63b,Fear,Fear,29,13956.614828,1137.9037931034482,32999.21,29,0,29,0,29,0.17543941379310343,1.0,0.0,131955.74748299998,131955.74748299998,0.0
2025-03-29,0x8170715b3b381dffb7062c0298972d4727a0a63b,Fear,Fear,86,19573.830158,1162.7798837209302,99999.07,44,0,44,42,44,0.11162611627906976,1.0,0.9545454545454546,151529.57764099998,151529.57764099998,0.0
2025-03-30,0x8170715b3b381dffb7062c0298972d4727a0a63b,Fear,Fear,31,9683.820194,2259.391935483871,70041.15,15,2,17,16,15,0.294640064516129,0.8823529411764706,1.0666666666666667,161213.397835,161213.397835,0.0
2025-03-31,0x8170715b3b381dffb7062c0298972d4727a0a63b,Fear,Fear,8,5544.028638,4999.98625,39999.89,6,0,6,2,6,0.47999775,1.0,0.3333333333333333,166757.426473,166757.426473,0.0
2025-04-01,0x8170715b3b381dffb7062c0298972d4727a0a63b,Fear,Fear,13,4004.50286,9495.466153846153,123441.06,12,0,12,12,1,2.6366309230769236,1.0,12.0,170761.929333,170761.929333,0.0
2025-04-02,0x8170715b3b381dffb7062c0298972d4727a0a63b,Fear,Fear,7,8045.056928,2142.8557142857144,14999.990000000002,7,0,7,0,7,0.20571328571428568,1.0,0.0,178806.98626099998,178806.98626099998,0.0
2025-04-03,0x8170715b3b381dffb7062c0298972d4727a0a63b,Fear,Fear,85,0.0,5629.0912941176475,478472.76,0,0,0,58,27,0.7055098235294117,,2.1481481481481484,178806.98626099998,178806.98626099998,0.0
2025-04-04,0x8170715b3b381dffb7062c0298972d4727a0a63b,Fear,Fear,68,4805.345609999999,932.0805882352942,63381.48,7,0,7,5,63,0.12478691176470588,1.0,0.07936507936507936,183612.331871,183612.331871,0.0
2025-04-06,0x8170715b3b381dffb7062c0298972d4727a0a63b,Fear,Fear,14,17621.701092,13571.328571428572,189998.6,8,0,8,6,8,1.3028467857142856,1.0,0.75,201234.032963,201234.032963,0.0
2025-04-07,0x8170715b3b381dffb7062c0298972d4727a0a63b,Fear,Extreme Fear,51,0.0,2744.2062745098037,139954.52,0,0,0,0,51,0.5455818431372549,,0.0,201234.032963,201234.032963,0.0
2025-04-08,0x8170715b3b381dffb7062c0298972d4727a0a63b,Fear,Extreme Fear,8,0.0,18749.877500000002,149999.02000000002,0,0,0,8,0,1.7999871250000001,,,201234.032963,201234.032963,0.0
2025-04-09,0x8170715b3b381dffb7062c0298972d4727a0a63b,Fear,Extreme Fear,54,-4058.8889249999997,8168.482037037037,441098.03,18,11,29,34,20,0.786332537037037,0.6206896551724138,1.7,197175.144038,201234.032963,-4058.8889250000066
2025-04-10,0x8170715b3b381dffb7062c0298972d4727a0a63b,Fear,Fear,89,4596.960442,3151.4488764044945,280478.95,44,2,46,46,43,0.38478365168539325,0.9565217391304348,1.069767441860465,201772.10447999998,201772.10447999998,0.0
2025-04-11,0x8170715b3b381dffb7062c0298972d4727a0a63b,Fear,Fear,238,-9584.869233000001,2846.985294117647,677582.5,0,47,47,47,191,0.34391646638655465,0.0,0.24607329842931938,192187.235247,201772.10447999998,-9584.869232999976
2025-04-12,0x8170715b3b381dffb7062c0298972d4727a0a63b,Fear,Fear,22,0.0,2727.2445454545455,59999.380000000005,0,0,0,0,22,0.2618145,,0.0,192187.235247,201772.10447999998,-9584.869232999976
2025-04-13,0x8170715b3b381dffb7062c0298972d4727a0a63b,Neutral,Neutral,18,0.0,2222.144444444444,39998.6,0,0,0,0,18,0.2133255,,0.0,192187.235247,201772.10447999998,-9584.869232999976
2025-04-15,0x8170715b3b381dffb7062c0298972d4727a0a63b,Fear,Fear,77,3204.26268,2727.2429870129868,209997.71,77,0,77,0,77,0.2618144935064935,1.0,0.0,195391.497927,201772.10447999998,-6380.6065529999905
2025-04-16,0x8170715b3b381dffb7062c0298972d4727a0a63b,Fear,Fear,39,912.29492,3846.1415384615384,149999.52,1,0,1,0,39,0.36922874358974356,1.0,0.0,196303.792847,201772.10447999998,-5468.311632999976
2025-04-17,0x8170715b3b381dffb7062c0298972d4727a0a63b,Fear,Fear,96,0.0,1979.1661458333335,189999.95,0,0,0,0,96,0.18999897916666666,,0.0,196303.792847,201772.10447999998,-5468.311632999976
2025-04-18,0x8170715b3b381dffb7062c0298972d4727a0a63b,Fear,Fear,46,0.0,3541.02152173913,162886.99,0,0,0,0,46,0.33993721739130434,,0.0,196303.792847,201772.10447999998,-5468.311632999976
2025-04-19,0x8170715b3b381dffb7062c0298972d4727a0a63b,Fear,Fear,96,0.0,3511.545208333333,337108.33999999997,0,0,0,0,96,0.33710782291666663,,0.0,196303.792847,201772.10447999998,-5468.311632999976
2025-04-21,0x8170715b3b381dffb7062c0298972d4727a0a63b,Fear,Fear,18,0.0,2652.518888888889,47745.34,0,0,0,0,18,0.2546413888888889,,0.0,196303.792847,201772.10447999998,-5468.311632999976
2025-04-22,0x8170715b3b381dffb7062c0298972d4727a0a63b,Neutral,Neutral,49,0.0,3515.344081632653,172251.86,0,0,0,0,49,0.33747259183673467,,0.0,196303.792847,201772.10447999998,-5468.311632999976
2025-04-23,0x8170715b3b381dffb7062c0298972d4727a0a63b,Greed,Greed,1242,-358963.139984,2010.350297906602,2496855.07,848,323,1171,0,1242,0.4922801368760064,0.7241673783091375,0.0,-162659.347137,201772.10447999998,-364431.451617
2025-04-24,0x8170715b3b381dffb7062c0298972d4727a0a63b,Greed,Greed,58,398.646746,1319.3956896551724,76524.95,32,22,54,0,58,0.12666125862068964,0.5925925925925926,0.0,-162260.700391,201772.10447999998,-364032.804871
2025-04-25,0x8170715b3b381dffb7062c0298972d4727a0a63b,Greed,Greed,39,-1335.115406,1526.0666666666666,59516.6,2,13,15,0,39,0.26660451282051284,0.13333333333333333,0.0,-163595.81579700002,201772.10447999998,-365367.920277
2025-04-26,0x8170715b3b381dffb7062c0298972d4727a0a63b,Greed,Greed,16,-3925.864943,2147.34125,34357.46,0,16,16,0,16,0.7215055625,0.0,0.0,-167521.68074,201772.10447999998,-369293.78521999996
2025-04-27,0x8170715b3b381dffb7062c0298972d4727a0a63b,Greed,Greed,12,-99.444041,768.4525,9221.43,0,12,12,0,12,0.0737705,0.0,0.0,-167621.124781,201772.10447999998,-369393.22926099994
2024-11-29,0x8381e6d82f1affd39a336e143e081ef7620a3b7f,Greed,Extreme Greed,3,0.0,668.3,2004.8999999999999,0,0,0,0,0,0.05831452333333334,,,0.0,0.0,0.0
2024-12-01,0x8381e6d82f1affd39a336e143e081ef7620a3b7f,Greed,Extreme Greed,3,0.0,999.5866666666667,2998.76,0,0,0,3,0,0.3498563333333333,,,0.0,0.0,0.0
2024-12-02,0x8381e6d82f1affd39a336e143e081ef7620a3b7f,Greed,Extreme Greed,6,0.0,340.65333333333336,2043.92,0,0,0,3,0,0.07244012333333334,,,0.0,0.0,0.0
2024-12-04,0x8381e6d82f1affd39a336e143e081ef7620a3b7f,Greed,Extreme Greed,10,33.26141600000001,669.609,6696.09,2,3,5,5,0,0.154664128,0.4,,33.26141600000001,33.26141600000001,0.0
2024-12-05,0x8381e6d82f1affd39a336e143e081ef7620a3b7f,Greed,Extreme Greed,2,0.0,294.265,588.53,0,0,0,0,0,0.00759846,,,33.26141600000001,33.26141600000001,0.0
2024-12-06,0x8381e6d82f1affd39a336e143e081ef7620a3b7f,Greed,Greed,1,0.0,292.11,292.11,0,0,0,0,0,0.00232193,,,33.26141600000001,33.26141600000001,0.0
2024-12-07,0x8381e6d82f1affd39a336e143e081ef7620a3b7f,Greed,Extreme Greed,3,0.0,1021.2966666666667,3063.8900000000003,0,0,0,0,0,0.00722763,,,33.26141600000001,33.26141600000001,0.0
2024-12-08,0x8381e6d82f1affd39a336e143e081ef7620a3b7f,Greed,Extreme Greed,5,-21.54374,984.758,4923.79,0,2,2,4,0,0.202785194,0.0,,11.717676000000012,33.26141600000001,-21.54374
2024-12-09,0x8381e6d82f1affd39a336e143e081ef7620a3b7f,Greed,Extreme Greed,4,0.0,440.95,1763.8,0,0,0,0,0,0.0062204725,,,11.717676000000012,33.26141600000001,-21.54374
2024-12-10,0x8381e6d82f1affd39a336e143e081ef7620a3b7f,Greed,Extreme Greed,1,0.0,587.97,587.97,0,0,0,0,0,0.00478794,,,11.717676000000012,33.26141600000001,-21.54374
2024-12-13,0x8381e6d82f1affd39a336e143e081ef7620a3b7f,Greed,Extreme Greed,3,0.0,128.88333333333333,386.65,0,0,0,0,0,0.0026436533333333337,,,11.717676000000012,33.26141600000001,-21.54374
2024-12-15,0x8381e6d82f1affd39a336e143e081ef7620a3b7f,Greed,Extreme Greed,5,0.0,739.626,3698.13,0,0,0,0,0,0.006376775999999999,,,11.717676000000012,33.26141600000001,-21.54374
2024-12-19,0x8381e6d82f1affd39a336e143e081ef7620a3b7f,Greed,Extreme Greed,1,0.0,1399.11,1399.11,0,0,0,0,0,0.00611499,,,11.717676000000012,33.26141600000001,-21.54374
2024-12-22,0x8381e6d82f1affd39a336e143e081ef7620a3b7f,Greed,Greed,1,0.0,2815.79,2815.79,0,0,0,0,0,0.00936097,,,11.717676000000012,33.26141600000001,-21.54374
2024-12-23,0x8381e6d82f1affd39a336e143e081ef7620a3b7f,Greed,Greed,6,0.0,2855.656666666667,17133.940000000002,0,0,0,0,0,0.010498313333333334,,,11.717676000000012,33.26141600000001,-21.54374
2024-12-26,0x8381e6d82f1affd39a336e143e081ef7620a3b7f,Greed,Extreme Greed,2,0.0,1914.0,3828.0,0,0,0,0,0,0.0069904799999999994,,,11.717676000000012,33.26141600000001,-21.54374
2025-01-01,0x8381e6d82f1affd39a336e143e081ef7620a3b7f,Greed,Greed,5,0.0,200.802,1004.01,0,0,0,0,0,0.0029567639999999997,,,11.717676000000012,33.26141600000001,-21.54374
2025-01-04,0x8381e6d82f1affd39a336e143e081ef7620a3b7f,Greed,Greed,2,0.0,710.865,1421.73,0,0,0,0,0,0.00307998,,,11.717676000000012,33.26141600000001,-21.54374
2025-01-05,0x8381e6d82f1affd39a336e143e081ef7620a3b7f,Greed,Greed,1,0.0,456.83,456.83,0,0,0,0,0,0.00185097,,,11.717676000000012,33.26141600000001,-21.54374
2025-01-09,0x8381e6d82f1affd39a336e143e081ef7620a3b7f,Greed,Greed,4,0.0,1509.6399999999999,6038.5599999999995,0,0,0,0,0,0.0252524825,,,11.717676000000012,33.26141600000001,-21.54374
2025-01-18,0x8381e6d82f1affd39a336e143e081ef7620a3b7f,Greed,Extreme Greed,7,0.0,2950.0099999999998,20650.07,0,0,0,0,0,0.017043755714285715,,,11.717676000000012,33.26141600000001,-21.54374
2025-01-25,0x8381e6d82f1affd39a336e143e081ef7620a3b7f,Greed,Extreme Greed,25,0.0,3223.1059999999998,80577.65,0,0,0,25,0,1.12808656,,,11.717676000000012,33.26141600000001,-21.54374
2025-01-26,0x8381e6d82f1affd39a336e143e081ef7620a3b7f,Greed,Greed,123,38294.693499,7578.344634146341,932136.39,82,0,82,26,98,2.652420048780488,1.0,0.2653061224489796,38306.411175,38306.411175,0.0
2025-01-27,0x8381e6d82f1affd39a336e143e081ef7620a3b7f,Greed,Greed,2,0.0,4443.99,8887.98,0,0,0,0,0,0.020981955,,,38306.411175,38306.411175,0.0
2025-02-02,0x8381e6d82f1affd39a336e143e081ef7620a3b7f,Greed,Greed,19,0.0,1943.7873684210526,36931.96,0,0,0,0,0,0.028105158421052632,,,38306.411175,38306.411175,0.0
2025-02-03,0x8381e6d82f1affd39a336e143e081ef7620a3b7f,Fear,Fear,8,0.0,2351.285,18810.28,0,0,0,0,0,0.03816003625,,,38306.411175,38306.411175,0.0
2025-02-04,0x8381e6d82f1affd39a336e143e081ef7620a3b7f,Greed,Greed,104,9167.620989,58124.15365384616,6044911.98,49,0,49,92,0,20.343453240384616,1.0,,47474.032164000004,47474.032164000004,0.0
2025-02-05,0x8381e6d82f1affd39a336e143e081ef7620a3b7f,Neutral,Neutral,327,1843.301845,2347.8439143730884,767744.96,126,29,155,0,0,0.36665714272171257,0.8129032258064516,,49317.334009,49317.334009,0.0
2025-02-06,0x8381e6d82f1affd39a336e143e081ef7620a3b7f,Neutral,Neutral,167,71.77363,1881.207604790419,314161.67,39,15,54,0,0,0.2380282589221557,0.7222222222222222,,49389.107639,49389.107639,0.0
2025-02-09,0x8381e6d82f1affd39a336e143e081ef7620a3b7f,Neutral,Neutral,103,1259.5314,6879.689611650486,708608.03,23,0,23,0,103,2.063906291262136,1.0,0.0,50648.639039,50648.639039,0.0
2025-02-10,0x8381e6d82f1affd39a336e143e081ef7620a3b7f,Fear,Fear,10,0.0,1089.435,10894.349999999999,0,0,0,10,0,0.3268301,,,50648.639039,50648.639039,0.0
2025-02-11,0x8381e6d82f1affd39a336e143e081ef7620a3b7f,Neutral,Neutral,211,109.90750199999998,2385.7656398104264,503396.55,80,17,97,3,0,0.3737062904265403,0.8247422680412371,,50758.546541,50758.546541,0.0
2025-02-12,0x8381e6d82f1affd39a336e143e081ef7620a3b7f,Neutral,Neutral,81,2760.439779,12390.793456790123,1003654.27,57,0,57,81,0,2.164130209876543,1.0,,53518.986319999996,53518.986319999996,0.0
2025-02-13,0x8381e6d82f1affd39a336e143e081ef7620a3b7f,Neutral,Neutral,42,1998.702085,2039.3888095238096,85654.33,42,0,42,1,0,0.6118160238095238,1.0,,55517.688405,55517.688405,0.0
2025-02-14,0x8381e6d82f1affd39a336e143e081ef7620a3b7f,Neutral,Neutral,40,27.247837999999998,445.2165,17808.66,11,0,11,0,0,0.069417383,1.0,,55544.936243,55544.936243,0.0
2025-02-16,0x8381e6d82f1affd39a336e143e081ef7620a3b7f,Neutral,Neutral,80,559.647247,1368.858375,109508.67,34,0,34,0,0,0.21428673625,1.0,,56104.58349,56104.58349,0.0
2025-02-17,0x8381e6d82f1affd39a336e143e081ef7620a3b7f,Neutral,Neutral,105,64.346683,1112.2542857142857,116786.7,17,0,17,0,0,0.08652196047619048,1.0,,56168.930173,56168.930173,0.0
2025-02-18,0x8381e6d82f1affd39a336e143e081ef7620a3b7f,Neutral,Neutral,177,3981.044269,1466.1342937853108,259505.77,27,0,27,0,0,0.06302952079096046,1.0,,60149.974442,60149.974442,0.0
2025-02-21,0x8381e6d82f1affd39a336e143e081ef7620a3b7f,Greed,Greed,8,8995.13393,15859.55,126876.4,8,0,8,0,0,1.5859548749999999,1.0,,69145.108372,69145.108372,0.0
2025-02-23,0x8381e6d82f1affd39a336e143e081ef7620a3b7f,Neutral,Neutral,40,0.0,472.709,18908.36,0,0,0,0,0,0.0069381155,,,69145.108372,69145.108372,0.0
2025-02-24,0x8381e6d82f1affd39a336e143e081ef7620a3b7f,Neutral,Neutral,44,0.0,1894.8688636363636,83374.23,0,0,0,0,0,0.030479323636363635,,,69145.108372,69145.108372,0.0
2025-02-25,0x8381e6d82f1affd39a336e143e081ef7620a3b7f,Fear,Fear,4,0.0,3685.7825,14743.13,0,0,0,0,0,0.0682954825,,,69145.108372,69145.108372,0.0
2025-03-26,0x8381e6d82f1affd39a336e143e081ef7620a3b7f,Neutral,Neutral,1,0.0,1134.46,1134.46,0,0,0,0,0,0.00901796,,,69145.108372,69145.108372,0.0
2025-04-07,0x8381e6d82f1affd39a336e143e081ef7620a3b7f,Fear,Extreme Fear,26,-4968.487948,7609.877692307693,197856.82,0,15,15,7,19,2.6634566153846153,0.0,0.3684210526315789,64176.620424,69145.108372,-4968.487948000002
2025-04-08,0x8381e6d82f1affd39a336e143e081ef7620a3b7f,Fear,Extreme Fear,23,142.99159,3984.7504347826084,91649.26,10,0,10,14,9,1.3946622173913041,1.0,1.5555555555555556,64319.612014,69145.108372,-4825.496358000004
2025-04-11,0x8381e6d82f1affd39a336e143e081ef7620a3b7f,Fear,Fear,3,0.0,6864.066666666667,20592.2,0,0,0,3,0,2.402422666666667,,,64319.612014,69145.108372,-4825.496358000004
2025-04-12,0x8381e6d82f1affd39a336e143e081ef7620a3b7f,Fear,Fear,8,202.27562,2599.29625,20794.37,8,0,8,8,0,0.9097531249999999,1.0,,64521.887634,69145.108372,-4623.220738000004
2025-04-19,0x8381e6d82f1affd39a336e143e081ef7620a3b7f,Fear,Fear,22,56.13971,665.6886363636363,14645.15,11,0,11,0,0,0.12341228181818181,1.0,,64578.027344,69145.108372,-4567.0810280000005
2025-04-22,0x8381e6d82f1affd39a336e143e081ef7620a3b7f,Neutral,Neutral,2,284.16768,66188.125,132376.25,1,0,1,2,0,23.1658445,1.0,,64862.195024,69145.108372,-4282.913348000002
2025-04-23,0x8381e6d82f1affd39a336e143e081ef7620a3b7f,Greed,Greed,4,0.0,17801.63,71206.52,0,0,0,4,0,6.2305695000000005,,,64862.195024,69145.108372,-4282.913348000002
2025-04-26,0x8381e6d82f1affd39a336e143e081ef7620a3b7f,Greed,Greed,3,505.40523,23903.97666666667,71711.93000000001,1,2,3,3,0,2.508822,0.3333333333333333,,65367.600254,69145.108372,-3777.508118000005
2025-04-27,0x8381e6d82f1affd39a336e143e081ef7620a3b7f,Greed,Greed,13,33.061386999999996,1032.253846153846,13419.3,2,0,2,0,0,0.061808969230769235,1.0,,65400.661641,69145.108372,-3744.4467310000036
2025-04-28,0x8381e6d82f1affd39a336e143e081ef7620a3b7f,Neutral,Neutral,10,0.0,799.756,7997.5599999999995,0,0,0,0,0,0.015534364,,,65400.661641,69145.108372,-3744.4467310000036
2025-04-29,0x8381e6d82f1affd39a336e143e081ef7620a3b7f,Greed,Greed,1,112.996265,8110.65,8110.65,1,0,1,0,0,0.811065,1.0,,65513.657906,69145.108372,-3631.450466000002
2024-05-23,0x8477e447846c758f5a675856001ea72298fd9cb5,Greed,Extreme Greed,305,413.347329,1074.7592786885245,327801.58,145,11,156,87,219,0.2869281245901639,0.9294871794871795,0.3972602739726027,413.347329,413.347329,0.0
2024-05-25,0x8477e447846c758f5a675856001ea72298fd9cb5,Greed,Extreme Greed,14,14.126038999999999,355.9985714285714,4983.98,5,0,5,0,14,0.10674185714285714,1.0,0.0,427.473368,427.473368,0.0
2024-05-26,0x8477e447846c758f5a675856001ea72298fd9cb5,Greed,Extreme Greed,7,5.2257,459.03142857142853,3213.22,2,0,2,0,7,0.142998,1.0,0.0,432.699068,432.699068,0.0
2024-05-27,0x8477e447846c758f5a675856001ea72298fd9cb5,Greed,Greed,251,1129.35587,602.0546613545816,151115.72,90,3,93,0,251,0.18259946613545816,0.967741935483871,0.0,1562.0549380000002,1562.0549380000002,0.0
2024-05-29,0x8477e447846c758f5a675856001ea72298fd9cb5,Greed,Greed,159,277.791953,337.7447798742138,53701.42,68,3,71,15,144,0.10980213207547171,0.9577464788732394,0.10416666666666667,1839.846891,1839.846891,0.0
2024-05-30,0x8477e447846c758f5a675856001ea72298fd9cb5,Greed,Greed,7,20.951433,405.4414285714286,2838.09,5,0,5,0,7,0.1419037142857143,1.0,0.0,1860.7983239999999,1860.7983239999999,0.0
2024-05-31,0x8477e447846c758f5a675856001ea72298fd9cb5,Greed,Greed,13,25.35812,279.70307692307694,3636.14,4,0,4,0,13,0.09789584615384615,1.0,0.0,1886.156444,1886.156444,0.0
2024-06-01,0x8477e447846c758f5a675856001ea72298fd9cb5,Greed,Greed,25,91.510419,513.3848,12834.62,9,0,9,0,25,0.17968424,1.0,0.0,1977.666863,1977.666863,0.0
2024-06-02,0x8477e447846c758f5a675856001ea72298fd9cb5,Greed,Greed,93,192.906947,316.822688172043,29464.51,34,0,34,0,93,0.08379475268817205,1.0,0.0,2170.57381,2170.57381,0.0
2024-06-03,0x8477e447846c758f5a675856001ea72298fd9cb5,Greed,Greed,70,562.808208,306.66942857142857,21466.86,44,0,44,0,70,0.07682979999999999,1.0,0.0,2733.3820180000002,2733.3820180000002,0.0
2024-06-04,0x8477e447846c758f5a675856001ea72298fd9cb5,Greed,Greed,53,52.211438,457.42283018867926,24243.41,25,0,25,0,53,0.1402443962264151,1.0,0.0,2785.593456,2785.593456,0.0
2024-06-05,0x8477e447846c758f5a675856001ea72298fd9cb5,Greed,Extreme Greed,54,56.055506,469.4587037037037,25350.77,16,1,17,0,54,0.13155666666666668,0.9411764705882353,0.0,2841.648962,2841.648962,0.0
2024-06-06,0x8477e447846c758f5a675856001ea72298fd9cb5,Greed,Extreme Greed,234,274.173187,587.8536752136753,137557.76,100,2,102,2,232,0.15845907692307692,0.9803921568627451,0.008620689655172414,3115.822149,3115.822149,0.0
2024-06-07,0x8477e447846c758f5a675856001ea72298fd9cb5,Greed,Extreme Greed,374,1573.244278,832.9677272727273,311529.93,146,2,148,110,264,0.26114516577540103,0.9864864864864865,0.4166666666666667,4689.066427,4689.066427,0.0
2024-06-08,0x8477e447846c758f5a675856001ea72298fd9cb5,Greed,Greed,22,129.13883900000002,2379.510454545454,52349.229999999996,8,0,8,22,0,0.8328277272727272,1.0,,4818.205266,4818.205266,0.0
2024-06-10,0x8477e447846c758f5a675856001ea72298fd9cb5,Greed,Greed,49,31.266804999999998,460.97204081632657,22587.63,18,0,18,0,49,0.1284943469387755,1.0,0.0,4849.472071,4849.472071,0.0
2024-06-11,0x8477e447846c758f5a675856001ea72298fd9cb5,Greed,Greed,27,51.081143,696.6096296296296,18808.46,9,0,9,27,0,0.24381285185185184,1.0,,4900.553214,4900.553214,0.0
2024-06-12,0x8477e447846c758f5a675856001ea72298fd9cb5,Greed,Greed,217,-21886.531493,884.2718433179723,191886.99,21,57,78,0,217,0.29351533179723505,0.2692307692307692,0.0,-16985.978279,4900.553214,-21886.531493
2024-07-17,0x8477e447846c758f5a675856001ea72298fd9cb5,Greed,Greed,335,1859.269477,1346.5090746268656,451080.54,145,10,155,0,335,0.43396470447761193,0.9354838709677419,0.0,-15126.708802,4900.553214,-20027.262016
2024-07-18,0x8477e447846c758f5a675856001ea72298fd9cb5,Greed,Greed,7,1233.9043470000001,1049.82,7348.74,7,0,7,0,7,0.3674367142857143,1.0,0.0,-13892.804455,4900.553214,-18793.357668999997
2024-07-19,0x8477e447846c758f5a675856001ea72298fd9cb5,Greed,Greed,7,35.79975,592.3885714285715,4146.72,1,0,1,2,5,0.20733485714285713,1.0,0.4,-13857.004705,4900.553214,-18757.557919
2024-07-20,0x8477e447846c758f5a675856001ea72298fd9cb5,Greed,Greed,257,2169.508265,562.1888715953307,144482.54,29,3,32,0,257,0.17821220622568093,0.90625,0.0,-11687.496439999999,4900.553214,-16588.049654
2024-07-21,0x8477e447846c758f5a675856001ea72298fd9cb5,Greed,Greed,445,-2960.716887,427.66804494382023,190312.28,21,215,236,0,445,0.1108427595505618,0.08898305084745763,0.0,-14648.213327,4900.553214,-19548.766540999997
2024-07-22,0x8477e447846c758f5a675856001ea72298fd9cb5,Greed,Greed,133,-756.173134,593.273909774436,78905.43,9,84,93,0,133,0.13986192481203008,0.0967741935483871,0.0,-15404.386460999998,4900.553214,-20304.939674999998
2024-07-23,0x8477e447846c758f5a675856001ea72298fd9cb5,Greed,Greed,139,1805.309858,640.1771942446044,88984.63,100,35,135,0,139,0.18913956115107913,0.7407407407407407,0.0,-13599.076603,4900.553214,-18499.629817
2024-07-24,0x8477e447846c758f5a675856001ea72298fd9cb5,Greed,Greed,29,625.561479,1215.0548275862068,35236.59,18,0,18,0,27,0.403716,1.0,0.0,-12973.515124,4900.553214,-17874.068337999997
2024-07-26,0x8477e447846c758f5a675856001ea72298fd9cb5,Greed,Greed,111,341.250124,1316.2212612612611,146100.56,32,0,32,0,111,0.404371045045045,1.0,0.0,-12632.265,4900.553214,-17532.818214
2024-07-27,0x8477e447846c758f5a675856001ea72298fd9cb5,Greed,Greed,5,0.0,888.552,4442.76,0,0,0,0,5,0.31099259999999995,,0.0,-12632.265,4900.553214,-17532.818214
2024-07-28,0x8477e447846c758f5a675856001ea72298fd9cb5,Greed,Greed,13,587.29903,865.7684615384616,11254.99,12,0,12,0,13,0.3030181538461539,1.0,0.0,-12044.96597,4900.553214,-16945.519183999997
2024-07-29,0x8477e447846c758f5a675856001ea72298fd9cb5,Greed,Greed,15,217.857529,1797.1860000000001,26957.79,5,0,5,4,11,0.6290148,1.0,0.36363636363636365,-11827.108440999998,4900.553214,-16727.661654999996
2024-07-31,0x8477e447846c758f5a675856001ea72298fd9cb5,Greed,Greed,40,765.690884,1112.535,44501.4,14,0,14,0,40,0.38938670000000003,1.0,0.0,-11061.417556999999,4900.553214,-15961.970770999998
2024-08-01,0x8477e447846c758f5a675856001ea72298fd9cb5,Neutral,Neutral,34,167.080017,1432.7749999999999,48714.35,4,3,7,30,4,0.501470705882353,0.5714285714285714,7.5,-10894.337539999999,4900.553214,-15794.890753999998
2024-08-02,0x8477e447846c758f5a675856001ea72298fd9cb5,Greed,Greed,15,228.247701,1984.4720000000002,29767.08,12,0,12,12,3,0.6945647333333334,1.0,4.0,-10666.089838999998,4900.553214,-15566.643052999998
2024-08-03,0x8477e447846c758f5a675856001ea72298fd9cb5,Fear,Fear,1,464.1897,4534.09,4534.09,1,0,1,0,1,1.58693,1.0,0.0,-10201.900139,4900.553214,-15102.453352999999
2024-08-04,0x8477e447846c758f5a675856001ea72298fd9cb5,Fear,Fear,17,109.005815,2129.0517647058823,36193.88,3,0,3,17,0,0.7451676470588237,1.0,,-10092.894323999999,4900.553214,-14993.447537999999
2024-08-05,0x8477e447846c758f5a675856001ea72298fd9cb5,Fear,Fear,17,160.44369899999998,2357.7947058823524,40082.509999999995,7,0,7,17,0,0.8252274117647059,1.0,,-9932.450625,4900.553214,-14833.003838999999
2024-08-09,0x8477e447846c758f5a675856001ea72298fd9cb5,Neutral,Neutral,69,151.092375,635.3107246376812,43836.44,17,1,18,0,69,0.22235815942028986,0.9444444444444444,0.0,-9781.35825,4900.553214,-14681.911463999999
2024-08-20,0x8477e447846c758f5a675856001ea72298fd9cb5,Fear,Fear,4,0.0,1874.2325,7496.93,0,0,0,0,4,0.6559815,,0.0,-9781.35825,4900.553214,-14681.911463999999
2024-08-21,0x8477e447846c758f5a675856001ea72298fd9cb5,Fear,Fear,143,656.200925,720.2106993006994,102990.13,54,0,54,0,143,0.2520733146853147,1.0,0.0,-9125.157324999998,4900.553214,-14025.710538999998
2024-08-31,0x8477e447846c758f5a675856001ea72298fd9cb5,Fear,Fear,24,10.882801,312.76375,7506.33,12,1,13,0,8,0.20646945833333333,0.9230769230769231,0.0,-9114.274523999999,4900.553214,-14014.827737999998
2024-09-01,0x8477e447846c758f5a675856001ea72298fd9cb5,Fear,Fear,12,137.433093,1029.9733333333334,12359.68,5,0,5,4,7,0.36048841666666664,1.0,0.5714285714285714,-8976.841430999999,4900.553214,-13877.394644999998
2024-10-20,0x8477e447846c758f5a675856001ea72298fd9cb5,Greed,Greed,90,160.095271,624.6905555555555,56222.15,6,0,6,0,90,0.19087184444444444,1.0,0.0,-8816.746159999999,4900.553214,-13717.299373999998
2024-10-21,0x8477e447846c758f5a675856001ea72298fd9cb5,Greed,Greed,162,2464.915564,1074.6531481481481,174093.81,68,0,68,0,162,0.35400977777777776,1.0,0.0,-6351.830596,4900.553214,-11252.38381
2024-10-29,0x8477e447846c758f5a675856001ea72298fd9cb5,Greed,Greed,16,801.170876,668.305625,10692.89,3,0,3,0,16,0.2339065625,1.0,0.0,-5550.65972,4900.553214,-10451.212934
2024-10-30,0x8477e447846c758f5a675856001ea72298fd9cb5,Greed,Extreme Greed,25,9.150023,473.23400000000004,11830.85,7,1,8,0,25,0.14387952,0.875,0.0,-5541.5096969999995,4900.553214,-10442.062910999999
2024-10-31,0x8477e447846c758f5a675856001ea72298fd9cb5,Greed,Extreme Greed,11,451.122034,1143.8036363636363,12581.84,11,0,11,0,11,0.3139920909090909,1.0,0.0,-5090.3876629999995,4900.553214,-9990.940877
2024-11-09,0x8477e447846c758f5a675856001ea72298fd9cb5,Greed,Extreme Greed,77,102.90894,563.4285714285714,43384.0,19,25,44,0,77,0.17771894805194807,0.4318181818181818,0.0,-4987.478722999999,4900.553214,-9888.031937
2024-11-10,0x8477e447846c758f5a675856001ea72298fd9cb5,Greed,Extreme Greed,164,442.748384,1361.297987804878,223252.87,45,0,45,0,164,0.47645384146341463,1.0,0.0,-4544.730339,4900.553214,-9445.283553
2024-11-11,0x8477e447846c758f5a675856001ea72298fd9cb5,Greed,Extreme Greed,172,4876.874304,1907.2104069767443,328040.19,79,4,83,0,172,0.6368387674418604,0.9518072289156626,0.0,332.1439650000002,4900.553214,-4568.409248999999
2024-11-12,0x8477e447846c758f5a675856001ea72298fd9cb5,Greed,Extreme Greed,91,1441.27965,1631.5342857142857,148469.62,22,8,30,0,91,0.5710365384615385,0.7333333333333333,0.0,1773.4236150000002,4900.553214,-3127.1295989999994
2024-11-13,0x8477e447846c758f5a675856001ea72298fd9cb5,Greed,Extreme Greed,4,48.000187,1653.81,6615.24,2,0,2,0,4,0.5788345,1.0,0.0,1821.4238020000003,4900.553214,-3079.1294119999993
2024-11-15,0x8477e447846c758f5a675856001ea72298fd9cb5,Greed,Extreme Greed,2,0.0,555.8050000000001,1111.6100000000001,0,0,0,0,2,0.19453199999999998,,0.0,1821.4238020000003,4900.553214,-3079.1294119999993
2024-11-16,0x8477e447846c758f5a675856001ea72298fd9cb5,Greed,Extreme Greed,30,870.746565,674.5303333333334,20235.91,12,0,12,0,30,0.2360851,1.0,0.0,2692.170367,4900.553214,-2208.3828469999994
2024-11-17,0x8477e447846c758f5a675856001ea72298fd9cb5,Greed,Extreme Greed,20,175.061007,979.567,19591.34,7,3,10,0,20,0.34284765000000006,0.7,0.0,2867.231374,4900.553214,-2033.3218399999996
2024-11-18,0x8477e447846c758f5a675856001ea72298fd9cb5,Greed,Extreme Greed,79,431.960709,968.6977215189872,76527.12,27,0,27,0,79,0.33904379746835445,1.0,0.0,3299.192083,4900.553214,-1601.3611309999997
2024-11-19,0x8477e447846c758f5a675856001ea72298fd9cb5,Greed,Extreme Greed,56,906.2475900000001,1511.193392857143,84626.83,26,2,28,0,56,0.4867857142857143,0.9285714285714286,0.0,4205.439673,4900.553214,-695.1135409999997
2024-11-20,0x8477e447846c758f5a675856001ea72298fd9cb5,Greed,Extreme Greed,32,447.920315,2027.2915625,64873.33,14,0,14,0,32,0.70955121875,1.0,0.0,4653.359988,4900.553214,-247.1932259999994
2024-11-21,0x8477e447846c758f5a675856001ea72298fd9cb5,Greed,Extreme Greed,57,0.0,1398.0726315789473,79690.14,0,0,0,0,57,0.4783818947368421,,0.0,4653.359988,4900.553214,-247.1932259999994
2024-11-22,0x8477e447846c758f5a675856001ea72298fd9cb5,Greed,Extreme Greed,137,365.437929,2588.8760583941607,354676.02,52,9,61,2,136,0.7489838686131386,0.8524590163934426,0.014705882352941176,5018.797917,5018.797917,0.0
2024-11-23,0x8477e447846c758f5a675856001ea72298fd9cb5,Greed,Extreme Greed,191,1439.449718,2003.0396858638744,382580.58,58,7,65,0,191,0.6055142722513089,0.8923076923076924,0.0,6458.247635,6458.247635,0.0
2024-11-24,0x8477e447846c758f5a675856001ea72298fd9cb5,Greed,Extreme Greed,70,391.890903,1866.554,130658.78,12,9,21,0,70,0.5997222714285714,0.5714285714285714,0.0,6850.138538,6850.138538,0.0
2024-11-28,0x8477e447846c758f5a675856001ea72298fd9cb5,Greed,Extreme Greed,6,0.0,416.6333333333334,2499.8,0,0,0,0,6,0.14582066666666668,,0.0,6850.138538,6850.138538,0.0
2024-11-29,0x8477e447846c758f5a675856001ea72298fd9cb5,Greed,Extreme Greed,63,22697.489906,695.2509523809523,43800.81,37,0,37,0,25,0.23719427095238096,1.0,0.0,29547.628443999998,29547.628443999998,0.0
2024-11-30,0x8477e447846c758f5a675856001ea72298fd9cb5,Greed,Extreme Greed,76,40.699929,636.261447368421,48355.87,5,0,5,0,75,0.2226908947368421,1.0,0.0,29588.328372999997,29588.328372999997,0.0
2024-12-01,0x8477e447846c758f5a675856001ea72298fd9cb5,Greed,Extreme Greed,123,1169.432253,893.489918699187,109899.26,55,0,55,0,123,0.3127210731707317,1.0,0.0,30757.760626,30757.760626,0.0
2024-12-02,0x8477e447846c758f5a675856001ea72298fd9cb5,Greed,Extreme Greed,8,254.15562,1667.92875,13343.43,1,0,1,0,8,0.58377475,1.0,0.0,31011.916245999997,31011.916245999997,0.0
2024-12-03,0x8477e447846c758f5a675856001ea72298fd9cb5,Greed,Extreme Greed,6,-158.695661,2708.735,16252.410000000002,0,4,4,0,6,0.9480565,0.0,0.0,30853.220585,31011.916245999997,-158.69566099999793
2025-01-02,0x8477e447846c758f5a675856001ea72298fd9cb5,Greed,Greed,77,45.086985,332.6585714285714,25614.71,10,0,10,5,72,0.11353183064935066,1.0,0.06944444444444445,30898.307569999997,31011.916245999997,-113.60867599999983
2025-01-03,0x8477e447846c758f5a675856001ea72298fd9cb5,Greed,Greed,177,909.1721379999999,251.76581920903956,44562.55,32,0,32,27,150,0.0847449209039548,1.0,0.18,31807.479708,31807.479708,0.0
2025-01-04,0x8477e447846c758f5a675856001ea72298fd9cb5,Greed,Greed,51,30.818079,182.9343137254902,9329.65,2,0,2,0,51,0.06402649019607842,1.0,0.0,31838.297787,31838.297787,0.0
2025-01-05,0x8477e447846c758f5a675856001ea72298fd9cb5,Greed,Greed,51,151.429584,209.45666666666668,10682.29,9,0,9,0,51,0.055351058823529406,1.0,0.0,31989.727370999997,31989.727370999997,0.0
2025-01-06,0x8477e447846c758f5a675856001ea72298fd9cb5,Greed,Extreme Greed,266,272.131501,246.8388345864662,65659.13,8,20,28,0,266,0.07245591353383458,0.2857142857142857,0.0,32261.858871999997,32261.858871999997,0.0
2025-01-07,0x8477e447846c758f5a675856001ea72298fd9cb5,Greed,Extreme Greed,222,4334.417218,618.5525225225225,137318.66,161,8,169,23,199,0.196989509009009,0.9526627218934911,0.11557788944723618,36596.27609,36596.27609,0.0
2025-01-08,0x8477e447846c758f5a675856001ea72298fd9cb5,Greed,Greed,390,1303.127763,410.6838717948718,160166.71,128,3,131,244,142,0.14181711651282053,0.9770992366412213,1.7183098591549295,37899.403852999996,37899.403852999996,0.0
2025-01-09,0x8477e447846c758f5a675856001ea72298fd9cb5,Greed,Greed,222,123.72129899999999,448.987027027027,99675.12,21,16,37,16,207,0.13869052702702703,0.5675675675675675,0.07729468599033816,38023.125152,38023.125152,0.0
2025-01-10,0x8477e447846c758f5a675856001ea72298fd9cb5,Neutral,Neutral,254,1189.078864,476.30413385826773,120981.25,119,17,136,142,116,0.1667059409448819,0.875,1.2241379310344827,39212.204015999996,39212.204015999996,0.0
2025-01-11,0x8477e447846c758f5a675856001ea72298fd9cb5,Greed,Greed,82,417.647169,435.32475609756096,35696.63,17,1,18,47,35,0.15236318292682927,0.9444444444444444,1.3428571428571427,39629.851185,39629.851185,0.0
2025-01-12,0x8477e447846c758f5a675856001ea72298fd9cb5,Greed,Greed,15,0.0,332.6786666666667,4990.18,0,0,0,0,15,0.11643686666666667,,0.0,39629.851185,39629.851185,0.0
2025-01-13,0x8477e447846c758f5a675856001ea72298fd9cb5,Greed,Greed,58,2060.162946,827.8527586206897,48015.46,26,1,27,47,10,0.28974815517241376,0.9629629629629629,4.7,41690.014130999996,41690.014130999996,0.0
2025-01-14,0x8477e447846c758f5a675856001ea72298fd9cb5,Greed,Greed,13,82.032118,565.48,7351.24,3,1,4,1,12,0.19791761538461536,0.75,0.08333333333333333,41772.046249,41772.046249,0.0
2025-01-15,0x8477e447846c758f5a675856001ea72298fd9cb5,Greed,Greed,64,240.93138,456.34046875,29205.79,28,2,30,0,64,0.140188046875,0.9333333333333333,0.0,42012.977629,42012.977629,0.0
2025-01-16,0x8477e447846c758f5a675856001ea72298fd9cb5,Greed,Extreme Greed,34,218.26223099999999,471.515,16031.51,6,5,11,0,34,0.16502964705882353,0.5454545454545454,0.0,42231.239859999994,42231.239859999994,0.0
2025-01-17,0x8477e447846c758f5a675856001ea72298fd9cb5,Greed,Extreme Greed,13,43.69239,423.4723076923077,5505.14,1,0,1,0,13,0.14821453846153848,1.0,0.0,42274.93225,42274.93225,0.0
2025-01-18,0x8477e447846c758f5a675856001ea72298fd9cb5,Greed,Extreme Greed,40,1055.8044439999999,565.99425,22639.77,20,2,22,0,40,0.19809755,0.9090909090909091,0.0,43330.736694,43330.736694,0.0
2025-01-19,0x8477e447846c758f5a675856001ea72298fd9cb5,Greed,Extreme Greed,13,0.0,508.26307692307694,6607.42,0,0,0,0,13,0.177892,,0.0,43330.736694,43330.736694,0.0
2025-01-20,0x8477e447846c758f5a675856001ea72298fd9cb5,Greed,Extreme Greed,44,1876.265511,674.2861363636364,29668.59,19,1,20,11,33,0.23599972727272728,0.95,0.3333333333333333,45207.002205,45207.002205,0.0
2025-01-21,0x8477e447846c758f5a675856001ea72298fd9cb5,Greed,Extreme Greed,206,201.672306,288.69718446601945,59471.62,35,2,37,0,206,0.10104331067961164,0.9459459459459459,0.0,45408.674511,45408.674511,0.0
2025-01-22,0x8477e447846c758f5a675856001ea72298fd9cb5,Greed,Extreme Greed,147,261.367634,590.73,86837.31,13,16,29,0,147,0.20675495238095237,0.4482758620689655,0.0,45670.042145,45670.042145,0.0
2025-01-23,0x8477e447846c758f5a675856001ea72298fd9cb5,Greed,Extreme Greed,275,7503.093009,646.8723272727273,177889.88999999998,129,18,147,22,254,0.21287055272727273,0.8775510204081632,0.08661417322834646,53173.135153999996,53173.135153999996,0.0
2025-01-24,0x8477e447846c758f5a675856001ea72298fd9cb5,Greed,Extreme Greed,61,288.144978,349.93508196721314,21346.04,2,0,2,0,61,0.12247659016393442,1.0,0.0,53461.280132,53461.280132,0.0
2025-01-25,0x8477e447846c758f5a675856001ea72298fd9cb5,Greed,Extreme Greed,111,1125.196124,498.1863963963964,55298.69,25,0,25,0,111,0.17436478378378378,1.0,0.0,54586.476255999994,54586.476255999994,0.0
2025-01-26,0x8477e447846c758f5a675856001ea72298fd9cb5,Greed,Greed,96,444.464792,815.5705208333334,78294.77,21,8,29,0,96,0.2854490416666667,0.7241379310344828,0.0,55030.941048,55030.941048,0.0
2025-01-27,0x8477e447846c758f5a675856001ea72298fd9cb5,Greed,Greed,31,4321.583225,1396.8890322580644,43303.56,18,0,18,10,21,0.48891025806451616,1.0,0.47619047619047616,59352.524272999995,59352.524272999995,0.0
2025-01-29,0x8477e447846c758f5a675856001ea72298fd9cb5,Greed,Greed,13,0.0,452.09615384615387,5877.25,0,0,0,2,11,0.15823253846153845,,0.18181818181818182,59352.524272999995,59352.524272999995,0.0
2025-01-30,0x8477e447846c758f5a675856001ea72298fd9cb5,Greed,Greed,9,0.0,307.96333333333337,2771.67,0,0,0,0,9,0.10778655555555555,,0.0,59352.524272999995,59352.524272999995,0.0
2025-01-31,0x8477e447846c758f5a675856001ea72298fd9cb5,Greed,Extreme Greed,66,151.311363,527.1548484848485,34792.22,16,0,16,1,65,0.18450369696969696,1.0,0.015384615384615385,59503.835635999996,59503.835635999996,0.0
2025-02-01,0x8477e447846c758f5a675856001ea72298fd9cb5,Greed,Greed,60,1579.909758,615.154,36909.24,29,5,34,0,60,0.21530335,0.8529411764705882,0.0,61083.745394,61083.745394,0.0
2025-02-02,0x8477e447846c758f5a675856001ea72298fd9cb5,Greed,Greed,60,1023.934713,1069.4091666666668,64164.55,15,1,16,42,18,0.37429281666666664,0.9375,2.3333333333333335,62107.680107,62107.680107,0.0
2025-02-03,0x8477e447846c758f5a675856001ea72298fd9cb5,Fear,Fear,138,1474.607584,1645.3448550724638,227057.59,67,0,67,138,0,0.5758701811594202,1.0,,63582.287691,63582.287691,0.0
2025-02-04,0x8477e447846c758f5a675856001ea72298fd9cb5,Greed,Greed,6,0.0,462.50499999999994,2775.0299999999997,0,0,0,0,6,0.161876,,0.0,63582.287691,63582.287691,0.0
2025-02-05,0x8477e447846c758f5a675856001ea72298fd9cb5,Neutral,Neutral,20,554.257954,554.9604999999999,11099.21,12,0,12,0,20,0.19423564999999998,1.0,0.0,64136.545645,64136.545645,0.0
2025-02-07,0x8477e447846c758f5a675856001ea72298fd9cb5,Fear,Fear,6,0.0,277.15333333333336,1662.92,0,0,0,0,6,0.09700366666666667,,0.0,64136.545645,64136.545645,0.0
2025-02-08,0x8477e447846c758f5a675856001ea72298fd9cb5,Fear,Fear,8,131.753274,329.95875,2639.67,7,0,7,0,8,0.11548525,1.0,0.0,64268.298919,64268.298919,0.0
2025-02-09,0x8477e447846c758f5a675856001ea72298fd9cb5,Neutral,Neutral,65,312.034872,322.47153846153844,20960.649999999998,20,1,21,2,63,0.11286439999999999,0.9523809523809523,0.031746031746031744,64580.333791,64580.333791,0.0
2025-02-10,0x8477e447846c758f5a675856001ea72298fd9cb5,Fear,Fear,46,131.17446,585.3667391304348,26926.87,7,1,8,13,33,0.20487793478260868,0.875,0.3939393939393939,64711.508251,64711.508251,0.0
2025-02-11,0x8477e447846c758f5a675856001ea72298fd9cb5,Neutral,Neutral,19,56.537437,569.5515789473684,10821.48,5,0,5,0,19,0.19934278947368422,1.0,0.0,64768.045688,64768.045688,0.0
2025-02-12,0x8477e447846c758f5a675856001ea72298fd9cb5,Neutral,Neutral,30,299.669854,410.9486666666666,12328.46,23,3,26,0,30,0.1438311,0.8846153846153846,0.0,65067.715542,65067.715542,0.0
2025-02-13,0x8477e447846c758f5a675856001ea72298fd9cb5,Neutral,Neutral,25,181.456277,264.2908,6607.2699999999995,11,0,11,0,25,0.09250148,1.0,0.0,65249.171818999996,65249.171818999996,0.0
2025-02-14,0x8477e447846c758f5a675856001ea72298fd9cb5,Neutral,Neutral,10,0.0,254.971,2549.71,0,0,0,0,10,0.0892394,,0.0,65249.171818999996,65249.171818999996,0.0
2025-02-15,0x8477e447846c758f5a675856001ea72298fd9cb5,Neutral,Neutral,9,49.98382900000001,437.9866666666667,3941.88,3,6,9,0,9,0.1532951111111111,0.3333333333333333,0.0,65299.155648,65299.155648,0.0
2025-02-16,0x8477e447846c758f5a675856001ea72298fd9cb5,Neutral,Neutral,1,0.0,555.02,555.02,0,0,0,0,1,0.194256,,0.0,65299.155648,65299.155648,0.0
2025-02-17,0x8477e447846c758f5a675856001ea72298fd9cb5,Neutral,Neutral,20,0.0,510.6405,10212.81,0,0,0,0,20,0.17872365,,0.0,65299.155648,65299.155648,0.0
2025-02-18,0x8477e447846c758f5a675856001ea72298fd9cb5,Neutral,Neutral,23,950.815596,644.1191304347826,14814.74,21,0,21,0,23,0.22544091304347824,1.0,0.0,66249.971244,66249.971244,0.0
2025-02-19,0x8477e447846c758f5a675856001ea72298fd9cb5,Fear,Fear,9,0.0,832.99,7496.91,0,0,0,0,9,0.2915456666666667,,0.0,66249.971244,66249.971244,0.0
2025-02-22,0x8477e447846c758f5a675856001ea72298fd9cb5,Neutral,Neutral,18,-80.922744,343.5022222222222,6183.04,0,1,1,0,18,0.12022522222222223,0.0,0.0,66169.0485,66249.971244,-80.92274399999587
2025-02-23,0x8477e447846c758f5a675856001ea72298fd9cb5,Neutral,Neutral,24,63.922728,574.5508333333333,13789.22,1,0,1,0,24,0.2010920416666667,1.0,0.0,66232.971228,66249.971244,-17.000016000005417
2025-02-24,0x8477e447846c758f5a675856001ea72298fd9cb5,Neutral,Neutral,55,1282.097568,874.9930909090909,48124.62,35,3,38,22,33,0.3062471454545454,0.9210526315789473,0.6666666666666666,67515.06879599999,67515.06879599999,0.0
2025-02-25,0x8477e447846c758f5a675856001ea72298fd9cb5,Fear,Fear,4,0.0,1249.875,4999.5,0,0,0,4,0,0.437456,,,67515.06879599999,67515.06879599999,0.0
2025-02-26,0x8477e447846c758f5a675856001ea72298fd9cb5,Fear,Extreme Fear,14,108.13869,642.3542857142858,8992.960000000001,1,0,1,1,13,0.2248235,1.0,0.07692307692307693,67623.207486,67623.207486,0.0
2025-02-27,0x8477e447846c758f5a675856001ea72298fd9cb5,Fear,Extreme Fear,1,0.0,2499.69,2499.69,0,0,0,1,0,0.874891,,,67623.207486,67623.207486,0.0
2025-02-28,0x8477e447846c758f5a675856001ea72298fd9cb5,Fear,Extreme Fear,19,268.367925,1126.7694736842104,21408.62,10,0,10,6,13,0.3943685263157895,1.0,0.46153846153846156,67891.575411,67891.575411,0.0
2025-03-03,0x8477e447846c758f5a675856001ea72298fd9cb5,Fear,Fear,68,468.35197800000003,575.8669117647058,39158.95,23,8,31,1,67,0.20155304411764707,0.7419354838709677,0.014925373134328358,68359.927389,68359.927389,0.0
2025-03-04,0x8477e447846c758f5a675856001ea72298fd9cb5,Fear,Extreme Fear,8,54.2704,1117.82,8942.56,1,0,1,7,1,0.39123712499999996,1.0,7.0,68414.197789,68414.197789,0.0
2025-03-05,0x8477e447846c758f5a675856001ea72298fd9cb5,Fear,Extreme Fear,34,34.86435,543.1394117647059,18466.739999999998,4,0,4,4,30,0.19009811764705883,1.0,0.13333333333333333,68449.062139,68449.062139,0.0
2025-03-06,0x8477e447846c758f5a675856001ea72298fd9cb5,Fear,Fear,7,0.0,110.53285714285714,773.73,0,0,0,0,7,0.03868542857142857,,0.0,68449.062139,68449.062139,0.0
2025-03-07,0x8477e447846c758f5a675856001ea72298fd9cb5,Fear,Fear,2,9.266712,554.57,1109.14,1,0,1,0,2,0.194099,1.0,0.0,68458.328851,68458.328851,0.0
2025-03-09,0x8477e447846c758f5a675856001ea72298fd9cb5,Fear,Fear,35,969.56792,241.43400000000003,8450.19,33,0,33,0,35,0.0845014,1.0,0.0,69427.896771,69427.896771,0.0
2025-03-10,0x8477e447846c758f5a675856001ea72298fd9cb5,Fear,Extreme Fear,3,0.0,1666.1666666666667,4998.5,0,0,0,3,0,0.5831583333333333,,,69427.896771,69427.896771,0.0
2025-03-11,0x8477e447846c758f5a675856001ea72298fd9cb5,Fear,Extreme Fear,8,94.48255800000001,1261.5125,10092.1,6,1,7,8,0,0.441529,0.8571428571428571,,69522.379329,69522.379329,0.0
2025-03-12,0x8477e447846c758f5a675856001ea72298fd9cb5,Fear,Fear,3,0.0,666.82,2000.46,0,0,0,3,0,0.233387,,,69522.379329,69522.379329,0.0
2025-03-13,0x8477e447846c758f5a675856001ea72298fd9cb5,Neutral,Neutral,11,0.0,383.9627272727273,4223.59,0,0,0,11,0,0.13438581818181816,,,69522.379329,69522.379329,0.0
2025-03-14,0x8477e447846c758f5a675856001ea72298fd9cb5,Fear,Fear,5,364.03788,1317.608,6588.04,5,0,5,5,0,0.461162,1.0,,69886.41720899999,69886.41720899999,0.0
2025-03-18,0x8477e447846c758f5a675856001ea72298fd9cb5,Fear,Fear,24,185.307189,445.26666666666665,10686.4,12,0,12,0,24,0.15584283333333335,1.0,0.0,70071.72439799999,70071.72439799999,0.0
2025-03-19,0x8477e447846c758f5a675856001ea72298fd9cb5,Fear,Fear,9,0.0,598.3033333333333,5384.73,0,0,0,0,9,0.20940555555555554,,0.0,70071.72439799999,70071.72439799999,0.0
2025-03-20,0x8477e447846c758f5a675856001ea72298fd9cb5,Neutral,Neutral,11,65.297516,483.58363636363634,5319.42,7,4,11,0,11,0.16925381818181817,0.6363636363636364,0.0,70137.021914,70137.021914,0.0
2025-03-21,0x8477e447846c758f5a675856001ea72298fd9cb5,Fear,Fear,2,0.0,443.555,887.11,0,0,0,0,2,0.15524349999999998,,0.0,70137.021914,70137.021914,0.0
2025-03-22,0x8477e447846c758f5a675856001ea72298fd9cb5,Fear,Fear,4,-41.40918,287.38,1149.52,0,2,2,0,4,0.10058349999999999,0.0,0.0,70095.612734,70137.021914,-41.40918000000238
2025-03-23,0x8477e447846c758f5a675856001ea72298fd9cb5,Fear,Fear,37,178.247768,554.7635135135135,20526.25,11,0,11,0,37,0.1941666756756757,1.0,0.0,70273.860502,70273.860502,0.0
2025-03-24,0x8477e447846c758f5a675856001ea72298fd9cb5,Neutral,Neutral,78,0.0,559.9092307692307,43672.92,0,0,0,0,78,0.1959679230769231,,0.0,70273.860502,70273.860502,0.0
2025-03-25,0x8477e447846c758f5a675856001ea72298fd9cb5,Neutral,Neutral,36,994.196069,1272.072777777778,45794.62,25,1,26,0,36,0.4452250277777778,0.9615384615384616,0.0,71268.056571,71268.056571,0.0
2025-03-26,0x8477e447846c758f5a675856001ea72298fd9cb5,Neutral,Neutral,9,27.5033,744.4566666666666,6700.11,1,0,1,0,9,0.2605591111111111,1.0,0.0,71295.559871,71295.559871,0.0
2025-03-27,0x8477e447846c758f5a675856001ea72298fd9cb5,Fear,Fear,40,195.60777199999998,1138.75375,45550.15,14,0,14,0,40,0.33606389999999997,1.0,0.0,71491.167643,71491.167643,0.0
2025-03-28,0x8477e447846c758f5a675856001ea72298fd9cb5,Fear,Fear,37,1617.77036,1225.1743243243243,45331.45,25,0,25,0,37,0.42881048648648645,1.0,0.0,73108.938003,73108.938003,0.0
2025-03-29,0x8477e447846c758f5a675856001ea72298fd9cb5,Fear,Fear,10,7.57416,721.253,7212.530000000001,2,0,2,0,10,0.25243760000000004,1.0,0.0,73116.51216299999,73116.51216299999,0.0
2025-03-30,0x8477e447846c758f5a675856001ea72298fd9cb5,Fear,Fear,8,267.13403800000003,681.61,5452.88,6,0,6,0,8,0.23856275,1.0,0.0,73383.646201,73383.646201,0.0
2025-03-31,0x8477e447846c758f5a675856001ea72298fd9cb5,Fear,Fear,7,92.902727,510.28000000000003,3571.96,3,0,3,0,7,0.17859742857142855,1.0,0.0,73476.548928,73476.548928,0.0
2025-04-03,0x8477e447846c758f5a675856001ea72298fd9cb5,Fear,Fear,6,0.0,666.2016666666667,3997.21,0,0,0,6,0,0.2331695,,,73476.548928,73476.548928,0.0
2025-04-04,0x8477e447846c758f5a675856001ea72298fd9cb5,Fear,Fear,54,586.623362,483.5138888888889,26109.75,17,0,17,41,13,0.1530347037037037,1.0,3.1538461538461537,74063.17229,74063.17229,0.0
2025-04-05,0x8477e447846c758f5a675856001ea72298fd9cb5,Fear,Fear,4,0.0,624.745,2498.98,0,0,0,0,4,0.2186595,,0.0,74063.17229,74063.17229,0.0
2025-04-06,0x8477e447846c758f5a675856001ea72298fd9cb5,Fear,Fear,28,67.080809,443.69,12423.32,4,0,4,24,4,0.09284446428571429,1.0,6.0,74130.253099,74130.253099,0.0
2025-04-07,0x8477e447846c758f5a675856001ea72298fd9cb5,Fear,Extreme Fear,270,632.303024,1849.3804444444443,499332.72,73,30,103,228,42,0.49688426666666663,0.7087378640776699,5.428571428571429,74762.556123,74762.556123,0.0
2025-04-08,0x8477e447846c758f5a675856001ea72298fd9cb5,Fear,Extreme Fear,46,81.035707,828.6836956521738,38119.45,14,0,14,1,45,0.22815028260869566,1.0,0.022222222222222223,74843.59183,74843.59183,0.0
2025-04-09,0x8477e447846c758f5a675856001ea72298fd9cb5,Fear,Extreme Fear,136,500.847132,925.8802205882353,125919.70999999999,26,1,27,7,129,0.3203847720588235,0.9629629629629629,0.05426356589147287,75344.438962,75344.438962,0.0
2025-04-10,0x8477e447846c758f5a675856001ea72298fd9cb5,Fear,Fear,314,-103.71342200000002,874.4072929936306,274563.89,84,89,173,0,314,0.23775192675159237,0.48554913294797686,0.0,75240.72554,75344.438962,-103.71342200000072
2025-04-11,0x8477e447846c758f5a675856001ea72298fd9cb5,Fear,Fear,61,19.202581000000002,553.0408196721311,33735.49,12,0,12,0,61,0.1525802131147541,1.0,0.0,75259.928121,75344.438962,-84.51084099999571
2025-04-12,0x8477e447846c758f5a675856001ea72298fd9cb5,Fear,Fear,24,0.0,772.8058333333333,18547.34,0,0,0,0,24,0.27048158333333333,,0.0,75259.928121,75344.438962,-84.51084099999571
2025-04-13,0x8477e447846c758f5a675856001ea72298fd9cb5,Neutral,Neutral,287,1350.19094,820.2411846689896,235409.22,147,49,196,2,285,0.23281235191637628,0.75,0.007017543859649123,76610.119061,76610.119061,0.0
2025-04-14,0x8477e447846c758f5a675856001ea72298fd9cb5,Fear,Fear,23,236.725655,932.9834782608696,21458.62,12,0,12,0,23,0.320514,1.0,0.0,76846.84471599999,76846.84471599999,0.0
2025-04-15,0x8477e447846c758f5a675856001ea72298fd9cb5,Fear,Fear,38,191.802066,520.8728947368421,19793.17,14,1,15,0,38,0.18230523684210526,0.9333333333333333,0.0,77038.646782,77038.646782,0.0
2025-04-16,0x8477e447846c758f5a675856001ea72298fd9cb5,Fear,Fear,4,71.93199,356.5375,1426.15,4,0,4,0,4,0.12478675,1.0,0.0,77110.578772,77110.578772,0.0
2025-04-18,0x8477e447846c758f5a675856001ea72298fd9cb5,Fear,Fear,20,0.0,383.0805,7661.61,0,0,0,0,20,0.134078,,0.0,77110.578772,77110.578772,0.0
2025-04-19,0x8477e447846c758f5a675856001ea72298fd9cb5,Fear,Fear,19,0.0,326.8852631578947,6210.82,0,0,0,0,19,0.11440947368421052,,0.0,77110.578772,77110.578772,0.0
2025-04-20,0x8477e447846c758f5a675856001ea72298fd9cb5,Fear,Fear,44,43.224447,328.4611363636364,14452.29,5,0,5,0,44,0.11496102272727272,1.0,0.0,77153.803219,77153.803219,0.0
2025-04-21,0x8477e447846c758f5a675856001ea72298fd9cb5,Fear,Fear,108,596.556385,498.3961111111111,53826.78,32,0,32,0,108,0.16980858333333335,1.0,0.0,77750.359604,77750.359604,0.0
2025-04-22,0x8477e447846c758f5a675856001ea72298fd9cb5,Neutral,Neutral,988,-180.07315699999998,1169.5095344129554,1155475.42,161,151,312,0,988,0.34162435222672066,0.5160256410256411,0.0,77570.28644699999,77750.359604,-180.07315700000618
2025-04-23,0x8477e447846c758f5a675856001ea72298fd9cb5,Greed,Greed,1950,-27087.802198,636.126676923077,1240447.02,41,1482,1523,2,1948,0.1492354517948718,0.026920551543007223,0.001026694045174538,50482.484249,77750.359604,-27267.875354999996
2025-04-24,0x8477e447846c758f5a675856001ea72298fd9cb5,Greed,Greed,117,2397.669518,658.8346153846153,77083.65,60,15,75,0,117,0.21519022222222223,0.8,0.0,52880.153766999996,77750.359604,-24870.205837
2025-04-25,0x8477e447846c758f5a675856001ea72298fd9cb5,Greed,Greed,207,36.153454,1063.6844444444444,220182.68,2,0,2,0,207,0.37228914492753623,1.0,0.0,52916.307220999995,77750.359604,-24834.052383000002
2025-04-26,0x8477e447846c758f5a675856001ea72298fd9cb5,Greed,Greed,70,394.655169,1416.666857142857,99166.68,33,1,34,0,70,0.49583274285714285,0.9705882352941176,0.0,53310.96239,77750.359604,-24439.397213999997
2025-04-27,0x8477e447846c758f5a675856001ea72298fd9cb5,Greed,Greed,20,78.78402200000001,1364.094,27281.88,19,0,19,0,20,0.47743244999999995,1.0,0.0,53389.746412,77750.359604,-24360.613191999997
2025-04-28,0x8477e447846c758f5a675856001ea72298fd9cb5,Neutral,Neutral,80,-6424.928118,2193.325,175466.0,5,71,76,0,80,0.7676631875,0.06578947368421052,0.0,46964.818294,77750.359604,-30785.54131
2025-04-29,0x8477e447846c758f5a675856001ea72298fd9cb5,Greed,Greed,73,-1793.442795,396.20082191780824,28922.66,2,31,33,0,73,0.09189317808219179,0.06060606060606061,0.0,45171.375499,77750.359604,-32578.984104999996
2025-04-30,0x8477e447846c758f5a675856001ea72298fd9cb5,Greed,Greed,87,-1053.418063,985.3667816091954,85726.91,22,34,56,9,78,0.3002267931034483,0.39285714285714285,0.11538461538461539,44117.957436,77750.359604,-33632.402168
2025-05-01,0x8477e447846c758f5a675856001ea72298fd9cb5,Neutral,Neutral,19,-200.94846,309.6568421052632,5883.4800000000005,0,14,14,0,19,0.05726452631578947,0.0,0.0,43917.008976,77750.359604,-33833.350628
2024-12-13,0x92f17e8d81a944691c10e753af1b1baae1a2cd0d,Greed,Extreme Greed,162,0.0,2468.940987654321,399968.44,0,0,0,0,0,0.02593279925925926,,,0.0,0.0,0.0
2024-12-15,0x92f17e8d81a944691c10e753af1b1baae1a2cd0d,Greed,Extreme Greed,413,0.0,1890.1754237288135,780642.45,0,0,0,0,0,0.027921924334140435,,,0.0,0.0,0.0
2024-12-16,0x92f17e8d81a944691c10e753af1b1baae1a2cd0d,Greed,Extreme Greed,2,55.987393,55.980000000000004,111.96000000000001,1,0,1,0,0,0.010174245,1.0,,55.987393,55.987393,0.0
2024-12-17,0x92f17e8d81a944691c10e753af1b1baae1a2cd0d,Greed,Extreme Greed,1,0.0,0.0,0.0,0,0,0,0,0,0.0,,,55.987393,55.987393,0.0
2024-12-22,0x92f17e8d81a944691c10e753af1b1baae1a2cd0d,Greed,Greed,86,0.0,4111.969186046511,353629.35,0,0,0,0,80,0.8345376162790697,,0.0,55.987393,55.987393,0.0
2024-12-23,0x92f17e8d81a944691c10e753af1b1baae1a2cd0d,Greed,Greed,60,8639.369933,9857.592999999999,591455.58,54,0,54,0,54,1.1607416666666668,1.0,0.0,8695.357326,8695.357326,0.0
2025-01-19,0x92f17e8d81a944691c10e753af1b1baae1a2cd0d,Greed,Extreme Greed,484,0.0,2098.6197107438015,1015731.94,0,0,0,484,0,0.7345163285123967,,,8695.357326,8695.357326,0.0
2025-01-23,0x92f17e8d81a944691c10e753af1b1baae1a2cd0d,Greed,Extreme Greed,487,63464.28729,3015.5509856262834,1468573.33,432,0,432,332,155,1.0554423901437373,1.0,2.141935483870968,72159.644616,72159.644616,0.0
2025-01-29,0x92f17e8d81a944691c10e753af1b1baae1a2cd0d,Greed,Greed,636,21987.812579,2604.86213836478,1656692.32,272,14,286,0,636,0.9117012421383648,0.951048951048951,0.0,94147.457195,94147.457195,0.0
2025-02-02,0x92f17e8d81a944691c10e753af1b1baae1a2cd0d,Greed,Greed,169,12245.905048999999,2370.67449704142,400643.99,75,0,75,169,0,0.8297356449704142,1.0,,106393.362244,106393.362244,0.0
2025-02-07,0x92f17e8d81a944691c10e753af1b1baae1a2cd0d,Fear,Fear,2,0.0,46000.0,92000.0,0,0,0,0,0,0.2,,,106393.362244,106393.362244,0.0
2025-02-08,0x92f17e8d81a944691c10e753af1b1baae1a2cd0d,Fear,Fear,152,0.0,1771.9198684210526,269331.82,0,0,0,0,0,0.007894721907894737,,,106393.362244,106393.362244,0.0
2025-02-24,0x92f17e8d81a944691c10e753af1b1baae1a2cd0d,Neutral,Neutral,45,0.0,9481.510444444444,426667.97,0,0,0,0,0,0.044444422,,,106393.362244,106393.362244,0.0
2025-02-25,0x92f17e8d81a944691c10e753af1b1baae1a2cd0d,Fear,Fear,8,0.0,60250.0,482000.0,0,0,0,0,0,0.2999999775,,,106393.362244,106393.362244,0.0
2025-04-07,0x92f17e8d81a944691c10e753af1b1baae1a2cd0d,Fear,Extreme Fear,68,3425.96095,9608.110294117647,653351.5,33,0,33,28,40,3.36283825,1.0,0.7,109819.323194,109819.323194,0.0
2025-04-14,0x92f17e8d81a944691c10e753af1b1baae1a2cd0d,Fear,Fear,25,-621.54506,20063.1732,501579.33,0,7,7,25,0,7.02211008,0.0,,109197.778134,109819.323194,-621.545060000004
2025-04-16,0x92f17e8d81a944691c10e753af1b1baae1a2cd0d,Fear,Fear,4,0.0,42034.5,168138.0,0,0,0,4,0,14.7120745,,,109197.778134,109819.323194,-621.545060000004
2025-04-23,0x92f17e8d81a944691c10e753af1b1baae1a2cd0d,Greed,Greed,248,17381.164,6983.216774193548,1731837.76,4,0,4,248,0,2.444125560483871,1.0,,126578.942134,126578.942134,0.0
2024-12-13,0xa0feb3725a9335f49874d7cd8eaad6be45b27416,Greed,Extreme Greed,234,2270.1241019999998,939.9077777777777,219938.41999999998,164,0,164,234,0,0.08302832051282051,1.0,,2270.1241019999998,2270.1241019999998,0.0
2024-12-14,0xa0feb3725a9335f49874d7cd8eaad6be45b27416,Greed,Extreme Greed,683,10281.503571,1674.4618155197657,1143657.42,296,0,296,682,0,0.1071835168374817,1.0,,12551.627672999999,12551.627672999999,0.0
2024-12-15,0xa0feb3725a9335f49874d7cd8eaad6be45b27416,Greed,Extreme Greed,748,3932.676736,1345.2046122994652,1006213.05,187,49,236,748,0,0.08686995989304813,0.7923728813559322,,16484.304409,16484.304409,0.0
2024-12-16,0xa0feb3725a9335f49874d7cd8eaad6be45b27416,Greed,Extreme Greed,326,3923.071266,1710.5239570552149,557630.81,164,0,164,326,0,0.09434168711656442,1.0,,20407.375675,20407.375675,0.0
2024-12-17,0xa0feb3725a9335f49874d7cd8eaad6be45b27416,Greed,Extreme Greed,599,9080.193597,2051.6765609348913,1228954.26,260,0,260,599,0,0.11511152921535894,1.0,,29487.569272,29487.569272,0.0
2024-12-18,0xa0feb3725a9335f49874d7cd8eaad6be45b27416,Greed,Extreme Greed,314,2755.818564,1756.5612101910826,551560.22,154,0,154,314,0,0.09824161146496815,1.0,,32243.387835999998,32243.387835999998,0.0
2024-12-19,0xa0feb3725a9335f49874d7cd8eaad6be45b27416,Greed,Extreme Greed,439,5687.811638,1937.9936218678815,850779.2,189,0,189,439,0,0.14462204328018224,1.0,,37931.199474,37931.199474,0.0
2024-12-20,0xa0feb3725a9335f49874d7cd8eaad6be45b27416,Greed,Greed,243,5930.482942,1136.9883950617284,276288.18,163,0,163,243,0,0.11942831687242798,1.0,,43861.682415999996,43861.682415999996,0.0
2024-12-21,0xa0feb3725a9335f49874d7cd8eaad6be45b27416,Greed,Greed,331,2600.050242,1631.86501510574,540147.32,105,0,105,331,0,0.1745945679758308,1.0,,46461.732658,46461.732658,0.0
2024-12-22,0xa0feb3725a9335f49874d7cd8eaad6be45b27416,Greed,Greed,291,2718.982224,1754.1204123711339,510449.04,81,0,81,291,0,0.1478738178694158,1.0,,49180.714882,49180.714882,0.0
2024-12-23,0xa0feb3725a9335f49874d7cd8eaad6be45b27416,Greed,Greed,3,0.0,1403.5600000000002,4210.68,0,0,0,3,0,0.07017766666666667,,,49180.714882,49180.714882,0.0
2024-12-24,0xa0feb3725a9335f49874d7cd8eaad6be45b27416,Greed,Greed,1,0.0,2994.6,2994.6,0,0,0,1,0,0.898379,,,49180.714882,49180.714882,0.0
2025-01-15,0xa0feb3725a9335f49874d7cd8eaad6be45b27416,Greed,Greed,2,0.0,522.095,1044.19,0,0,0,2,0,0.052209500000000006,,,49180.714882,49180.714882,0.0
2025-01-18,0xa0feb3725a9335f49874d7cd8eaad6be45b27416,Greed,Extreme Greed,53,0.0,1244.2596226415094,65945.76,0,0,0,53,0,0.2647999622641509,,,49180.714882,49180.714882,0.0
2025-01-20,0xa0feb3725a9335f49874d7cd8eaad6be45b27416,Greed,Extreme Greed,1,0.0,2999.98,2999.98,0,0,0,1,0,0.299998,,,49180.714882,49180.714882,0.0
2025-01-22,0xa0feb3725a9335f49874d7cd8eaad6be45b27416,Greed,Extreme Greed,20,140.995116,332.675,6653.5,2,0,2,20,0,0.03365055,1.0,,49321.709998,49321.709998,0.0
2025-01-23,0xa0feb3725a9335f49874d7cd8eaad6be45b27416,Greed,Extreme Greed,6,0.0,569.92,3419.52,0,0,0,6,0,0.0569915,,,49321.709998,49321.709998,0.0
2025-01-24,0xa0feb3725a9335f49874d7cd8eaad6be45b27416,Greed,Extreme Greed,9,0.0,671.1622222222222,6040.46,0,0,0,9,0,0.17777766666666667,,,49321.709998,49321.709998,0.0
2025-01-27,0xa0feb3725a9335f49874d7cd8eaad6be45b27416,Greed,Greed,20,0.0,449.921,8998.42,0,0,0,20,0,0.04499155,,,49321.709998,49321.709998,0.0
2025-01-31,0xa0feb3725a9335f49874d7cd8eaad6be45b27416,Greed,Extreme Greed,65,9719.053192,2959.078615384615,192340.11,65,0,65,65,0,0.29590743076923076,1.0,,59040.76319,59040.76319,0.0
2025-02-01,0xa0feb3725a9335f49874d7cd8eaad6be45b27416,Greed,Greed,18,923.487443,1390.1038888888888,25021.87,18,0,18,18,0,0.14631672222222222,1.0,,59964.250632999996,59964.250632999996,0.0
2025-02-02,0xa0feb3725a9335f49874d7cd8eaad6be45b27416,Greed,Greed,29,0.0,1210.4648275862069,35103.479999999996,0,0,0,29,0,0.17490337931034483,,,59964.250632999996,59964.250632999996,0.0
2025-02-03,0xa0feb3725a9335f49874d7cd8eaad6be45b27416,Fear,Fear,15,2161.6751200000003,8577.862,128667.93,6,0,6,15,0,1.7575970666666667,1.0,,62125.925752999996,62125.925752999996,0.0
2025-02-04,0xa0feb3725a9335f49874d7cd8eaad6be45b27416,Greed,Greed,731,4624.583773,1221.8522845417237,893174.02,138,11,149,700,31,0.21512911764705883,0.9261744966442953,22.580645161290324,66750.509526,66750.509526,0.0
2025-02-05,0xa0feb3725a9335f49874d7cd8eaad6be45b27416,Neutral,Neutral,368,-6194.283149,4161.944646739131,1531595.6300000001,45,60,105,368,0,0.8268184239130435,0.42857142857142855,,60556.226377,66750.509526,-6194.283148999995
2025-02-06,0xa0feb3725a9335f49874d7cd8eaad6be45b27416,Neutral,Neutral,806,2780.135427,716.7850620347394,577728.76,274,1,275,806,0,0.13893246898263026,0.9963636363636363,,63336.361804,66750.509526,-3414.1477219999942
2025-02-07,0xa0feb3725a9335f49874d7cd8eaad6be45b27416,Fear,Fear,787,6119.377807,1749.6032401524778,1376937.75,202,0,202,780,8,0.3847426200762389,1.0,97.5,69455.739611,69455.739611,0.0
2025-02-08,0xa0feb3725a9335f49874d7cd8eaad6be45b27416,Fear,Fear,328,330.039883,764.5767682926829,250781.18,96,0,96,328,0,0.08401194817073171,1.0,,69785.779494,69785.779494,0.0
2025-02-09,0xa0feb3725a9335f49874d7cd8eaad6be45b27416,Neutral,Neutral,122,183.593223,747.8363934426229,91236.04,21,1,22,122,0,0.08080622131147541,0.9545454545454546,,69969.37271699999,69969.37271699999,0.0
2025-02-10,0xa0feb3725a9335f49874d7cd8eaad6be45b27416,Fear,Fear,304,1338.39845,868.6251644736842,264062.05,185,0,185,304,0,0.052984631578947367,1.0,,71307.771167,71307.771167,0.0
2025-02-11,0xa0feb3725a9335f49874d7cd8eaad6be45b27416,Neutral,Neutral,183,869.757103,1215.386612021858,222415.75,31,0,31,183,0,0.18338509836065572,1.0,,72177.52827,72177.52827,0.0
2025-02-12,0xa0feb3725a9335f49874d7cd8eaad6be45b27416,Neutral,Neutral,50,0.0,999.666,49983.3,0,0,0,50,0,0.04998278,,,72177.52827,72177.52827,0.0
2025-02-13,0xa0feb3725a9335f49874d7cd8eaad6be45b27416,Neutral,Neutral,399,1312.55815,2012.0397744360903,802803.87,160,0,160,399,0,0.33246930325814533,1.0,,73490.08641999999,73490.08641999999,0.0
2025-02-14,0xa0feb3725a9335f49874d7cd8eaad6be45b27416,Neutral,Neutral,306,414.743169,1372.3451960784314,419937.63,34,2,36,282,25,0.19642255555555554,0.9444444444444444,11.28,73904.829589,73904.829589,0.0
2025-02-15,0xa0feb3725a9335f49874d7cd8eaad6be45b27416,Neutral,Neutral,466,590.73516,787.2578326180258,366862.15,113,3,116,411,56,0.09677368240343348,0.9741379310344828,7.339285714285714,74495.564749,74495.564749,0.0
2025-02-16,0xa0feb3725a9335f49874d7cd8eaad6be45b27416,Neutral,Neutral,455,819.9958,501.30874725274725,228095.48,195,33,228,280,175,0.037275232967032966,0.8552631578947368,1.6,75315.560549,75315.560549,0.0
2025-02-17,0xa0feb3725a9335f49874d7cd8eaad6be45b27416,Neutral,Neutral,284,303.11202,598.8410211267606,170070.85,118,1,119,229,55,0.057569193661971836,0.9915966386554622,4.163636363636364,75618.672569,75618.672569,0.0
2025-02-18,0xa0feb3725a9335f49874d7cd8eaad6be45b27416,Neutral,Neutral,413,3494.964308,1209.069588377724,499345.74,149,0,149,354,60,0.09401680629539952,1.0,5.9,79113.636877,79113.636877,0.0
2025-02-19,0xa0feb3725a9335f49874d7cd8eaad6be45b27416,Fear,Fear,400,1280.6095579999999,1091.899,436759.6,134,0,134,400,0,0.1780865425,1.0,,80394.246435,80394.246435,0.0
2025-02-20,0xa0feb3725a9335f49874d7cd8eaad6be45b27416,Neutral,Neutral,968,2866.872677,817.1428202479339,790994.25,443,0,443,968,0,0.08990281095041322,1.0,,83261.119112,83261.119112,0.0
2025-02-21,0xa0feb3725a9335f49874d7cd8eaad6be45b27416,Greed,Greed,769,3417.71341,1031.4382574772433,793176.02,341,0,341,769,0,0.0953899089726918,1.0,,86678.832522,86678.832522,0.0
2025-02-22,0xa0feb3725a9335f49874d7cd8eaad6be45b27416,Neutral,Neutral,41,101.06290399999999,789.0624390243902,32351.559999999998,20,0,20,41,0,0.11323195121951218,1.0,,86779.895426,86779.895426,0.0
2025-02-23,0xa0feb3725a9335f49874d7cd8eaad6be45b27416,Neutral,Neutral,53,0.0,226.28509433962265,11993.11,0,0,0,53,0,0.011313641509433963,,,86779.895426,86779.895426,0.0
2025-02-24,0xa0feb3725a9335f49874d7cd8eaad6be45b27416,Neutral,Neutral,42,0.0,495.59309523809526,20814.91,0,0,0,42,0,0.06936357142857143,,,86779.895426,86779.895426,0.0
2025-02-25,0xa0feb3725a9335f49874d7cd8eaad6be45b27416,Fear,Fear,193,826.548369,626.2487046632124,120866.0,54,0,54,193,0,0.05377611917098445,1.0,,87606.443795,87606.443795,0.0
2025-02-26,0xa0feb3725a9335f49874d7cd8eaad6be45b27416,Fear,Extreme Fear,20,0.0,749.8255,14996.51,0,0,0,20,0,0.09995395,,,87606.443795,87606.443795,0.0
2025-02-27,0xa0feb3725a9335f49874d7cd8eaad6be45b27416,Fear,Extreme Fear,13,0.0,768.6484615384616,9992.43,0,0,0,13,0,0.230594,,,87606.443795,87606.443795,0.0
2025-02-28,0xa0feb3725a9335f49874d7cd8eaad6be45b27416,Fear,Extreme Fear,197,1011.258943,623.2444670050761,122779.16,61,1,62,177,20,0.09053631979695431,0.9838709677419355,8.85,88617.70273799999,88617.70273799999,0.0
2025-03-02,0xa0feb3725a9335f49874d7cd8eaad6be45b27416,Fear,Fear,32,625.512206,1691.2284375000002,54119.310000000005,16,0,16,32,0,0.08728525,1.0,,89243.21494399999,89243.21494399999,0.0
2025-03-03,0xa0feb3725a9335f49874d7cd8eaad6be45b27416,Fear,Fear,176,60.171373,234.52426136363636,41276.27,15,1,16,176,0,0.015399289772727271,0.9375,,89303.386317,89303.386317,0.0
2025-03-04,0xa0feb3725a9335f49874d7cd8eaad6be45b27416,Fear,Extreme Fear,40,0.0,369.27675,14771.07,0,0,0,40,0,0.018463425,,,89303.386317,89303.386317,0.0
2025-03-14,0xa0feb3725a9335f49874d7cd8eaad6be45b27416,Fear,Fear,8,0.0,874.97875,6999.83,0,0,0,8,0,0.087497375,,,89303.386317,89303.386317,0.0
2025-04-15,0xa0feb3725a9335f49874d7cd8eaad6be45b27416,Fear,Fear,21,73.34455,917.6357142857142,19270.35,9,0,9,0,21,0.18872085714285716,1.0,0.0,89376.73086699999,89376.73086699999,0.0
2025-04-16,0xa0feb3725a9335f49874d7cd8eaad6be45b27416,Fear,Fear,47,100.22198900000001,400.05872340425526,18802.76,17,2,19,0,47,0.06363689361702128,0.8947368421052632,0.0,89476.952856,89476.952856,0.0
2025-04-17,0xa0feb3725a9335f49874d7cd8eaad6be45b27416,Fear,Fear,13,18.57004,303.8438461538462,3949.9700000000003,6,0,6,0,13,0.04962146153846154,1.0,0.0,89495.522896,89495.522896,0.0
2025-04-23,0xa0feb3725a9335f49874d7cd8eaad6be45b27416,Greed,Greed,550,6653.134804,894.6094181818181,492035.18,215,0,215,87,0,0.07387587498181818,1.0,,96148.6577,96148.6577,0.0
2025-04-24,0xa0feb3725a9335f49874d7cd8eaad6be45b27416,Greed,Greed,334,1279.688605,1325.6926047904192,442781.33,65,0,65,0,0,0.11152496699191616,1.0,,97428.346305,97428.346305,0.0
2025-04-25,0xa0feb3725a9335f49874d7cd8eaad6be45b27416,Greed,Greed,138,4058.112969,1475.0315217391305,203554.35,43,0,43,9,0,0.12219009426231885,1.0,,101486.459274,101486.459274,0.0
2025-04-26,0xa0feb3725a9335f49874d7cd8eaad6be45b27416,Greed,Greed,50,0.0,425.9992,21299.96,0,0,0,4,0,0.0133841914,,,101486.459274,101486.459274,0.0
2025-04-27,0xa0feb3725a9335f49874d7cd8eaad6be45b27416,Greed,Greed,46,147.309165,858.3880434782608,39485.85,4,0,4,0,0,0.10588872100434783,1.0,,101633.76843899999,101633.76843899999,0.0
2025-04-28,0xa0feb3725a9335f49874d7cd8eaad6be45b27416,Neutral,Neutral,155,474.245409,1106.0305161290323,171434.73,21,0,21,0,0,0.06648145464580645,1.0,,102108.013848,102108.013848,0.0
2025-04-29,0xa0feb3725a9335f49874d7cd8eaad6be45b27416,Greed,Greed,214,1189.49741,1261.7606542056074,270016.77999999997,93,0,93,0,0,0.08884192594906543,1.0,,103297.511258,103297.511258,0.0
2025-04-30,0xa0feb3725a9335f49874d7cd8eaad6be45b27416,Greed,Greed,345,1555.834562,793.9205507246378,273902.59,123,0,123,0,0,0.03835616016086957,1.0,,104853.34582,104853.34582,0.0
2025-05-01,0xa0feb3725a9335f49874d7cd8eaad6be45b27416,Neutral,Neutral,288,1449.529436,1130.8870833333333,325695.48,101,0,101,0,0,0.09671945578402778,1.0,,106302.875256,106302.875256,0.0
2024-08-03,0xa520ded057a32086c40e7dd6ed4eb8efb82c00e0,Fear,Fear,16,0.0,9281.686875,148506.99,0,0,0,16,0,3.2485905625,,,0.0,0.0,0.0
2024-08-04,0xa520ded057a32086c40e7dd6ed4eb8efb82c00e0,Fear,Fear,10,-14176.51042,13492.987,134929.87,0,2,2,2,0,4.848279700000001,0.0,,-14176.51042,0.0,-14176.51042
2024-08-05,0xa520ded057a32086c40e7dd6ed4eb8efb82c00e0,Fear,Fear,2,0.0,10053.805,20107.61,0,0,0,0,0,18.303340000000002,,,-14176.51042,0.0,-14176.51042
2024-08-07,0xa520ded057a32086c40e7dd6ed4eb8efb82c00e0,Fear,Fear,1,0.0,500.0,500.0,0,0,0,0,0,0.2136618,,,-14176.51042,0.0,-14176.51042
2024-08-08,0xa520ded057a32086c40e7dd6ed4eb8efb82c00e0,Fear,Extreme Fear,4,-40.712216999999995,114.82,459.28,0,3,3,0,0,0.04018625,0.0,,-14217.222637,0.0,-14217.222637
2024-08-09,0xa520ded057a32086c40e7dd6ed4eb8efb82c00e0,Neutral,Neutral,2,0.0,250.0,500.0,0,0,0,0,0,0.040697235,,,-14217.222637,0.0,-14217.222637
2024-08-17,0xa520ded057a32086c40e7dd6ed4eb8efb82c00e0,Fear,Fear,1,-288.283113,211.7,211.7,0,1,1,0,0,0.021169,0.0,,-14505.50575,0.0,-14505.50575
2024-08-18,0xa520ded057a32086c40e7dd6ed4eb8efb82c00e0,Fear,Fear,1,0.0,0.01,0.01,0,0,0,0,0,0.0,,,-14505.50575,0.0,-14505.50575
2024-08-21,0xa520ded057a32086c40e7dd6ed4eb8efb82c00e0,Fear,Fear,2,0.0,1000.14,2000.28,0,0,0,2,0,0.3500495,,,-14505.50575,0.0,-14505.50575
2024-09-08,0xa520ded057a32086c40e7dd6ed4eb8efb82c00e0,Fear,Fear,1,0.0,0.11,0.11,0,0,0,0,0,0.0,,,-14505.50575,0.0,-14505.50575
2024-09-10,0xa520ded057a32086c40e7dd6ed4eb8efb82c00e0,Fear,Fear,2,-219.729659,890.27,1780.54,0,2,2,2,0,0.311595,0.0,,-14725.235409,0.0,-14725.235409
2024-10-17,0xa520ded057a32086c40e7dd6ed4eb8efb82c00e0,Greed,Greed,1,0.0,499.72,499.72,0,0,0,1,0,0.174901,,,-14725.235409,0.0,-14725.235409
2024-10-28,0xa520ded057a32086c40e7dd6ed4eb8efb82c00e0,Greed,Greed,4,167.28016200000002,375.23249999999996,1500.9299999999998,4,0,4,1,0,0.06883375,1.0,,-14557.955247,0.0,-14557.955247
2024-11-07,0xa520ded057a32086c40e7dd6ed4eb8efb82c00e0,Greed,Extreme Greed,95,3360.9281,208.8205263157895,19837.95,48,0,48,0,0,0.01970003557894737,1.0,,-11197.027147,0.0,-11197.027147
2024-11-13,0xa520ded057a32086c40e7dd6ed4eb8efb82c00e0,Greed,Extreme Greed,1,0.0,200.04,200.04,0,0,0,1,0,0.070012,,,-11197.027147,0.0,-11197.027147
2024-11-18,0xa520ded057a32086c40e7dd6ed4eb8efb82c00e0,Greed,Extreme Greed,9,693.220788,186.3422222222222,1677.08,9,0,9,0,0,0.06363788888888888,1.0,,-10503.806359,0.0,-10503.806359
2024-11-21,0xa520ded057a32086c40e7dd6ed4eb8efb82c00e0,Greed,Extreme Greed,1,2.83504,202.87,202.87,1,0,1,1,0,0.071004,1.0,,-10500.971319,0.0,-10500.971319
2024-11-29,0xa520ded057a32086c40e7dd6ed4eb8efb82c00e0,Greed,Extreme Greed,21,0.0,5762.356666666667,121009.49,0,0,0,0,0,0.20130491523809524,,,-10500.971319,0.0,-10500.971319
2024-12-01,0xa520ded057a32086c40e7dd6ed4eb8efb82c00e0,Greed,Extreme Greed,61,34709.852428,856.4519672131147,52243.57,49,0,49,0,0,0.15345554639344264,1.0,,24208.881108999998,24208.881108999998,0.0
2024-12-03,0xa520ded057a32086c40e7dd6ed4eb8efb82c00e0,Greed,Extreme Greed,34,0.0,2941.1758823529412,99999.98,0,0,0,0,0,0.06514849058823528,,,24208.881108999998,24208.881108999998,0.0
2024-12-10,0xa520ded057a32086c40e7dd6ed4eb8efb82c00e0,Greed,Extreme Greed,8,0.0,13718.098750000001,109744.79000000001,0,0,0,0,0,0.2983122075,,,24208.881108999998,24208.881108999998,0.0
2024-12-11,0xa520ded057a32086c40e7dd6ed4eb8efb82c00e0,Greed,Greed,15,994.238977,165.00133333333332,2475.02,15,0,15,0,0,0.04133493333333334,1.0,,25203.120086,25203.120086,0.0
2024-12-12,0xa520ded057a32086c40e7dd6ed4eb8efb82c00e0,Greed,Extreme Greed,4,2512.437585,1374.4125000000001,5497.650000000001,4,0,4,0,0,0.46855399999999997,1.0,,27715.557671,27715.557671,0.0
2024-12-16,0xa520ded057a32086c40e7dd6ed4eb8efb82c00e0,Greed,Extreme Greed,13,2069.35811,192.29384615384618,2499.82,13,0,13,0,0,0.02569346153846154,1.0,,29784.915781,29784.915781,0.0
2024-12-17,0xa520ded057a32086c40e7dd6ed4eb8efb82c00e0,Greed,Extreme Greed,1,256.200336,299.74,299.74,1,0,1,0,0,0.029973,1.0,,30041.116116999998,30041.116116999998,0.0
2024-12-20,0xa520ded057a32086c40e7dd6ed4eb8efb82c00e0,Greed,Greed,12,23353.625678,4763.3358333333335,57160.03,11,0,11,0,0,0.3745176641666667,1.0,,53394.741794999994,53394.741794999994,0.0
2025-01-04,0xa520ded057a32086c40e7dd6ed4eb8efb82c00e0,Greed,Greed,5,556.803152,213.09399999999997,1065.4699999999998,5,0,5,0,0,0.07125820000000001,1.0,,53951.544946999995,53951.544946999995,0.0
2025-01-14,0xa520ded057a32086c40e7dd6ed4eb8efb82c00e0,Greed,Greed,12,7013.428624,829.285,9951.42,12,0,12,0,0,0.2902493333333333,1.0,,60964.973570999995,60964.973570999995,0.0
2025-01-21,0xa520ded057a32086c40e7dd6ed4eb8efb82c00e0,Greed,Extreme Greed,8,2806.434723,597.6225000000001,4780.9800000000005,8,0,8,0,0,0.208804125,1.0,,63771.408294,63771.408294,0.0
2025-01-27,0xa520ded057a32086c40e7dd6ed4eb8efb82c00e0,Greed,Greed,56,12084.434144,989.8810714285713,55433.34,56,0,56,0,0,0.2656636607142857,1.0,,75855.84243799999,75855.84243799999,0.0
2025-01-28,0xa520ded057a32086c40e7dd6ed4eb8efb82c00e0,Greed,Greed,3,0.0,0.07666666666666667,0.23,0,0,0,0,0,0.0,,,75855.84243799999,75855.84243799999,0.0
2025-02-03,0xa520ded057a32086c40e7dd6ed4eb8efb82c00e0,Fear,Fear,1,20.596691,999.91,999.91,1,0,1,0,0,0.349967,1.0,,75876.439129,75876.439129,0.0
2025-02-10,0xa520ded057a32086c40e7dd6ed4eb8efb82c00e0,Fear,Fear,2,30.785143,249.82,499.64,2,0,2,0,0,0.087436,1.0,,75907.224272,75907.224272,0.0
2025-03-08,0xa520ded057a32086c40e7dd6ed4eb8efb82c00e0,Fear,Fear,2,-1121.6509429999999,1250.705,2501.41,0,2,2,0,0,0.43774500000000005,0.0,,74785.573329,75907.224272,-1121.6509430000006
2025-04-08,0xa520ded057a32086c40e7dd6ed4eb8efb82c00e0,Fear,Extreme Fear,1,-920.33629,1000.85,1000.85,0,1,1,0,0,0.350298,0.0,,73865.237039,75907.224272,-2041.987233000007
2025-04-10,0xa520ded057a32086c40e7dd6ed4eb8efb82c00e0,Fear,Fear,3,-965.1214130000001,534.0066666666667,1602.02,0,3,3,0,0,0.10349000000000001,0.0,,72900.115626,75907.224272,-3007.108646000008
2025-04-13,0xa520ded057a32086c40e7dd6ed4eb8efb82c00e0,Neutral,Neutral,2,-53.631353999999995,64.53,129.06,0,2,2,0,0,0.0225835,0.0,,72846.484272,75907.224272,-3060.7400000000052
2024-12-02,0xae5eacaf9c6b9111fd53034a602c192a04e082ed,Greed,Extreme Greed,44,0.0,1779.0295454545455,78277.3,0,0,0,0,0,0.07957721840909092,,,0.0,0.0,0.0
2024-12-03,0xae5eacaf9c6b9111fd53034a602c192a04e082ed,Greed,Extreme Greed,145,20925.513222,3898.738206896552,565317.04,105,0,105,87,0,1.3645578413793102,1.0,,20925.513222,20925.513222,0.0
2024-12-04,0xae5eacaf9c6b9111fd53034a602c192a04e082ed,Greed,Extreme Greed,1,0.0,0.1,0.1,0,0,0,0,0,0.0,,,20925.513222,20925.513222,0.0
2025-03-04,0xae5eacaf9c6b9111fd53034a602c192a04e082ed,Fear,Extreme Fear,21,0.0,7268.525238095238,152639.03,0,0,0,21,0,2.442223476190476,,,20925.513222,20925.513222,0.0
2025-03-05,0xae5eacaf9c6b9111fd53034a602c192a04e082ed,Fear,Extreme Fear,9,0.0,3500.644444444444,31505.8,0,0,0,9,0,1.1762153333333332,,,20925.513222,20925.513222,0.0
2025-03-11,0xae5eacaf9c6b9111fd53034a602c192a04e082ed,Fear,Extreme Fear,4,0.0,6911.925,27647.7,0,0,0,4,0,2.32240675,,,20925.513222,20925.513222,0.0
2025-03-18,0xae5eacaf9c6b9111fd53034a602c192a04e082ed,Fear,Fear,38,0.0,2461.443421052632,93534.85,0,0,0,38,0,0.827044,,,20925.513222,20925.513222,0.0
2025-04-08,0xae5eacaf9c6b9111fd53034a602c192a04e082ed,Fear,Extreme Fear,33,0.0,2865.9021212121215,94574.77,0,0,0,33,0,0.9629421515151516,,,20925.513222,20925.513222,0.0
2025-04-09,0xae5eacaf9c6b9111fd53034a602c192a04e082ed,Fear,Extreme Fear,13,622.41079,792.1807692307691,10298.349999999999,6,0,6,13,0,0.266172,1.0,,21547.924012000003,21547.924012000003,0.0
2025-04-10,0xae5eacaf9c6b9111fd53034a602c192a04e082ed,Fear,Fear,19,5615.909695,2486.837368421053,47249.91,19,0,19,19,0,0.8355764736842106,1.0,,27163.833707,27163.833707,0.0
2025-04-12,0xae5eacaf9c6b9111fd53034a602c192a04e082ed,Fear,Fear,45,2513.430964,2262.842,101827.89,24,0,24,45,0,0.7603141333333334,1.0,,29677.264671,29677.264671,0.0
2025-04-21,0xae5eacaf9c6b9111fd53034a602c192a04e082ed,Fear,Fear,21,0.0,2434.7928571428574,51130.65,0,0,0,21,0,0.8180896666666667,,,29677.264671,29677.264671,0.0
2025-04-23,0xae5eacaf9c6b9111fd53034a602c192a04e082ed,Greed,Greed,28,28100.700490000003,2829.6749999999997,79230.9,28,0,28,28,0,0.9507698928571429,1.0,,57777.965161,57777.965161,0.0
2025-04-24,0xae5eacaf9c6b9111fd53034a602c192a04e082ed,Greed,Greed,87,2587.44383,2334.9580459770114,203141.35,17,0,17,87,0,0.7845449655172413,1.0,,60365.408991000004,60365.408991000004,0.0
2025-04-25,0xae5eacaf9c6b9111fd53034a602c192a04e082ed,Greed,Greed,55,7480.21054,2564.5469090909096,141050.08000000002,31,0,31,55,0,0.8616869454545455,1.0,,67845.619531,67845.619531,0.0
2024-12-09,0xaf40fdc468c30116bd3307bcbf4a451a7ebf1deb,Greed,Extreme Greed,4,0.0,1968.8700000000001,7875.4800000000005,0,0,0,4,0,0.19688625,,,0.0,0.0,0.0
2024-12-11,0xaf40fdc468c30116bd3307bcbf4a451a7ebf1deb,Greed,Greed,1,39.7705,7158.62,7158.62,1,0,1,1,0,2.505516,1.0,,39.7705,39.7705,0.0
2024-12-12,0xaf40fdc468c30116bd3307bcbf4a451a7ebf1deb,Greed,Extreme Greed,1,15.24474,771.87,771.87,1,0,1,1,0,0.270154,1.0,,55.01524,55.01524,0.0
2024-12-23,0xaf40fdc468c30116bd3307bcbf4a451a7ebf1deb,Greed,Greed,3,0.0,320.1333333333333,960.4,0,0,0,3,0,0.03201266666666667,,,55.01524,55.01524,0.0
2024-12-24,0xaf40fdc468c30116bd3307bcbf4a451a7ebf1deb,Greed,Greed,1,3.43,963.83,963.83,1,0,1,1,0,0.33734,1.0,,58.44524,58.44524,0.0
2025-03-16,0xaf40fdc468c30116bd3307bcbf4a451a7ebf1deb,Fear,Fear,125,-1017.424213,5323.34248,665417.81,18,25,43,98,0,0.5315340574399999,0.4186046511627907,,-958.978973,58.44524,-1017.424213
2025-03-17,0xaf40fdc468c30116bd3307bcbf4a451a7ebf1deb,Fear,Fear,35,-1646.3529,9477.486,331712.01,0,33,33,2,0,0.9477480285714287,0.0,,-2605.331873,58.44524,-2663.777113
2025-03-18,0xaf40fdc468c30116bd3307bcbf4a451a7ebf1deb,Fear,Fear,21,0.0,3925.5247619047623,82436.02,0,0,0,21,0,0.3925518571428571,,,-2605.331873,58.44524,-2663.777113
2025-03-19,0xaf40fdc468c30116bd3307bcbf4a451a7ebf1deb,Fear,Fear,162,5304.480047,4703.033148148148,761891.37,112,0,112,111,0,0.2618136916012346,1.0,,2699.148174,2699.148174,0.0
2025-03-20,0xaf40fdc468c30116bd3307bcbf4a451a7ebf1deb,Neutral,Neutral,1,0.0,84870.0,84870.0,0,0,0,1,0,8.487,,,2699.148174,2699.148174,0.0
2025-03-24,0xaf40fdc468c30116bd3307bcbf4a451a7ebf1deb,Neutral,Neutral,23,5070.619785,15004.912173913042,345112.98,17,0,17,22,0,2.428458434782609,1.0,,7769.767959,7769.767959,0.0
2025-03-25,0xaf40fdc468c30116bd3307bcbf4a451a7ebf1deb,Neutral,Neutral,1,0.0,87100.0,87100.0,0,0,0,1,0,8.71,,,7769.767959,7769.767959,0.0
2025-03-26,0xaf40fdc468c30116bd3307bcbf4a451a7ebf1deb,Neutral,Neutral,27,2087.063794,16199.963333333333,437399.01,3,0,3,27,0,2.4360792222222223,1.0,,9856.831753,9856.831753,0.0
2025-03-27,0xaf40fdc468c30116bd3307bcbf4a451a7ebf1deb,Fear,Fear,21,894.0,16543.90380952381,347421.98,6,0,6,21,0,3.728270952380952,1.0,,10750.831753,10750.831753,0.0
2025-03-28,0xaf40fdc468c30116bd3307bcbf4a451a7ebf1deb,Fear,Fear,54,1342.0,6430.7037037037035,347258.0,4,0,4,54,0,1.4512090925925927,1.0,,12092.831753,12092.831753,0.0
2025-04-03,0xaf40fdc468c30116bd3307bcbf4a451a7ebf1deb,Fear,Fear,8,2020.0,42527.5,340220.0,1,0,1,8,0,4.252749875,1.0,,14112.831753,14112.831753,0.0
2025-04-05,0xaf40fdc468c30116bd3307bcbf4a451a7ebf1deb,Fear,Fear,8,2400.0,41637.49875,333099.99,1,0,1,8,0,4.16374975,1.0,,16512.831753,16512.831753,0.0
2025-04-07,0xaf40fdc468c30116bd3307bcbf4a451a7ebf1deb,Fear,Extreme Fear,17,0.0,2238.4694117647055,38053.979999999996,0,0,0,17,0,0.22384682352941176,,,16512.831753,16512.831753,0.0
2025-04-11,0xaf40fdc468c30116bd3307bcbf4a451a7ebf1deb,Fear,Fear,7,5246.0,29785.714285714286,208500.0,7,0,7,7,0,2.9785712857142856,1.0,,21758.831753,21758.831753,0.0
2025-04-12,0xaf40fdc468c30116bd3307bcbf4a451a7ebf1deb,Fear,Fear,14,0.0,1435.7078571428572,20099.91,0,0,0,0,0,0.00047251621428571425,,,21758.831753,21758.831753,0.0
2023-12-05,0xb1231a4a2dd02f2276fa3c5e2a2f3436e6bfed23,Greed,Extreme Greed,9,0.0,5556.203333333334,50005.83,0,0,0,7,2,1.3890505555555555,,3.5,0.0,0.0,0.0
2023-12-14,0xb1231a4a2dd02f2276fa3c5e2a2f3436e6bfed23,Greed,Greed,11,-205.43473700000007,10291.213636363636,113203.35,4,2,6,7,4,2.5728028181818186,0.6666666666666666,1.75,-205.43473700000007,0.0,-205.43473700000007
2023-12-15,0xb1231a4a2dd02f2276fa3c5e2a2f3436e6bfed23,Greed,Greed,2,-24.632033999999997,5304.975,10609.95,0,2,2,0,2,1.3262445,0.0,0.0,-230.06677100000007,0.0,-230.06677100000007
2023-12-16,0xb1231a4a2dd02f2276fa3c5e2a2f3436e6bfed23,Greed,Greed,3,0.0,5116.256666666667,15348.77,0,0,0,3,0,1.279063,,,-230.06677100000007,0.0,-230.06677100000007
2023-12-17,0xb1231a4a2dd02f2276fa3c5e2a2f3436e6bfed23,Greed,Greed,14,304.982785,8305.572857142857,116278.02,7,4,11,14,0,2.076392785714286,0.6363636363636364,,74.9160139999999,74.9160139999999,0.0
2023-12-18,0xb1231a4a2dd02f2276fa3c5e2a2f3436e6bfed23,Greed,Greed,2,0.0,15582.089999999998,31164.179999999997,0,0,0,2,0,3.8955225,,,74.9160139999999,74.9160139999999,0.0
2023-12-19,0xb1231a4a2dd02f2276fa3c5e2a2f3436e6bfed23,Greed,Greed,15,1000.5386120000001,6106.827333333334,91602.41,10,0,10,15,0,1.5267064,1.0,,1075.454626,1075.454626,0.0
2023-12-20,0xb1231a4a2dd02f2276fa3c5e2a2f3436e6bfed23,Greed,Greed,18,162.732282,7868.710555555556,141636.79,8,0,8,18,0,1.9671770555555557,1.0,,1238.186908,1238.186908,0.0
2023-12-21,0xb1231a4a2dd02f2276fa3c5e2a2f3436e6bfed23,Greed,Greed,49,537.211402,2555.795306122449,125233.97,26,1,27,49,0,0.6389483469387754,0.9629629629629629,,1775.39831,1775.39831,0.0
2023-12-22,0xb1231a4a2dd02f2276fa3c5e2a2f3436e6bfed23,Greed,Greed,10,141.832675,8887.428,88874.28,2,0,2,10,0,2.2218566,1.0,,1917.2309850000001,1917.2309850000001,0.0
2023-12-23,0xb1231a4a2dd02f2276fa3c5e2a2f3436e6bfed23,Greed,Greed,13,146.936704,6033.711538461538,78438.25,8,0,8,13,0,1.5084273076923078,1.0,,2064.167689,2064.167689,0.0
2023-12-24,0xb1231a4a2dd02f2276fa3c5e2a2f3436e6bfed23,Greed,Greed,39,1008.619956,10332.177948717948,402954.94,15,2,17,32,7,2.5830439743589744,0.8823529411764706,4.571428571428571,3072.787645,3072.787645,0.0
2023-12-25,0xb1231a4a2dd02f2276fa3c5e2a2f3436e6bfed23,Greed,Greed,3,-245.081348,19982.836666666666,59948.51,0,1,1,3,0,4.995708333333333,0.0,,2827.706297,3072.787645,-245.0813479999997
2023-12-27,0xb1231a4a2dd02f2276fa3c5e2a2f3436e6bfed23,Greed,Greed,28,-704.8892269999999,6121.823571428571,171411.06,4,9,13,28,0,1.53045525,0.3076923076923077,,2122.81707,3072.787645,-949.9705749999998
2023-12-28,0xb1231a4a2dd02f2276fa3c5e2a2f3436e6bfed23,Greed,Greed,23,-970.730876,4352.923913043478,100117.25,0,13,13,23,0,1.0882304347826086,0.0,,1152.086194,3072.787645,-1920.701451
2023-12-29,0xb1231a4a2dd02f2276fa3c5e2a2f3436e6bfed23,Greed,Greed,50,508.92214299999995,11391.1944,569559.72,15,5,20,37,13,2.8477980200000004,0.75,2.8461538461538463,1661.008337,3072.787645,-1411.779308
2023-12-30,0xb1231a4a2dd02f2276fa3c5e2a2f3436e6bfed23,Greed,Greed,52,354.998648,13510.58096153846,702550.21,23,10,33,35,17,3.377644730769231,0.696969696969697,2.0588235294117645,2016.006985,3072.787645,-1056.78066
2024-01-01,0xb1231a4a2dd02f2276fa3c5e2a2f3436e6bfed23,Greed,Greed,18,-129.53146,14679.973888888888,264239.52999999997,1,5,6,14,4,3.6699926111111107,0.16666666666666666,3.5,1886.475525,3072.787645,-1186.3121199999998
2024-01-02,0xb1231a4a2dd02f2276fa3c5e2a2f3436e6bfed23,Greed,Greed,17,783.979116,7138.1611764705885,121348.74,8,1,9,0,17,1.7845397647058823,0.8888888888888888,0.0,2670.4546410000003,3072.787645,-402.3330039999996
2024-01-03,0xb1231a4a2dd02f2276fa3c5e2a2f3436e6bfed23,Greed,Greed,67,866.015507,5888.050149253731,394499.36,28,7,35,67,0,1.4720121044776118,0.8,,3536.470148,3536.470148,0.0
2024-01-04,0xb1231a4a2dd02f2276fa3c5e2a2f3436e6bfed23,Greed,Greed,5,-67.60364,19958.508,99792.54000000001,0,3,3,5,0,4.989626400000001,0.0,,3468.866508,3536.470148,-67.60363999999981
2024-01-05,0xb1231a4a2dd02f2276fa3c5e2a2f3436e6bfed23,Greed,Greed,66,164.141565,25817.31303030303,1703942.66,13,10,23,42,24,6.4543278636363635,0.5652173913043478,1.75,3633.008073,3633.008073,0.0
2024-01-06,0xb1231a4a2dd02f2276fa3c5e2a2f3436e6bfed23,Greed,Greed,22,135.58166400000002,13569.154545454547,298521.4,10,2,12,19,3,3.3922882727272725,0.8333333333333334,6.333333333333333,3768.5897370000002,3768.5897370000002,0.0
2024-01-07,0xb1231a4a2dd02f2276fa3c5e2a2f3436e6bfed23,Greed,Greed,97,-835.681235,10812.887216494846,1048850.06,9,28,37,79,18,2.7032212783505156,0.24324324324324326,4.388888888888889,2932.908502,3768.5897370000002,-835.681235
2024-01-08,0xb1231a4a2dd02f2276fa3c5e2a2f3436e6bfed23,Greed,Greed,128,-269.874439,11894.159609375,1522452.43,32,35,67,81,47,2.9735395625,0.47761194029850745,1.7234042553191489,2663.034063,3768.5897370000002,-1105.5556740000002
2024-01-09,0xb1231a4a2dd02f2276fa3c5e2a2f3436e6bfed23,Greed,Extreme Greed,70,-826.349863,12429.313857142857,870051.97,18,10,28,50,20,2.9144704,0.6428571428571429,2.5,1836.6842,3768.5897370000002,-1931.9055370000003
2024-01-10,0xb1231a4a2dd02f2276fa3c5e2a2f3436e6bfed23,Greed,Greed,193,-1517.091342,10660.515440414507,2057479.48,41,42,83,103,90,2.2489371243523317,0.4939759036144578,1.1444444444444444,319.592858,3768.5897370000002,-3448.9968790000003
2024-01-11,0xb1231a4a2dd02f2276fa3c5e2a2f3436e6bfed23,Greed,Extreme Greed,19,-164.08950099999998,13641.064736842105,259180.22999999998,5,4,9,10,9,3.4102655263157895,0.5555555555555556,1.1111111111111112,155.503357,3768.5897370000002,-3613.08638
2024-01-12,0xb1231a4a2dd02f2276fa3c5e2a2f3436e6bfed23,Greed,Greed,7,-1925.519024,28583.181428571428,200082.27,0,2,2,7,0,7.068675285714285,0.0,,-1770.015667,3768.5897370000002,-5538.605404
2024-01-15,0xb1231a4a2dd02f2276fa3c5e2a2f3436e6bfed23,Neutral,Neutral,5,0.0,10001.248,50006.24,0,0,0,5,0,2.500311,,,-1770.015667,3768.5897370000002,-5538.605404
2024-01-16,0xb1231a4a2dd02f2276fa3c5e2a2f3436e6bfed23,Greed,Greed,3,939.6285419999999,17648.416666666668,52945.25,3,0,3,3,0,4.412104,1.0,,-830.387125,3768.5897370000002,-4598.976862
2024-01-17,0xb1231a4a2dd02f2276fa3c5e2a2f3436e6bfed23,Greed,Greed,53,813.2741110000001,15110.019433962265,800831.03,11,8,19,28,25,3.0133510566037733,0.5789473684210527,1.12,-17.113013999999907,3768.5897370000002,-3785.7027510000003
2024-01-18,0xb1231a4a2dd02f2276fa3c5e2a2f3436e6bfed23,Greed,Greed,46,68.93319,9231.120217391304,424631.52999999997,3,6,9,21,25,2.014302195652174,0.3333333333333333,0.84,51.82017600000009,3768.5897370000002,-3716.769561
2024-01-19,0xb1231a4a2dd02f2276fa3c5e2a2f3436e6bfed23,Neutral,Neutral,39,-385.215235,10946.209230769231,426902.16,5,18,23,26,13,2.376549769230769,0.21739130434782608,2.0,-333.39505899999995,3768.5897370000002,-4101.984796000001
2024-01-20,0xb1231a4a2dd02f2276fa3c5e2a2f3436e6bfed23,Neutral,Neutral,106,-146.57487000000003,10095.193490566038,1070090.51,15,17,32,62,44,2.5237979528301886,0.46875,1.4090909090909092,-479.969929,3768.5897370000002,-4248.559666
2024-01-21,0xb1231a4a2dd02f2276fa3c5e2a2f3436e6bfed23,Greed,Greed,11,266.58114600000005,9375.43090909091,103129.74,3,2,5,4,7,2.343857272727273,0.6,0.5714285714285714,-213.38878299999993,3768.5897370000002,-3981.97852
2024-01-22,0xb1231a4a2dd02f2276fa3c5e2a2f3436e6bfed23,Greed,Greed,37,209.39217099999996,7671.794864864864,283856.41,9,6,15,22,15,1.7123923783783785,0.6,1.4666666666666666,-3.9966119999999705,3768.5897370000002,-3772.586349
2024-01-23,0xb1231a4a2dd02f2276fa3c5e2a2f3436e6bfed23,Neutral,Neutral,45,-369.2447299999998,9211.531777777778,414518.93000000005,11,9,20,27,18,1.9049904444444445,0.55,1.5,-373.24134199999975,3768.5897370000002,-4141.831079
2024-01-24,0xb1231a4a2dd02f2276fa3c5e2a2f3436e6bfed23,Neutral,Neutral,68,-2808.353815,14192.42044117647,965084.59,10,30,40,41,27,3.3495749264705883,0.25,1.5185185185185186,-3181.5951569999997,3768.5897370000002,-6950.184894
2024-01-25,0xb1231a4a2dd02f2276fa3c5e2a2f3436e6bfed23,Neutral,Neutral,6,-3093.6293849999997,11094.355000000001,66566.13,0,6,6,6,0,2.773588666666667,0.0,,-6275.224542,3768.5897370000002,-10043.814279
2024-01-26,0xb1231a4a2dd02f2276fa3c5e2a2f3436e6bfed23,Neutral,Neutral,3,0.0,839.1366666666667,2517.41,0,0,0,3,0,0.20978366666666667,,,-6275.224542,3768.5897370000002,-10043.814279
2024-01-29,0xb1231a4a2dd02f2276fa3c5e2a2f3436e6bfed23,Greed,Greed,72,484.847102,5724.157222222222,412139.32,44,0,44,44,28,1.431038986111111,1.0,1.5714285714285714,-5790.377439999999,3768.5897370000002,-9558.967176999999
2024-01-30,0xb1231a4a2dd02f2276fa3c5e2a2f3436e6bfed23,Greed,Greed,49,-173.65419100000003,8183.905714285715,401011.38,5,14,19,19,30,2.045975714285714,0.2631578947368421,0.6333333333333333,-5964.031631,3768.5897370000002,-9732.621368
2024-01-31,0xb1231a4a2dd02f2276fa3c5e2a2f3436e6bfed23,Greed,Greed,859,-799.840817,7340.683504074505,6305647.13,231,205,436,408,453,1.8037386204889407,0.5298165137614679,0.9006622516556292,-6763.872447999999,3768.5897370000002,-10532.462185
2024-02-01,0xb1231a4a2dd02f2276fa3c5e2a2f3436e6bfed23,Greed,Greed,6,0.0,334.69666666666666,2008.18,0,0,0,6,0,0.08367399999999998,,,-6763.872447999999,3768.5897370000002,-10532.462185
2024-02-02,0xb1231a4a2dd02f2276fa3c5e2a2f3436e6bfed23,Greed,Greed,42,456.423473,11292.343571428572,474278.43,13,8,21,28,14,2.1802294285714288,0.6190476190476191,2.0,-6307.448974999999,3768.5897370000002,-10076.038712
2024-02-03,0xb1231a4a2dd02f2276fa3c5e2a2f3436e6bfed23,Greed,Greed,56,223.30918699999998,10782.5,603820.0,6,6,12,18,38,1.9582562321428572,0.5,0.47368421052631576,-6084.1397879999995,3768.5897370000002,-9852.729524999999
2024-02-04,0xb1231a4a2dd02f2276fa3c5e2a2f3436e6bfed23,Greed,Greed,35,47.62389499999999,5805.358,203187.53,9,19,28,23,12,1.4436251428571427,0.32142857142857145,1.9166666666666667,-6036.515893,3768.5897370000002,-9805.10563
2024-02-05,0xb1231a4a2dd02f2276fa3c5e2a2f3436e6bfed23,Greed,Greed,72,-33.45419400000003,10697.198055555556,770198.26,14,18,32,47,25,2.299298125,0.4375,1.88,-6069.970087,3768.5897370000002,-9838.559824
2024-02-06,0xb1231a4a2dd02f2276fa3c5e2a2f3436e6bfed23,Greed,Greed,1088,-215.615907,7396.280707720588,8047153.41,179,344,523,541,564,0.9086461369485294,0.3422562141491396,0.9592198581560284,-6285.585993999999,3768.5897370000002,-10054.175731
2024-02-07,0xb1231a4a2dd02f2276fa3c5e2a2f3436e6bfed23,Greed,Greed,15,241.24212,450.582,6758.73,2,0,2,5,10,0.022646200000000002,1.0,0.5,-6044.343873999999,3768.5897370000002,-9812.933611
2024-02-08,0xb1231a4a2dd02f2276fa3c5e2a2f3436e6bfed23,Greed,Greed,10,770.756024,2605.112,26051.12,4,0,4,4,6,0.3002887,1.0,0.6666666666666666,-5273.58785,3768.5897370000002,-9042.177587
2024-02-11,0xb1231a4a2dd02f2276fa3c5e2a2f3436e6bfed23,Greed,Greed,34,983.443176,6244.465294117647,212311.82,7,0,7,22,12,0.7339791764705882,1.0,1.8333333333333333,-4290.144673999999,3768.5897370000002,-8058.734410999999
2024-02-12,0xb1231a4a2dd02f2276fa3c5e2a2f3436e6bfed23,Greed,Greed,16,913.8817869999998,14202.981249999999,227247.69999999998,6,9,15,4,12,1.6944944375,0.4,0.3333333333333333,-3376.262887,3768.5897370000002,-7144.852624
2024-02-13,0xb1231a4a2dd02f2276fa3c5e2a2f3436e6bfed23,Greed,Extreme Greed,14,559.44389,142.85642857142858,1999.99,14,0,14,14,0,-0.0028565714285714284,1.0,,-2816.818997,3768.5897370000002,-6585.408734000001
2024-02-14,0xb1231a4a2dd02f2276fa3c5e2a2f3436e6bfed23,Greed,Greed,23,191.29666400000002,4465.268695652174,102701.18,4,0,4,11,12,0.5293607826086957,1.0,0.9166666666666666,-2625.522333,3768.5897370000002,-6394.11207
2024-02-15,0xb1231a4a2dd02f2276fa3c5e2a2f3436e6bfed23,Greed,Greed,11,816.0903969999999,9886.378181818181,108750.16,8,3,11,8,3,2.4715943636363638,0.7272727272727273,2.6666666666666665,-1809.4319359999997,3768.5897370000002,-5578.021673
2024-02-16,0xb1231a4a2dd02f2276fa3c5e2a2f3436e6bfed23,Greed,Greed,12,0.0,8396.053333333333,100752.64,0,0,0,10,2,2.08213825,,5.0,-1809.4319359999997,3768.5897370000002,-5578.021673
2024-02-17,0xb1231a4a2dd02f2276fa3c5e2a2f3436e6bfed23,Greed,Extreme Greed,30,259.62944200000004,6791.962666666667,203758.88,7,4,11,24,6,1.6912405,0.6363636363636364,4.0,-1549.8024939999996,3768.5897370000002,-5318.392231
2024-02-19,0xb1231a4a2dd02f2276fa3c5e2a2f3436e6bfed23,Greed,Extreme Greed,6,-8.05898,8333.848333333333,50003.09,1,2,3,6,0,2.0834615,0.3333333333333333,,-1557.8614739999996,3768.5897370000002,-5326.451211
2024-02-20,0xb1231a4a2dd02f2276fa3c5e2a2f3436e6bfed23,Greed,Greed,4,210.315294,427.575,1710.3,4,0,4,4,0,0.10689325,1.0,,-1347.5461799999996,3768.5897370000002,-5116.135917
2024-02-21,0xb1231a4a2dd02f2276fa3c5e2a2f3436e6bfed23,Greed,Extreme Greed,1,0.0,10005.6,10005.6,0,0,0,1,0,2.501399,,,-1347.5461799999996,3768.5897370000002,-5116.135917
2024-02-22,0xb1231a4a2dd02f2276fa3c5e2a2f3436e6bfed23,Greed,Greed,2,0.0,2500.32,5000.64,0,0,0,2,0,0.62508,,,-1347.5461799999996,3768.5897370000002,-5116.135917
2024-02-26,0xb1231a4a2dd02f2276fa3c5e2a2f3436e6bfed23,Greed,Greed,2,0.0,249.98499999999999,499.96999999999997,0,0,0,0,2,-0.004999,,0.0,-1347.5461799999996,3768.5897370000002,-5116.135917
2024-02-27,0xb1231a4a2dd02f2276fa3c5e2a2f3436e6bfed23,Greed,Extreme Greed,8,576.38114,322.04,2576.32,7,0,7,7,1,0.046760625,1.0,7.0,-771.1650399999997,3768.5897370000002,-4539.754777
2024-02-29,0xb1231a4a2dd02f2276fa3c5e2a2f3436e6bfed23,Greed,Extreme Greed,7,1320.804256,3546.727142857143,24827.09,3,0,3,3,4,0.8866812857142856,1.0,0.75,549.6392160000001,3768.5897370000002,-3218.950521
2024-03-02,0xb1231a4a2dd02f2276fa3c5e2a2f3436e6bfed23,Greed,Extreme Greed,7,-1443.814567,420.5385714285714,2943.77,0,7,7,0,7,0.10513385714285714,0.0,0.0,-894.1753509999998,3768.5897370000002,-4662.765088
2024-03-04,0xb1231a4a2dd02f2276fa3c5e2a2f3436e6bfed23,Greed,Extreme Greed,13,1026.004099,290.5161538461538,3776.71,13,0,13,13,0,0.07262846153846153,1.0,,131.82874800000025,3768.5897370000002,-3636.760989
2024-03-15,0xb1231a4a2dd02f2276fa3c5e2a2f3436e6bfed23,Greed,Extreme Greed,19,388.830831,3995.254210526316,75909.83,8,0,8,8,11,1.3983382631578947,1.0,0.7272727272727273,520.6595790000002,3768.5897370000002,-3247.930158
2024-03-16,0xb1231a4a2dd02f2276fa3c5e2a2f3436e6bfed23,Greed,Extreme Greed,2,0.0,5000.0,10000.0,0,0,0,0,2,0.4999995,,0.0,520.6595790000002,3768.5897370000002,-3247.930158
2024-03-17,0xb1231a4a2dd02f2276fa3c5e2a2f3436e6bfed23,Greed,Extreme Greed,2,0.0,3751.305,7502.61,0,0,0,2,0,1.3129564999999999,,,520.6595790000002,3768.5897370000002,-3247.930158
2024-03-18,0xb1231a4a2dd02f2276fa3c5e2a2f3436e6bfed23,Greed,Extreme Greed,1,212.3193,5214.47,5214.47,1,0,1,1,0,1.825065,1.0,,732.9788790000002,3768.5897370000002,-3035.610858
2024-03-19,0xb1231a4a2dd02f2276fa3c5e2a2f3436e6bfed23,Greed,Extreme Greed,10,-174.00152,2982.842,29828.420000000002,0,2,2,10,0,0.5439754,0.0,,558.9773590000002,3768.5897370000002,-3209.612378
2024-03-20,0xb1231a4a2dd02f2276fa3c5e2a2f3436e6bfed23,Greed,Greed,10,3829.986976,7134.341,71343.41,4,0,4,10,0,2.3095237,1.0,,4388.964335000001,4388.964335000001,0.0
2024-03-21,0xb1231a4a2dd02f2276fa3c5e2a2f3436e6bfed23,Greed,Extreme Greed,4,238.326075,2560.8025000000002,10243.210000000001,1,0,1,4,0,0.89628,1.0,,4627.2904100000005,4627.2904100000005,0.0
2024-04-02,0xb1231a4a2dd02f2276fa3c5e2a2f3436e6bfed23,Greed,Extreme Greed,4,0.0,3749.9725,14999.89,0,0,0,4,0,0.37499625000000003,,,4627.2904100000005,4627.2904100000005,0.0
2024-04-03,0xb1231a4a2dd02f2276fa3c5e2a2f3436e6bfed23,Greed,Greed,2,0.0,4999.83,9999.66,0,0,0,2,0,0.4999825,,,4627.2904100000005,4627.2904100000005,0.0
2024-04-05,0xb1231a4a2dd02f2276fa3c5e2a2f3436e6bfed23,Greed,Extreme Greed,8,965.5522159999999,3245.635,25965.08,8,0,8,8,0,1.1359721249999999,1.0,,5592.842626000001,5592.842626000001,0.0
2024-04-12,0xb1231a4a2dd02f2276fa3c5e2a2f3436e6bfed23,Greed,Extreme Greed,15,-2830.444513,2021.84,30327.6,0,15,15,0,15,0.7076438666666667,0.0,0.0,2762.3981130000006,5592.842626000001,-2830.444513
2024-04-26,0xb1231a4a2dd02f2276fa3c5e2a2f3436e6bfed23,Greed,Greed,3,0.0,1662.7633333333335,4988.290000000001,0,0,0,0,0,0.581966,,,2762.3981130000006,5592.842626000001,-2830.444513
2024-04-28,0xb1231a4a2dd02f2276fa3c5e2a2f3436e6bfed23,Greed,Greed,50,0.0,339.7238,16986.19,0,0,0,0,0,0.11890304,,,2762.3981130000006,5592.842626000001,-2830.444513
2024-04-29,0xb1231a4a2dd02f2276fa3c5e2a2f3436e6bfed23,Greed,Greed,14,0.0,301.70142857142855,4223.82,0,0,0,0,0,0.10559492857142858,,,2762.3981130000006,5592.842626000001,-2830.444513
2024-05-03,0xb1231a4a2dd02f2276fa3c5e2a2f3436e6bfed23,Neutral,Neutral,6,0.0,829.8083333333334,4978.85,0,0,0,0,0,0.29043233333333335,,,2762.3981130000006,5592.842626000001,-2830.444513
2024-05-04,0xb1231a4a2dd02f2276fa3c5e2a2f3436e6bfed23,Greed,Greed,3,0.0,1666.47,4999.41,0,0,0,0,3,0.583264,,0.0,2762.3981130000006,5592.842626000001,-2830.444513
2024-05-07,0xb1231a4a2dd02f2276fa3c5e2a2f3436e6bfed23,Greed,Greed,7,227.320653,1395.532857142857,9768.73,2,0,2,0,2,0.48843600000000004,1.0,0.0,2989.718766000001,5592.842626000001,-2603.1238599999997
2024-05-09,0xb1231a4a2dd02f2276fa3c5e2a2f3436e6bfed23,Greed,Greed,3,0.0,1658.5133333333333,4975.54,0,0,0,0,0,0.5804793333333333,,,2989.718766000001,5592.842626000001,-2603.1238599999997
2024-05-12,0xb1231a4a2dd02f2276fa3c5e2a2f3436e6bfed23,Greed,Greed,13,0.0,782.6861538461538,10174.92,0,0,0,7,0,0.273939,,,2989.718766000001,5592.842626000001,-2603.1238599999997
2024-05-13,0xb1231a4a2dd02f2276fa3c5e2a2f3436e6bfed23,Greed,Greed,3,0.0,1658.2700000000002,4974.81,0,0,0,0,0,0.5803943333333333,,,2989.718766000001,5592.842626000001,-2603.1238599999997
2024-05-16,0xb1231a4a2dd02f2276fa3c5e2a2f3436e6bfed23,Greed,Greed,3,0.0,1280.0233333333333,3840.0699999999997,0,0,0,0,0,0.44800833333333334,,,2989.718766000001,5592.842626000001,-2603.1238599999997
2024-05-20,0xb1231a4a2dd02f2276fa3c5e2a2f3436e6bfed23,Greed,Greed,3,-74.818442,1707.1166666666668,5121.35,0,3,3,3,0,0.5974906666666667,0.0,,2914.9003240000006,5592.842626000001,-2677.942302
2024-05-21,0xb1231a4a2dd02f2276fa3c5e2a2f3436e6bfed23,Greed,Extreme Greed,72,1272.088356,8594.73125,618820.65,7,11,18,14,58,3.0081553194444446,0.3888888888888889,0.2413793103448276,4186.98868,5592.842626000001,-1405.8539460000002
2024-05-23,0xb1231a4a2dd02f2276fa3c5e2a2f3436e6bfed23,Greed,Extreme Greed,19,0.0,3896.7610526315784,74038.45999999999,0,0,0,3,16,1.363865894736842,,0.1875,4186.98868,5592.842626000001,-1405.8539460000002
2024-05-24,0xb1231a4a2dd02f2276fa3c5e2a2f3436e6bfed23,Greed,Greed,2,821.949278,25405.949999999997,50811.899999999994,2,0,2,2,0,8.8920825,1.0,,5008.937958,5592.842626000001,-583.9046680000001
2024-05-25,0xb1231a4a2dd02f2276fa3c5e2a2f3436e6bfed23,Greed,Extreme Greed,2,0.0,12503.574999999999,25007.149999999998,0,0,0,2,0,4.3762505,,,5008.937958,5592.842626000001,-583.9046680000001
2024-05-26,0xb1231a4a2dd02f2276fa3c5e2a2f3436e6bfed23,Greed,Extreme Greed,9,773.4582,5640.383333333334,50763.450000000004,2,0,2,2,7,1.9741338888888889,1.0,0.2857142857142857,5782.3961580000005,5782.3961580000005,0.0
2024-06-07,0xb1231a4a2dd02f2276fa3c5e2a2f3436e6bfed23,Greed,Extreme Greed,14,0.0,77.5807142857143,1086.13,0,0,0,0,0,0.014567142857142858,,,5782.3961580000005,5782.3961580000005,0.0
2024-06-09,0xb1231a4a2dd02f2276fa3c5e2a2f3436e6bfed23,Greed,Extreme Greed,12,0.0,117.52166666666666,1410.26,0,0,0,0,0,0.013815833333333333,,,5782.3961580000005,5782.3961580000005,0.0
2024-06-11,0xb1231a4a2dd02f2276fa3c5e2a2f3436e6bfed23,Greed,Greed,75,4269.550668,1046.24,78468.0,8,0,8,6,8,0.35658762666666666,1.0,0.75,10051.946826,10051.946826,0.0
2024-06-12,0xb1231a4a2dd02f2276fa3c5e2a2f3436e6bfed23,Greed,Greed,37,0.0,41.1072972972973,1520.97,0,0,0,0,0,0.006178108108108107,,,10051.946826,10051.946826,0.0
2024-06-13,0xb1231a4a2dd02f2276fa3c5e2a2f3436e6bfed23,Greed,Greed,78,6634.160155,1699.554487179487,132565.25,19,0,19,4,16,0.4281503846153846,1.0,0.25,16686.106981,16686.106981,0.0
2024-06-14,0xb1231a4a2dd02f2276fa3c5e2a2f3436e6bfed23,Greed,Greed,15,10258.592609,2791.98,41879.7,15,0,15,0,15,0.3105304666666667,1.0,0.0,26944.69959,26944.69959,0.0
2024-06-15,0xb1231a4a2dd02f2276fa3c5e2a2f3436e6bfed23,Greed,Greed,40,1285.5244400000001,3156.3154999999997,126252.62,9,0,9,9,31,1.10470975,1.0,0.2903225806451613,28230.22403,28230.22403,0.0
2024-06-16,0xb1231a4a2dd02f2276fa3c5e2a2f3436e6bfed23,Greed,Greed,11,0.0,2294.0981818181817,25235.079999999998,0,0,0,0,11,0.8029342727272727,,0.0,28230.22403,28230.22403,0.0
2024-06-17,0xb1231a4a2dd02f2276fa3c5e2a2f3436e6bfed23,Greed,Greed,24,9330.743339,4828.689166666667,115888.54000000001,21,0,21,3,21,1.690040625,1.0,0.14285714285714285,37560.967369000005,37560.967369000005,0.0
2024-06-18,0xb1231a4a2dd02f2276fa3c5e2a2f3436e6bfed23,Greed,Greed,18,282.57636,11128.698333333334,200316.57,4,0,4,18,0,2.5061600555555557,1.0,,37843.543729000005,37843.543729000005,0.0
2024-06-19,0xb1231a4a2dd02f2276fa3c5e2a2f3436e6bfed23,Greed,Greed,41,2833.6833,4971.736829268292,203841.21,14,0,14,14,4,1.5876688780487807,1.0,3.5,40677.227029,40677.227029,0.0
2024-06-20,0xb1231a4a2dd02f2276fa3c5e2a2f3436e6bfed23,Greed,Greed,27,0.0,314.2848148148148,8485.69,0,0,0,0,4,0.10999914814814814,,0.0,40677.227029,40677.227029,0.0
2024-06-21,0xb1231a4a2dd02f2276fa3c5e2a2f3436e6bfed23,Greed,Greed,69,0.0,1478.9595652173912,102048.20999999999,0,0,0,9,12,0.5116145507246377,,0.75,40677.227029,40677.227029,0.0
2024-06-22,0xb1231a4a2dd02f2276fa3c5e2a2f3436e6bfed23,Neutral,Neutral,21,756.876565,7218.764761904762,151594.06,8,0,8,9,0,1.6301576190476192,1.0,,41434.103594,41434.103594,0.0
2024-06-23,0xb1231a4a2dd02f2276fa3c5e2a2f3436e6bfed23,Greed,Greed,5,0.0,358.424,1792.12,0,0,0,0,0,0.035842399999999996,,,41434.103594,41434.103594,0.0
2024-06-24,0xb1231a4a2dd02f2276fa3c5e2a2f3436e6bfed23,Neutral,Neutral,10,0.0,15099.543,150995.43,0,0,0,4,0,1.5348434,,,41434.103594,41434.103594,0.0
2024-06-25,0xb1231a4a2dd02f2276fa3c5e2a2f3436e6bfed23,Fear,Fear,49,4869.353105,2104.062857142857,103099.08,11,0,11,0,28,0.7364214489795918,1.0,0.0,46303.456699,46303.456699,0.0
2024-06-26,0xb1231a4a2dd02f2276fa3c5e2a2f3436e6bfed23,Neutral,Neutral,41,0.0,24.288292682926826,995.8199999999999,0,0,0,0,0,0.002100487804878049,,,46303.456699,46303.456699,0.0
2024-06-27,0xb1231a4a2dd02f2276fa3c5e2a2f3436e6bfed23,Fear,Fear,18,0.0,583.1594444444444,10496.869999999999,0,0,0,0,6,0.19774911111111113,,0.0,46303.456699,46303.456699,0.0
2024-06-29,0xb1231a4a2dd02f2276fa3c5e2a2f3436e6bfed23,Fear,Fear,58,4307.587820000001,975.2437931034483,56564.14,11,0,11,0,11,6.587231068965517,1.0,0.0,50611.044519,50611.044519,0.0
2024-06-30,0xb1231a4a2dd02f2276fa3c5e2a2f3436e6bfed23,Neutral,Neutral,11,0.0,47.401818181818186,521.4200000000001,0,0,0,0,0,0.596174909090909,,,50611.044519,50611.044519,0.0
2024-07-01,0xb1231a4a2dd02f2276fa3c5e2a2f3436e6bfed23,Neutral,Neutral,51,3863.351096,5205.286274509804,265469.6,17,0,17,11,15,7.6726046078431365,1.0,0.7333333333333333,54474.395615,54474.395615,0.0
2024-07-02,0xb1231a4a2dd02f2276fa3c5e2a2f3436e6bfed23,Neutral,Neutral,18,2421.253116,1852.6372222222224,33347.47,13,0,13,0,8,0.6365961111111111,1.0,0.0,56895.648731,56895.648731,0.0
2024-07-03,0xb1231a4a2dd02f2276fa3c5e2a2f3436e6bfed23,Neutral,Neutral,8,0.0,9465.0725,75720.58,0,0,0,1,0,3.2838325,,,56895.648731,56895.648731,0.0
2024-07-04,0xb1231a4a2dd02f2276fa3c5e2a2f3436e6bfed23,Fear,Fear,11,0.0,15958.708181818183,175545.79,0,0,0,8,0,2.160625272727273,,,56895.648731,56895.648731,0.0
2024-07-05,0xb1231a4a2dd02f2276fa3c5e2a2f3436e6bfed23,Fear,Fear,12,0.0,165.92916666666667,1991.15,0,0,0,0,0,0.043847500000000005,,,56895.648731,56895.648731,0.0
2024-07-06,0xb1231a4a2dd02f2276fa3c5e2a2f3436e6bfed23,Fear,Fear,24,108.87217799999999,103.75708333333334,2490.17,7,0,7,0,0,14.34809,1.0,,57004.520909,57004.520909,0.0
2024-07-07,0xb1231a4a2dd02f2276fa3c5e2a2f3436e6bfed23,Fear,Fear,10,61.428942,49.875,498.75,10,0,10,0,0,0.004987500000000001,1.0,,57065.949851000005,57065.949851000005,0.0
2024-07-08,0xb1231a4a2dd02f2276fa3c5e2a2f3436e6bfed23,Fear,Fear,1,0.0,497.64,497.64,0,0,0,0,0,0.0156,,,57065.949851000005,57065.949851000005,0.0
2024-07-09,0xb1231a4a2dd02f2276fa3c5e2a2f3436e6bfed23,Fear,Fear,15,648.984412,182.42999999999998,2736.45,15,0,15,0,0,0.026504533333333337,1.0,,57714.934263,57714.934263,0.0
2024-07-10,0xb1231a4a2dd02f2276fa3c5e2a2f3436e6bfed23,Fear,Fear,13,382.10788099999996,1229.4692307692308,15983.1,5,0,5,0,8,0.43031361538461543,1.0,0.0,58097.042144,58097.042144,0.0
2024-07-12,0xb1231a4a2dd02f2276fa3c5e2a2f3436e6bfed23,Fear,Fear,9,1412.314654,1508.48,13576.32,9,0,9,0,9,0.5279672222222223,1.0,0.0,59509.356798,59509.356798,0.0
2024-07-13,0xb1231a4a2dd02f2276fa3c5e2a2f3436e6bfed23,Fear,Fear,4,234.778463,124.795,499.18,4,0,4,0,0,0.04367875,1.0,,59744.135261,59744.135261,0.0
2024-07-17,0xb1231a4a2dd02f2276fa3c5e2a2f3436e6bfed23,Greed,Greed,7,0.0,1427.2385714285715,9990.67,0,0,0,0,7,0.49953300000000006,,0.0,59744.135261,59744.135261,0.0
2024-07-24,0xb1231a4a2dd02f2276fa3c5e2a2f3436e6bfed23,Greed,Greed,35,0.0,170.22400000000002,5957.84,0,0,0,0,0,0.9587365714285714,,,59744.135261,59744.135261,0.0
2024-07-25,0xb1231a4a2dd02f2276fa3c5e2a2f3436e6bfed23,Greed,Greed,12,916.7382600000001,764.4941666666667,9173.93,10,0,10,0,10,3.5335657499999997,1.0,0.0,60660.873521,60660.873521,0.0
2024-07-26,0xb1231a4a2dd02f2276fa3c5e2a2f3436e6bfed23,Greed,Greed,30,2425.262989,8415.887666666667,252476.63,29,0,29,29,0,3.6392818333333334,1.0,,63086.136510000004,63086.136510000004,0.0
2024-07-29,0xb1231a4a2dd02f2276fa3c5e2a2f3436e6bfed23,Greed,Greed,24,112.946925,12510.05625,300241.35,11,0,11,24,0,4.37851925,1.0,,63199.083435,63199.083435,0.0
2024-08-01,0xb1231a4a2dd02f2276fa3c5e2a2f3436e6bfed23,Neutral,Neutral,9,0.0,3896.047777777778,35064.43,0,0,0,4,0,4.5163096666666664,,,63199.083435,63199.083435,0.0
2024-08-02,0xb1231a4a2dd02f2276fa3c5e2a2f3436e6bfed23,Greed,Greed,12,554.12049,5882.177500000001,70586.13,5,0,5,11,0,2.626127416666667,1.0,,63753.203925,63753.203925,0.0
2024-08-03,0xb1231a4a2dd02f2276fa3c5e2a2f3436e6bfed23,Fear,Fear,6,0.0,4168.69,25012.14,0,0,0,5,0,2.620181,,,63753.203925,63753.203925,0.0
2024-08-04,0xb1231a4a2dd02f2276fa3c5e2a2f3436e6bfed23,Fear,Fear,27,0.0,5002.563703703704,135069.22,0,0,0,23,0,2.5632864814814815,,,63753.203925,63753.203925,0.0
2024-08-05,0xb1231a4a2dd02f2276fa3c5e2a2f3436e6bfed23,Fear,Fear,44,-8394.889856,3331.070909090909,146567.12,26,3,29,11,3,1.7562560454545455,0.896551724137931,3.6666666666666665,55358.314069,63753.203925,-8394.889856000002
2024-08-06,0xb1231a4a2dd02f2276fa3c5e2a2f3436e6bfed23,Fear,Extreme Fear,80,51.56325,758.8422499999999,60707.38,5,0,5,5,0,0.7716459999999999,1.0,,55409.87731900001,63753.203925,-8343.326605999995
2024-08-07,0xb1231a4a2dd02f2276fa3c5e2a2f3436e6bfed23,Fear,Fear,21,188.789255,94.89190476190477,1992.73,10,0,10,0,0,0.168502,1.0,,55598.666574,63753.203925,-8154.537350999999
2024-08-08,0xb1231a4a2dd02f2276fa3c5e2a2f3436e6bfed23,Fear,Extreme Fear,5,0.0,3168.014,15840.07,0,0,0,2,0,1.29745,,,55598.666574,63753.203925,-8154.537350999999
2024-08-09,0xb1231a4a2dd02f2276fa3c5e2a2f3436e6bfed23,Neutral,Neutral,60,6783.078347,5447.171666666666,326830.3,17,14,31,24,12,2.060283086833333,0.5483870967741935,2.0,62381.744921000005,63753.203925,-1371.4590039999966
2024-08-10,0xb1231a4a2dd02f2276fa3c5e2a2f3436e6bfed23,Fear,Fear,87,0.0,130.32885057471265,11338.61,0,0,0,0,0,0.5756688264367816,,,62381.744921000005,63753.203925,-1371.4590039999966
2024-08-11,0xb1231a4a2dd02f2276fa3c5e2a2f3436e6bfed23,Fear,Fear,16,0.0,211.8975,3390.36,0,0,0,0,0,1.66483375,,,62381.744921000005,63753.203925,-1371.4590039999966
2024-08-12,0xb1231a4a2dd02f2276fa3c5e2a2f3436e6bfed23,Fear,Fear,31,0.0,323.4293548387097,10026.31,0,0,0,0,8,0.6652503548387096,,0.0,62381.744921000005,63753.203925,-1371.4590039999966
2024-08-13,0xb1231a4a2dd02f2276fa3c5e2a2f3436e6bfed23,Fear,Fear,17,212.08102,488.06470588235294,8297.1,8,0,8,0,8,0.7975201764705883,1.0,0.0,62593.825941,63753.203925,-1159.3779839999988
2024-08-14,0xb1231a4a2dd02f2276fa3c5e2a2f3436e6bfed23,Fear,Fear,15,0.0,136.21066666666667,2043.16,0,0,0,0,0,1.5906593333333334,,,62593.825941,63753.203925,-1159.3779839999988
2024-08-15,0xb1231a4a2dd02f2276fa3c5e2a2f3436e6bfed23,Fear,Fear,12,0.0,126.86416666666668,1522.3700000000001,0,0,0,0,0,1.3752175,,,62593.825941,63753.203925,-1159.3779839999988
2024-08-16,0xb1231a4a2dd02f2276fa3c5e2a2f3436e6bfed23,Fear,Fear,33,825.230544,4663.112424242424,153882.71,3,0,3,8,0,2.3276634848484847,1.0,,63419.056485,63753.203925,-334.14744000000064
2024-08-19,0xb1231a4a2dd02f2276fa3c5e2a2f3436e6bfed23,Fear,Fear,8,339.69958299999996,12539.37875,100315.03,5,0,5,8,0,4.38878225,1.0,,63758.756068,63758.756068,0.0
2024-08-24,0xb1231a4a2dd02f2276fa3c5e2a2f3436e6bfed23,Greed,Greed,5,0.0,3999.9199999999996,19999.6,0,0,0,0,5,1.3999714,,0.0,63758.756068,63758.756068,0.0
2024-08-25,0xb1231a4a2dd02f2276fa3c5e2a2f3436e6bfed23,Neutral,Neutral,13,0.0,534.9192307692308,6953.95,0,0,0,0,5,1.6196066153846154,,0.0,63758.756068,63758.756068,0.0
2024-08-26,0xb1231a4a2dd02f2276fa3c5e2a2f3436e6bfed23,Greed,Greed,1,0.0,347.75,347.75,0,0,0,0,0,0.0107,,,63758.756068,63758.756068,0.0
2024-08-27,0xb1231a4a2dd02f2276fa3c5e2a2f3436e6bfed23,Neutral,Neutral,43,0.0,121.97604651162791,5244.97,0,0,0,0,0,0.6814358139534883,,,63758.756068,63758.756068,0.0
2024-08-28,0xb1231a4a2dd02f2276fa3c5e2a2f3436e6bfed23,Fear,Fear,2,1333.359645,11832.755000000001,23665.510000000002,2,0,2,0,2,4.141464,1.0,0.0,65092.11571300001,65092.11571300001,0.0
2024-08-29,0xb1231a4a2dd02f2276fa3c5e2a2f3436e6bfed23,Fear,Fear,1,0.0,9995.85,9995.85,0,0,0,0,1,3.498547,,0.0,65092.11571300001,65092.11571300001,0.0
2024-08-30,0xb1231a4a2dd02f2276fa3c5e2a2f3436e6bfed23,Fear,Fear,1,256.464,9739.38,9739.38,1,0,1,0,1,3.408784,1.0,0.0,65348.57971300001,65348.57971300001,0.0
2024-08-31,0xb1231a4a2dd02f2276fa3c5e2a2f3436e6bfed23,Fear,Fear,9,0.0,11111.126666666667,100000.14,0,0,0,4,5,3.888894222222222,,0.8,65348.57971300001,65348.57971300001,0.0
2024-09-04,0xb1231a4a2dd02f2276fa3c5e2a2f3436e6bfed23,Fear,Fear,33,1065.785132,2923.5148484848487,96475.99,5,3,8,3,5,1.5551056060606059,0.625,0.6,66414.364845,66414.364845,0.0
2024-09-06,0xb1231a4a2dd02f2276fa3c5e2a2f3436e6bfed23,Fear,Extreme Fear,38,-1104.856765,106.74815789473683,4056.43,0,38,38,0,0,0.03736163157894737,0.0,,65309.50808,66414.364845,-1104.856765000004
2024-09-09,0xb1231a4a2dd02f2276fa3c5e2a2f3436e6bfed23,Fear,Fear,2,0.0,2007.2150000000001,4014.4300000000003,0,0,0,0,0,17.45395,,,65309.50808,66414.364845,-1104.856765000004
2024-09-10,0xb1231a4a2dd02f2276fa3c5e2a2f3436e6bfed23,Fear,Fear,1,0.0,766.74,766.74,0,0,0,0,0,6.66721,,,65309.50808,66414.364845,-1104.856765000004
2024-09-14,0xb1231a4a2dd02f2276fa3c5e2a2f3436e6bfed23,Neutral,Neutral,10,0.0,101.415,1014.1500000000001,0,0,0,0,0,3.038133,,,65309.50808,66414.364845,-1104.856765000004
2024-09-18,0xb1231a4a2dd02f2276fa3c5e2a2f3436e6bfed23,Neutral,Neutral,145,-878.684794,94.02413793103449,13633.5,0,134,134,0,0,0.2188478827586207,0.0,,64430.823286000006,66414.364845,-1983.5415589999975
2024-09-19,0xb1231a4a2dd02f2276fa3c5e2a2f3436e6bfed23,Neutral,Neutral,19,0.0,80.09842105263158,1521.8700000000001,0,0,0,0,0,1.5056663157894736,,,64430.823286000006,66414.364845,-1983.5415589999975
2024-09-24,0xb1231a4a2dd02f2276fa3c5e2a2f3436e6bfed23,Neutral,Neutral,9,0.0,111.67333333333335,1005.0600000000001,0,0,0,0,0,1.375471111111111,,,64430.823286000006,66414.364845,-1983.5415589999975
2024-10-04,0xb1231a4a2dd02f2276fa3c5e2a2f3436e6bfed23,Fear,Fear,1,0.0,0.34,0.34,0,0,0,0,0,0.0,,,64430.823286000006,66414.364845,-1983.5415589999975
2024-10-08,0xb1231a4a2dd02f2276fa3c5e2a2f3436e6bfed23,Neutral,Neutral,1,0.0,0.58,0.58,0,0,0,0,0,0.0,,,64430.823286000006,66414.364845,-1983.5415589999975
2024-12-04,0xb1231a4a2dd02f2276fa3c5e2a2f3436e6bfed23,Greed,Extreme Greed,44,274999.139393,6249.985227272727,274999.35,44,0,44,0,0,0.6249982045454545,1.0,,339429.962679,339429.962679,0.0
2024-12-05,0xb1231a4a2dd02f2276fa3c5e2a2f3436e6bfed23,Greed,Extreme Greed,4,49999.876084999996,12499.98,49999.92,4,0,4,0,0,1.24999725,1.0,,389429.838764,389429.838764,0.0
2024-12-06,0xb1231a4a2dd02f2276fa3c5e2a2f3436e6bfed23,Greed,Greed,25,74999.848329,2999.9956,74999.89,25,0,25,0,0,0.29999924,1.0,,464429.687093,464429.687093,0.0
2024-12-07,0xb1231a4a2dd02f2276fa3c5e2a2f3436e6bfed23,Greed,Extreme Greed,5,74999.62263,15999.469999999998,79997.34999999999,3,0,3,0,2,1.8498297999999997,1.0,0.0,539429.309723,539429.309723,0.0
2024-12-08,0xb1231a4a2dd02f2276fa3c5e2a2f3436e6bfed23,Greed,Extreme Greed,145,0.0,3572.0706206896552,517950.24,0,0,0,0,145,1.2243668896551725,,0.0,539429.309723,539429.309723,0.0
2024-12-11,0xb1231a4a2dd02f2276fa3c5e2a2f3436e6bfed23,Greed,Greed,156,274998.942584,1762.8148717948718,274999.12,156,0,156,0,0,0.17628107692307693,1.0,,814428.252307,814428.252307,0.0
2024-12-12,0xb1231a4a2dd02f2276fa3c5e2a2f3436e6bfed23,Greed,Extreme Greed,314,449328.107544,1430.9824522292993,449328.49,314,0,314,0,0,0.26199038853503187,1.0,,1263756.359851,1263756.359851,0.0
2024-12-14,0xb1231a4a2dd02f2276fa3c5e2a2f3436e6bfed23,Greed,Extreme Greed,50,100273.248286,2005.4666,100273.33,50,0,50,0,0,0.70191258,1.0,,1364029.6081370001,1364029.6081370001,0.0
2024-12-15,0xb1231a4a2dd02f2276fa3c5e2a2f3436e6bfed23,Greed,Extreme Greed,26,49955.768945,1921.375769230769,49955.77,26,0,26,0,0,0.6724814615384616,1.0,,1413985.377082,1413985.377082,0.0
2024-12-17,0xb1231a4a2dd02f2276fa3c5e2a2f3436e6bfed23,Greed,Extreme Greed,38,50346.757308,2640.7076315789473,100346.89,30,0,30,0,7,0.5953002368421053,1.0,0.0,1464332.13439,1464332.13439,0.0
2024-12-18,0xb1231a4a2dd02f2276fa3c5e2a2f3436e6bfed23,Greed,Extreme Greed,18,2222.47801,2654.303888888889,47777.47,18,0,18,0,18,0.9290058888888889,1.0,0.0,1466554.6124,1466554.6124,0.0
2024-12-20,0xb1231a4a2dd02f2276fa3c5e2a2f3436e6bfed23,Greed,Greed,43,0.0,2321.7200000000003,99833.96,0,0,0,0,43,0.8126014186046512,,0.0,1466554.6124,1466554.6124,0.0
2024-12-21,0xb1231a4a2dd02f2276fa3c5e2a2f3436e6bfed23,Greed,Greed,62,0.0,1608.8398387096772,99748.06999999999,0,0,0,0,62,0.5630932741935484,,0.0,1466554.6124,1466554.6124,0.0
2024-12-23,0xb1231a4a2dd02f2276fa3c5e2a2f3436e6bfed23,Greed,Greed,63,20549.813184,3635.03126984127,229006.97,44,0,44,0,63,1.173054761904762,1.0,0.0,1487104.425584,1487104.425584,0.0
2024-12-24,0xb1231a4a2dd02f2276fa3c5e2a2f3436e6bfed23,Greed,Greed,7,0.0,10714.267142857143,74999.87,0,0,0,0,7,1.0714264285714286,,0.0,1487104.425584,1487104.425584,0.0
2024-12-26,0xb1231a4a2dd02f2276fa3c5e2a2f3436e6bfed23,Greed,Extreme Greed,61,10371.049075,1878.7534426229506,114603.95999999999,61,0,61,0,61,0.6575632950819672,1.0,0.0,1497475.474659,1497475.474659,0.0
2024-12-30,0xb1231a4a2dd02f2276fa3c5e2a2f3436e6bfed23,Greed,Greed,25,0.0,3301.7203999999997,82543.01,0,0,0,0,25,1.15560192,,0.0,1497475.474659,1497475.474659,0.0
2025-01-02,0xb1231a4a2dd02f2276fa3c5e2a2f3436e6bfed23,Greed,Greed,6,0.0,1666.6133333333335,9999.68,0,0,0,0,0,0.54774,,,1497475.474659,1497475.474659,0.0
2025-01-03,0xb1231a4a2dd02f2276fa3c5e2a2f3436e6bfed23,Greed,Greed,18,0.0,557.795,10040.31,0,0,0,0,0,0.7197261111111111,,,1497475.474659,1497475.474659,0.0
2025-01-04,0xb1231a4a2dd02f2276fa3c5e2a2f3436e6bfed23,Greed,Greed,19,1659.7995640000001,1695.0778947368422,32206.48,13,0,13,0,0,1.0881859473684212,1.0,,1499135.274223,1499135.274223,0.0
2025-01-05,0xb1231a4a2dd02f2276fa3c5e2a2f3436e6bfed23,Greed,Greed,33,956.5545050000001,332.21393939393937,10963.06,32,0,32,0,0,0.11627245454545455,1.0,,1500091.828728,1500091.828728,0.0
2025-01-06,0xb1231a4a2dd02f2276fa3c5e2a2f3436e6bfed23,Greed,Extreme Greed,85,281.45074800000003,237.78799999999998,20211.98,28,0,28,0,0,0.1946501529411765,1.0,,1500373.279476,1500373.279476,0.0
2025-01-08,0xb1231a4a2dd02f2276fa3c5e2a2f3436e6bfed23,Greed,Greed,16,0.0,944.90625,15118.5,0,0,0,0,0,1.334693125,,,1500373.279476,1500373.279476,0.0
2025-01-15,0xb1231a4a2dd02f2276fa3c5e2a2f3436e6bfed23,Greed,Greed,11,5383.278555,491.1363636363636,5402.5,11,0,11,0,0,0.17189727272727273,1.0,,1505756.558031,1505756.558031,0.0
2025-01-16,0xb1231a4a2dd02f2276fa3c5e2a2f3436e6bfed23,Greed,Extreme Greed,23,897.284184,1393.2204347826087,32044.07,11,0,11,0,0,1.2489304347826087,1.0,,1506653.842215,1506653.842215,0.0
2025-01-18,0xb1231a4a2dd02f2276fa3c5e2a2f3436e6bfed23,Greed,Extreme Greed,101,7393.785411,1905.1814851485146,192423.33,39,0,39,0,101,0.6668130594059406,1.0,0.0,1514047.627626,1514047.627626,0.0
2025-01-19,0xb1231a4a2dd02f2276fa3c5e2a2f3436e6bfed23,Greed,Extreme Greed,3,3867.854339,6311.63,18934.89,3,0,3,0,0,2.20907,1.0,,1517915.481965,1517915.481965,0.0
2025-01-20,0xb1231a4a2dd02f2276fa3c5e2a2f3436e6bfed23,Greed,Extreme Greed,23,0.0,1310.68,30145.64,0,0,0,0,0,2.337457391304348,,,1517915.481965,1517915.481965,0.0
2025-01-21,0xb1231a4a2dd02f2276fa3c5e2a2f3436e6bfed23,Greed,Extreme Greed,52,2997.363771,1598.0225,83097.17,22,0,22,0,29,0.559306423076923,1.0,0.0,1520912.845736,1520912.845736,0.0
2025-01-22,0xb1231a4a2dd02f2276fa3c5e2a2f3436e6bfed23,Greed,Extreme Greed,111,0.0,1799.2789189189189,199719.96,0,0,0,0,111,0.6297470810810811,,0.0,1520912.845736,1520912.845736,0.0
2025-01-23,0xb1231a4a2dd02f2276fa3c5e2a2f3436e6bfed23,Greed,Extreme Greed,90,25224.994585,2493.861,224447.49,90,0,90,0,90,0.8728508333333332,1.0,0.0,1546137.840321,1546137.840321,0.0
2025-01-25,0xb1231a4a2dd02f2276fa3c5e2a2f3436e6bfed23,Greed,Extreme Greed,15,0.0,1004.8726666666666,15073.09,0,0,0,0,0,1.7285946666666665,,,1546137.840321,1546137.840321,0.0
2025-01-27,0xb1231a4a2dd02f2276fa3c5e2a2f3436e6bfed23,Greed,Greed,13,0.0,3464.2846153846153,45035.7,0,0,0,0,0,3.485283846153846,,,1546137.840321,1546137.840321,0.0
2025-01-29,0xb1231a4a2dd02f2276fa3c5e2a2f3436e6bfed23,Greed,Greed,40,0.0,305.256,12210.24,0,0,0,0,0,0.0281960135,,,1546137.840321,1546137.840321,0.0
2025-01-30,0xb1231a4a2dd02f2276fa3c5e2a2f3436e6bfed23,Greed,Greed,336,2503.8204370000003,1614.6436011904761,542520.25,3,0,3,0,333,0.5651248928571428,1.0,0.0,1548641.660758,1548641.660758,0.0
2025-01-31,0xb1231a4a2dd02f2276fa3c5e2a2f3436e6bfed23,Greed,Extreme Greed,58,0.0,1723.3093103448277,99951.94,0,0,0,0,58,0.49539975862068963,,0.0,1548641.660758,1548641.660758,0.0
2025-02-01,0xb1231a4a2dd02f2276fa3c5e2a2f3436e6bfed23,Greed,Greed,11,15452.344326,1400.39,15404.29,3,0,3,0,3,1.2259170909090908,1.0,0.0,1564094.005084,1564094.005084,0.0
2025-02-02,0xb1231a4a2dd02f2276fa3c5e2a2f3436e6bfed23,Greed,Greed,88,69051.70619,6537.665,575314.52,71,0,71,0,71,1.2211786555681818,1.0,0.0,1633145.7112740001,1633145.7112740001,0.0
2025-02-03,0xb1231a4a2dd02f2276fa3c5e2a2f3436e6bfed23,Fear,Fear,258,46742.288748,1333.0556976744185,343928.37,89,0,89,0,220,0.5930243141472868,1.0,0.0,1679888.000022,1679888.000022,0.0
2025-02-04,0xb1231a4a2dd02f2276fa3c5e2a2f3436e6bfed23,Greed,Greed,661,16102.444634,2456.432904689864,1623702.15,238,20,258,0,661,0.7305292481089259,0.9224806201550387,0.0,1695990.444656,1695990.444656,0.0
2025-02-05,0xb1231a4a2dd02f2276fa3c5e2a2f3436e6bfed23,Neutral,Neutral,218,14644.100674,2359.758899082569,514427.44,92,0,92,0,218,0.5583335321100917,1.0,0.0,1710634.54533,1710634.54533,0.0
2025-02-06,0xb1231a4a2dd02f2276fa3c5e2a2f3436e6bfed23,Neutral,Neutral,419,51100.947505,1617.0732696897373,677553.7,355,0,355,0,419,0.5460868210023867,1.0,0.0,1761735.492835,1761735.492835,0.0
2025-02-07,0xb1231a4a2dd02f2276fa3c5e2a2f3436e6bfed23,Fear,Fear,143,1831.9529619999998,1073.4656643356643,153505.59,48,0,48,0,86,0.578022140979021,1.0,0.0,1763567.445797,1763567.445797,0.0
2025-02-09,0xb1231a4a2dd02f2276fa3c5e2a2f3436e6bfed23,Neutral,Neutral,67,115791.92916,2647.2844776119405,177368.06,12,0,12,0,45,1.2774048486567164,1.0,0.0,1879359.374957,1879359.374957,0.0
2025-02-10,0xb1231a4a2dd02f2276fa3c5e2a2f3436e6bfed23,Fear,Fear,17,0.0,1960.124705882353,33322.12,0,0,0,0,17,0.6860431176470588,,0.0,1879359.374957,1879359.374957,0.0
2025-02-11,0xb1231a4a2dd02f2276fa3c5e2a2f3436e6bfed23,Neutral,Neutral,121,0.0,2285.4152892561983,276535.25,0,0,0,0,121,0.7998950495867768,,0.0,1879359.374957,1879359.374957,0.0
2025-02-12,0xb1231a4a2dd02f2276fa3c5e2a2f3436e6bfed23,Neutral,Neutral,243,8664.933786,1698.3335802469135,412695.06,76,0,76,0,217,0.6394525925925926,1.0,0.0,1888024.308743,1888024.308743,0.0
2025-02-13,0xb1231a4a2dd02f2276fa3c5e2a2f3436e6bfed23,Neutral,Neutral,168,0.0,1735.2890476190476,291528.56,0,0,0,0,168,0.42138145833333335,,0.0,1888024.308743,1888024.308743,0.0
2025-02-14,0xb1231a4a2dd02f2276fa3c5e2a2f3436e6bfed23,Neutral,Neutral,165,0.0,1615.370303030303,266536.1,0,0,0,0,165,0.2825928848484848,,0.0,1888024.308743,1888024.308743,0.0
2025-02-18,0xb1231a4a2dd02f2276fa3c5e2a2f3436e6bfed23,Neutral,Neutral,264,73677.453556,2654.748446969697,700853.59,264,0,264,0,264,0.6450710454545454,1.0,0.0,1961701.762299,1961701.762299,0.0
2025-02-19,0xb1231a4a2dd02f2276fa3c5e2a2f3436e6bfed23,Fear,Fear,85,3350.218775,2310.5601176470586,196397.61,26,0,26,0,85,0.8086953529411764,1.0,0.0,1965051.981074,1965051.981074,0.0
2025-02-20,0xb1231a4a2dd02f2276fa3c5e2a2f3436e6bfed23,Neutral,Neutral,279,0.0,1452.1574910394265,405151.94,0,0,0,0,240,0.43798288093189963,,0.0,1965051.981074,1965051.981074,0.0
2025-02-21,0xb1231a4a2dd02f2276fa3c5e2a2f3436e6bfed23,Greed,Greed,58,3056.449155,4768.487241379311,276572.26,31,0,31,0,58,1.2379099827586206,1.0,0.0,1968108.430229,1968108.430229,0.0
2025-02-22,0xb1231a4a2dd02f2276fa3c5e2a2f3436e6bfed23,Neutral,Neutral,127,5628.488702,1574.8144094488189,200001.43,93,0,93,0,127,0.5511846614173228,1.0,0.0,1973736.918931,1973736.918931,0.0
2025-02-23,0xb1231a4a2dd02f2276fa3c5e2a2f3436e6bfed23,Neutral,Neutral,88,8934.09502,2278.3786363636364,200497.32,88,0,88,0,88,0.7974318636363636,1.0,0.0,1982671.013951,1982671.013951,0.0
2025-02-24,0xb1231a4a2dd02f2276fa3c5e2a2f3436e6bfed23,Neutral,Neutral,208,10841.97075,1111.8584134615385,231266.55,126,0,126,0,126,0.539389375625,1.0,0.0,1993512.984701,1993512.984701,0.0
2025-02-25,0xb1231a4a2dd02f2276fa3c5e2a2f3436e6bfed23,Fear,Fear,71,0.0,1418.0078873239436,100678.56,0,0,0,0,0,3.9305355856338027,,,1993512.984701,1993512.984701,0.0
2025-02-26,0xb1231a4a2dd02f2276fa3c5e2a2f3436e6bfed23,Fear,Extreme Fear,26,0.0,66.875,1738.75,0,0,0,0,0,0.02799938230769231,,,1993512.984701,1993512.984701,0.0
2025-02-27,0xb1231a4a2dd02f2276fa3c5e2a2f3436e6bfed23,Fear,Extreme Fear,10,0.0,1508.357,15083.57,0,0,0,0,0,5.62519,,,1993512.984701,1993512.984701,0.0
2025-03-04,0xb1231a4a2dd02f2276fa3c5e2a2f3436e6bfed23,Fear,Extreme Fear,77,0.0,1769.9948051948052,136289.6,0,0,0,70,0,1.1633176233766234,,,1993512.984701,1993512.984701,0.0
2025-03-05,0xb1231a4a2dd02f2276fa3c5e2a2f3436e6bfed23,Fear,Extreme Fear,89,4647.056049,2021.519213483146,179915.21,57,0,57,89,0,0.7075312696629213,1.0,,1998160.04075,1998160.04075,0.0
2025-03-06,0xb1231a4a2dd02f2276fa3c5e2a2f3436e6bfed23,Fear,Fear,66,698.036952,1905.741818181818,125778.95999999999,29,0,29,66,0,0.6670092121212121,1.0,,1998858.077702,1998858.077702,0.0
2025-03-07,0xb1231a4a2dd02f2276fa3c5e2a2f3436e6bfed23,Fear,Fear,49,0.0,2891.8463265306123,141700.47,0,0,0,49,0,0.6294929591836734,,,1998858.077702,1998858.077702,0.0
2025-03-08,0xb1231a4a2dd02f2276fa3c5e2a2f3436e6bfed23,Fear,Fear,138,2923.553302,1772.4605797101449,244599.56,117,0,117,138,0,0.6203607101449276,1.0,,2001781.631004,2001781.631004,0.0
2025-03-09,0xb1231a4a2dd02f2276fa3c5e2a2f3436e6bfed23,Fear,Fear,296,2752.480766,1777.5894594594595,526166.48,90,0,90,296,0,0.38989279054054055,1.0,,2004534.11177,2004534.11177,0.0
2025-03-10,0xb1231a4a2dd02f2276fa3c5e2a2f3436e6bfed23,Fear,Extreme Fear,61,0.0,2392.7903278688523,145960.21,0,0,0,55,0,1.5153687868852461,,,2004534.11177,2004534.11177,0.0
2025-03-11,0xb1231a4a2dd02f2276fa3c5e2a2f3436e6bfed23,Fear,Extreme Fear,273,2349.7162,1993.2828205128203,544166.21,130,130,260,273,0,0.6289672051282051,0.5,,2006883.82797,2006883.82797,0.0
2025-03-12,0xb1231a4a2dd02f2276fa3c5e2a2f3436e6bfed23,Fear,Fear,334,1215.156099,1351.2349101796408,451312.46,34,0,34,334,0,0.24838116167664673,1.0,,2008098.984069,2008098.984069,0.0
2025-03-13,0xb1231a4a2dd02f2276fa3c5e2a2f3436e6bfed23,Neutral,Neutral,42,0.0,1190.9719047619049,50020.82,0,0,0,42,0,0.41683952380952377,,,2008098.984069,2008098.984069,0.0
2025-03-14,0xb1231a4a2dd02f2276fa3c5e2a2f3436e6bfed23,Fear,Fear,323,22911.093812,1309.496439628483,422967.35,323,0,323,323,0,0.4583232786377709,1.0,,2031010.077881,2031010.077881,0.0
2025-03-17,0xb1231a4a2dd02f2276fa3c5e2a2f3436e6bfed23,Fear,Fear,113,646.346496,718.1312389380531,81148.83,30,0,30,50,0,0.22146862814159293,1.0,,2031656.424377,2031656.424377,0.0
2025-03-20,0xb1231a4a2dd02f2276fa3c5e2a2f3436e6bfed23,Neutral,Neutral,30,824.5402799999999,1638.5426666666667,49156.28,10,0,10,0,30,0.5734893666666667,1.0,0.0,2032480.964657,2032480.964657,0.0
2025-03-24,0xb1231a4a2dd02f2276fa3c5e2a2f3436e6bfed23,Neutral,Neutral,57,0.0,1314.4001754385965,74920.81,0,0,0,0,57,0.46003950877192984,,0.0,2032480.964657,2032480.964657,0.0
2025-03-26,0xb1231a4a2dd02f2276fa3c5e2a2f3436e6bfed23,Neutral,Neutral,38,2597.947325,1903.2236842105262,72322.5,38,0,38,0,38,0.6661278157894737,1.0,0.0,2035078.911982,2035078.911982,0.0
2025-04-03,0xb1231a4a2dd02f2276fa3c5e2a2f3436e6bfed23,Fear,Fear,9,0.0,5555.549999999999,49999.95,0,0,0,9,0,0.5555547777777777,,,2035078.911982,2035078.911982,0.0
2025-04-04,0xb1231a4a2dd02f2276fa3c5e2a2f3436e6bfed23,Fear,Fear,99,2242.086667,1138.8816161616162,112749.28,65,0,65,99,0,0.39860820202020203,1.0,,2037320.998649,2037320.998649,0.0
2025-04-07,0xb1231a4a2dd02f2276fa3c5e2a2f3436e6bfed23,Fear,Extreme Fear,80,3601.4274,1713.7372500000001,137098.98,38,0,38,80,0,0.5998074625,1.0,,2040922.426049,2040922.426049,0.0
2025-04-11,0xb1231a4a2dd02f2276fa3c5e2a2f3436e6bfed23,Fear,Fear,20,0.0,1665.941,33318.82,0,0,0,0,20,0.5830789000000001,,0.0,2040922.426049,2040922.426049,0.0
2025-04-12,0xb1231a4a2dd02f2276fa3c5e2a2f3436e6bfed23,Fear,Fear,17,0.0,3918.2294117647057,66609.9,0,0,0,0,17,1.3713800588235294,,0.0,2040922.426049,2040922.426049,0.0
2025-04-13,0xb1231a4a2dd02f2276fa3c5e2a2f3436e6bfed23,Neutral,Neutral,30,0.0,1111.095,33332.85,0,0,0,0,30,0.1111091,,0.0,2040922.426049,2040922.426049,0.0
2025-04-15,0xb1231a4a2dd02f2276fa3c5e2a2f3436e6bfed23,Fear,Fear,50,0.0,1466.164,73308.2,0,0,0,0,50,0.51315686,,0.0,2040922.426049,2040922.426049,0.0
2025-04-17,0xb1231a4a2dd02f2276fa3c5e2a2f3436e6bfed23,Fear,Fear,105,0.0,1174.1429523809522,123285.01,0,0,0,0,105,0.41094960952380954,,0.0,2040922.426049,2040922.426049,0.0
2025-04-18,0xb1231a4a2dd02f2276fa3c5e2a2f3436e6bfed23,Fear,Fear,50,0.0,1165.7812,58289.06,0,0,0,0,50,0.40802284,,0.0,2040922.426049,2040922.426049,0.0
2025-04-19,0xb1231a4a2dd02f2276fa3c5e2a2f3436e6bfed23,Fear,Fear,98,0.0,1444.9214285714284,141602.3,0,0,0,0,98,0.42068913265306124,,0.0,2040922.426049,2040922.426049,0.0
2025-04-20,0xb1231a4a2dd02f2276fa3c5e2a2f3436e6bfed23,Fear,Fear,73,0.0,1140.8187671232877,83279.77,0,0,0,0,73,0.399286,,0.0,2040922.426049,2040922.426049,0.0
2025-04-22,0xb1231a4a2dd02f2276fa3c5e2a2f3436e6bfed23,Neutral,Neutral,73,0.0,1461.1758904109588,106665.84,0,0,0,0,73,0.3972574931506849,,0.0,2040922.426049,2040922.426049,0.0
2025-04-23,0xb1231a4a2dd02f2276fa3c5e2a2f3436e6bfed23,Greed,Greed,6,0.0,9722.050000000001,58332.3,0,0,0,0,6,2.013844,,0.0,2040922.426049,2040922.426049,0.0
2025-05-01,0xb1231a4a2dd02f2276fa3c5e2a2f3436e6bfed23,Neutral,Neutral,73,102460.17164,3462.1106849315065,252734.08,57,0,57,0,73,0.8977101780821918,1.0,0.0,2143382.597689,2143382.597689,0.0
2025-02-28,0xb899e522b5715391ae1d4f137653e7906c5e2115,Fear,Extreme Fear,7,-72.202951,735.4342857142857,5148.04,0,5,5,7,0,0.2574017142857143,0.0,,-72.202951,-72.202951,0.0
2025-03-02,0xb899e522b5715391ae1d4f137653e7906c5e2115,Fear,Fear,155,34795.678173,24787.07348387097,3841996.39,75,0,75,155,0,7.494878683870969,1.0,,34723.475222,34723.475222,0.0
2025-03-03,0xb899e522b5715391ae1d4f137653e7906c5e2115,Fear,Fear,31,535.4072209999999,16874.44419354839,523107.77,14,0,14,31,0,5.592357967741936,1.0,,35258.882443,35258.882443,0.0
2025-03-04,0xb899e522b5715391ae1d4f137653e7906c5e2115,Fear,Extreme Fear,124,4578.655427,17691.147903225807,2193702.34,63,0,63,82,42,5.944224830645162,1.0,1.9523809523809523,39837.53787,39837.53787,0.0
2025-03-05,0xb899e522b5715391ae1d4f137653e7906c5e2115,Fear,Extreme Fear,100,2036.224492,17587.334199999998,1758733.42,38,0,38,100,0,5.06515125,1.0,,41873.762362,41873.762362,0.0
2025-03-06,0xb899e522b5715391ae1d4f137653e7906c5e2115,Fear,Fear,375,5348.989502,13031.173493333332,4886690.06,228,0,228,180,195,2.6024913946666666,1.0,0.9230769230769231,47222.751864,47222.751864,0.0
2025-03-07,0xb899e522b5715391ae1d4f137653e7906c5e2115,Fear,Fear,659,5348.62711,19006.84864946889,12525513.26,303,58,361,659,0,5.245727509863429,0.8393351800554016,,52571.378974,52571.378974,0.0
2025-03-09,0xb899e522b5715391ae1d4f137653e7906c5e2115,Fear,Fear,630,10760.578324,13882.096698412699,8745720.92,384,0,384,393,237,3.2552716015873013,1.0,1.6582278481012658,63331.957298,63331.957298,0.0
2025-03-10,0xb899e522b5715391ae1d4f137653e7906c5e2115,Fear,Extreme Fear,358,9163.142483,21399.0256424581,7660851.18,120,0,120,358,0,5.047598673184357,1.0,,72495.099781,72495.099781,0.0
2025-03-11,0xb899e522b5715391ae1d4f137653e7906c5e2115,Fear,Extreme Fear,466,-57956.282957999996,15135.68212446352,7053227.87,89,234,323,157,309,3.371084356223176,0.2755417956656347,0.5080906148867314,14538.816823000001,72495.099781,-57956.282957999996
2025-03-12,0xb899e522b5715391ae1d4f137653e7906c5e2115,Fear,Fear,251,4544.583988,28258.839880478085,7092968.81,146,0,146,0,251,7.064709525896415,1.0,0.0,19083.400811,72495.099781,-53411.69897
2025-03-13,0xb899e522b5715391ae1d4f137653e7906c5e2115,Neutral,Neutral,41,3896.9493979999997,27309.887804878046,1119705.4,23,0,23,0,41,6.827471609756097,1.0,0.0,22980.350209,72495.099781,-49514.749572
2025-03-14,0xb899e522b5715391ae1d4f137653e7906c5e2115,Fear,Fear,82,1188.74187,40522.281463414634,3322827.08,46,0,46,0,82,10.13056987804878,1.0,0.0,24169.092079000002,72495.099781,-48326.007701999995
2025-03-15,0xb899e522b5715391ae1d4f137653e7906c5e2115,Neutral,Neutral,65,594.5722,29067.860615384616,1889410.94,37,0,37,0,65,7.266964707692308,1.0,0.0,24763.664279,72495.099781,-47731.43550199999
2025-03-16,0xb899e522b5715391ae1d4f137653e7906c5e2115,Fear,Fear,246,-16453.702941,37204.39219512195,9152280.48,52,66,118,51,195,9.301097532520325,0.4406779661016949,0.26153846153846155,8309.961338000001,72495.099781,-64185.138442999996
2025-03-17,0xb899e522b5715391ae1d4f137653e7906c5e2115,Fear,Fear,51,812.52566,31991.233333333337,1631552.9000000001,37,0,37,0,51,7.997807941176471,1.0,0.0,9122.486998,72495.099781,-63372.612783
2025-03-18,0xb899e522b5715391ae1d4f137653e7906c5e2115,Fear,Fear,32,1157.213435,49549.2075,1585574.64,11,0,11,0,32,12.3873014375,1.0,0.0,10279.700433000002,72495.099781,-62215.39934799999
2025-03-20,0xb899e522b5715391ae1d4f137653e7906c5e2115,Neutral,Neutral,2,38.9845,2217.9049999999997,4435.8099999999995,1,0,1,2,0,0.554476,1.0,,10318.684933,72495.099781,-62176.414848
2025-03-21,0xb899e522b5715391ae1d4f137653e7906c5e2115,Fear,Fear,28,829.63013,55552.7575,1555477.21,14,0,14,0,28,13.888189107142859,1.0,0.0,11148.315063000002,72495.099781,-61346.784717999995
2025-03-23,0xb899e522b5715391ae1d4f137653e7906c5e2115,Fear,Fear,20,907.21938,81858.2115,1637164.23,6,0,6,0,20,20.4645525,1.0,0.0,12055.534443,72495.099781,-60439.565338
2025-03-25,0xb899e522b5715391ae1d4f137653e7906c5e2115,Neutral,Neutral,95,-836.051084,35299.146315789476,3353418.9,22,25,47,0,95,8.824786147368421,0.46808510638297873,0.0,11219.483359000002,72495.099781,-61275.61642199999
2025-03-26,0xb899e522b5715391ae1d4f137653e7906c5e2115,Neutral,Neutral,91,-774.039828,10956.067912087912,997002.1799999999,0,57,57,91,0,2.7390166483516483,0.0,,10445.443531,72495.099781,-62049.65625
2025-03-30,0xb899e522b5715391ae1d4f137653e7906c5e2115,Fear,Fear,48,685.277142,27852.182083333333,1336904.74,24,0,24,48,0,8.3556543125,1.0,,11130.720673000002,72495.099781,-61364.379107999994
2025-04-03,0xb899e522b5715391ae1d4f137653e7906c5e2115,Fear,Fear,24,361.071464,28371.712916666667,680921.11,7,0,7,13,11,8.5115135,1.0,1.1818181818181819,11491.792137,72495.099781,-61003.307644
2025-04-04,0xb899e522b5715391ae1d4f137653e7906c5e2115,Fear,Fear,6,0.0,16948.606666666667,101691.64,0,0,0,6,0,5.084581333333333,,,11491.792137,72495.099781,-61003.307644
2025-04-05,0xb899e522b5715391ae1d4f137653e7906c5e2115,Fear,Fear,5,611.49348,20460.626,102303.13,5,0,5,5,0,6.1381872,1.0,,12103.285617000001,72495.099781,-60391.814163999996
2025-04-06,0xb899e522b5715391ae1d4f137653e7906c5e2115,Fear,Fear,25,254.093244,19103.7724,477594.31,17,0,17,25,0,5.73113124,1.0,,12357.378861000001,72495.099781,-60137.72091999999
2025-04-07,0xb899e522b5715391ae1d4f137653e7906c5e2115,Fear,Extreme Fear,113,1291.1500099999998,23639.45185840708,2671258.06,30,11,41,113,0,7.091834973451327,0.7317073170731707,,13648.528871,72495.099781,-58846.570909999995
2025-04-08,0xb899e522b5715391ae1d4f137653e7906c5e2115,Fear,Extreme Fear,187,936.6942779999999,27027.108770053474,5054069.34,77,50,127,187,0,8.108132155080213,0.6062992125984252,,14585.223149000001,72495.099781,-57909.876632
2025-04-09,0xb899e522b5715391ae1d4f137653e7906c5e2115,Fear,Extreme Fear,222,6800.812401,27989.12873873874,6213586.58,113,0,113,222,0,8.396737941441442,1.0,,21386.03555,72495.099781,-51109.064231
2025-04-10,0xb899e522b5715391ae1d4f137653e7906c5e2115,Fear,Fear,116,-117.61638999999997,27220.127586206894,3157534.8,64,2,66,116,0,7.941781431034483,0.9696969696969697,,21268.41916,72495.099781,-51226.68062099999
2025-04-11,0xb899e522b5715391ae1d4f137653e7906c5e2115,Fear,Fear,128,-482.407981,40357.236015625,5165726.21,49,11,60,0,128,12.1071702890625,0.8166666666666667,0.0,20786.011179,72495.099781,-51709.088601999996
2025-04-12,0xb899e522b5715391ae1d4f137653e7906c5e2115,Fear,Fear,7,50.56792,23303.475714285716,163124.33000000002,4,0,4,0,7,6.991042142857142,1.0,0.0,20836.579099000002,72495.099781,-51658.520681999995
2025-04-13,0xb899e522b5715391ae1d4f137653e7906c5e2115,Neutral,Neutral,20,1097.533742,10551.1865,211023.73,3,0,3,0,20,2.6377964,1.0,0.0,21934.112841000002,72495.099781,-50560.986939999995
2025-04-15,0xb899e522b5715391ae1d4f137653e7906c5e2115,Fear,Fear,28,554.38798,35885.474642857145,1004793.29,20,0,20,28,0,10.765641678571429,1.0,,22488.500821,72495.099781,-50006.598959999996
2024-12-28,0xbaaaf6571ab7d571043ff1e313a9609a10637864,Greed,Greed,4,-0.06076,86.5075,346.03,0,2,2,4,0,0.0290655,0.0,,-0.06076,-0.06076,0.0
2025-02-19,0xbaaaf6571ab7d571043ff1e313a9609a10637864,Fear,Fear,121,31.42038,4940.588512396694,597811.21,2,0,2,119,0,0.4744122561983471,1.0,,31.359620000000003,31.359620000000003,0.0
2025-02-20,0xbaaaf6571ab7d571043ff1e313a9609a10637864,Neutral,Neutral,185,35262.804627,3421.6945405405404,633013.49,185,0,185,185,0,1.1496883621621623,1.0,,35294.164247,35294.164247,0.0
2025-02-24,0xbaaaf6571ab7d571043ff1e313a9609a10637864,Neutral,Neutral,4083,22037.667762,1645.9218834190547,6720299.05,1824,0,1824,4083,0,0.20669545138378645,1.0,,57331.832009000005,57331.832009000005,0.0
2025-02-25,0xbaaaf6571ab7d571043ff1e313a9609a10637864,Fear,Fear,3292,5672.328492,3167.5804404617256,10427674.81,555,62,617,3292,0,0.34103746537059537,0.899513776337115,,63004.160501,63004.160501,0.0
2025-02-26,0xbaaaf6571ab7d571043ff1e313a9609a10637864,Fear,Extreme Fear,470,23589.520054,7136.707680851064,3354252.61,470,0,470,470,0,0.724764444680851,1.0,,86593.680555,86593.680555,0.0
2025-03-04,0xbaaaf6571ab7d571043ff1e313a9609a10637864,Fear,Extreme Fear,563,0.0,6625.281438721137,3730033.45,0,0,0,563,0,0.5295335630550622,,,86593.680555,86593.680555,0.0
2025-03-05,0xbaaaf6571ab7d571043ff1e313a9609a10637864,Fear,Extreme Fear,983,229058.684298,4677.476866734486,4597959.76,898,0,898,983,0,1.0733203082400815,1.0,,315652.36485300004,315652.36485300004,0.0
2025-03-06,0xbaaaf6571ab7d571043ff1e313a9609a10637864,Fear,Fear,71,0.0,9899.837042253523,702888.43,0,0,0,71,0,0.0,,,315652.36485300004,315652.36485300004,0.0
2025-03-07,0xbaaaf6571ab7d571043ff1e313a9609a10637864,Fear,Fear,829,87405.926823,4768.31558504222,3952933.62,564,0,564,829,0,0.6781860747889024,1.0,,403058.291676,403058.291676,0.0
2025-03-09,0xbaaaf6571ab7d571043ff1e313a9609a10637864,Fear,Fear,47,10.184488,1697.1225531914893,79764.76,8,0,8,47,0,0.1728727659574468,1.0,,403068.476164,403068.476164,0.0
2025-03-10,0xbaaaf6571ab7d571043ff1e313a9609a10637864,Fear,Extreme Fear,667,5832.316116,5033.190044977511,3357137.76,208,0,208,667,0,0.10307920539730134,1.0,,408900.79228,408900.79228,0.0
2025-03-11,0xbaaaf6571ab7d571043ff1e313a9609a10637864,Fear,Extreme Fear,1651,1058.58,2186.8561296184134,3610499.47,77,0,77,1651,0,0.032955685039370075,1.0,,409959.37228,409959.37228,0.0
2025-03-12,0xbaaaf6571ab7d571043ff1e313a9609a10637864,Fear,Fear,2617,289639.089112,3118.5291555215895,8161190.8,1708,0,1708,2617,0,0.4690551211310661,1.0,,699598.4613920001,699598.4613920001,0.0
2025-03-13,0xbaaaf6571ab7d571043ff1e313a9609a10637864,Neutral,Neutral,1,66.447417,22791.99,22791.99,1,0,1,1,0,0.0,1.0,,699664.908809,699664.908809,0.0
2025-03-14,0xbaaaf6571ab7d571043ff1e313a9609a10637864,Fear,Fear,1662,16591.266757,2140.244061371841,3557085.63,1478,0,1478,1662,0,0.001942376052948255,1.0,,716256.175566,716256.175566,0.0
2025-03-27,0xbaaaf6571ab7d571043ff1e313a9609a10637864,Fear,Fear,147,18422.612928,5352.478163265307,786814.29,29,0,29,147,0,0.89184668707483,1.0,,734678.788494,734678.788494,0.0
2025-03-28,0xbaaaf6571ab7d571043ff1e313a9609a10637864,Fear,Fear,167,0.0,1783.29622754491,297810.47,0,0,0,167,0,0.5602339461077844,,,734678.788494,734678.788494,0.0
2025-03-29,0xbaaaf6571ab7d571043ff1e313a9609a10637864,Fear,Fear,600,720.749699,2584.3467833333334,1550608.07,246,0,246,600,0,0.4200035733333333,1.0,,735399.538193,735399.538193,0.0
2025-03-30,0xbaaaf6571ab7d571043ff1e313a9609a10637864,Fear,Fear,354,0.0,3000.0830508474573,1062029.4,0,0,0,354,0,0.7848393107344633,,,735399.538193,735399.538193,0.0
2025-03-31,0xbaaaf6571ab7d571043ff1e313a9609a10637864,Fear,Fear,33,0.0,8569.022424242425,282777.74,0,0,0,33,0,0.8569018787878787,,,735399.538193,735399.538193,0.0
2025-04-02,0xbaaaf6571ab7d571043ff1e313a9609a10637864,Fear,Fear,743,188114.980392,3804.6953432032305,2826888.64,743,0,743,743,0,1.236474928667564,1.0,,923514.518585,923514.518585,0.0
2025-04-03,0xbaaaf6571ab7d571043ff1e313a9609a10637864,Fear,Fear,937,3869.208803,4677.174855923159,4382512.84,476,22,498,937,0,0.68678175773746,0.9558232931726908,,927383.727388,927383.727388,0.0
2025-04-04,0xbaaaf6571ab7d571043ff1e313a9609a10637864,Fear,Fear,318,9367.872074,2198.7353773584905,699197.85,216,2,218,318,0,0.4082374213836478,0.9908256880733946,,936751.599462,936751.599462,0.0
2025-04-06,0xbaaaf6571ab7d571043ff1e313a9609a10637864,Fear,Fear,499,1026.735896,2739.437655310621,1366979.39,172,0,172,499,0,0.3725111082164329,1.0,,937778.335358,937778.335358,0.0
2025-04-07,0xbaaaf6571ab7d571043ff1e313a9609a10637864,Fear,Extreme Fear,146,2378.877324,8733.045479452056,1275024.6400000001,47,0,47,145,0,0.555294193280822,1.0,,940157.212682,940157.212682,0.0
2025-04-30,0xbaaaf6571ab7d571043ff1e313a9609a10637864,Greed,Greed,1,4.733218,10.14,10.14,1,0,1,1,0,0.003547,1.0,,940161.9459,940161.9459,0.0
2025-05-01,0xbaaaf6571ab7d571043ff1e313a9609a10637864,Neutral,Neutral,1,1.86032,3.9,3.9,1,0,1,1,0,0.001364,1.0,,940163.80622,940163.80622,0.0
2024-12-10,0xbd5fead7180a9c139fa51a103cb6a2ce86ddb5c3,Greed,Extreme Greed,52,0.0,2798.660769230769,145530.36,0,0,0,0,52,0.3493746346153846,,0.0,0.0,0.0,0.0
2024-12-11,0xbd5fead7180a9c139fa51a103cb6a2ce86ddb5c3,Greed,Greed,17,0.0,637.4164705882353,10836.08,0,0,0,0,17,0.06391505882352942,,0.0,0.0,0.0,0.0
2024-12-12,0xbd5fead7180a9c139fa51a103cb6a2ce86ddb5c3,Greed,Extreme Greed,1,0.0,5158.5,5158.5,0,0,0,0,1,0.51585,,0.0,0.0,0.0,0.0
2024-12-15,0xbd5fead7180a9c139fa51a103cb6a2ce86ddb5c3,Greed,Extreme Greed,58,0.0,1122.5670689655171,65108.89,0,0,0,0,58,0.11233477586206897,,0.0,0.0,0.0,0.0
2024-12-16,0xbd5fead7180a9c139fa51a103cb6a2ce86ddb5c3,Greed,Extreme Greed,4,0.0,663.0799999999999,2652.3199999999997,0,0,0,0,4,0.0663075,,0.0,0.0,0.0,0.0
2024-12-17,0xbd5fead7180a9c139fa51a103cb6a2ce86ddb5c3,Greed,Extreme Greed,2,0.0,1744.65,3489.3,0,0,0,0,2,0.17446450000000002,,0.0,0.0,0.0,0.0
2024-12-18,0xbd5fead7180a9c139fa51a103cb6a2ce86ddb5c3,Greed,Extreme Greed,14,0.0,2207.8585714285714,30910.02,0,0,0,0,14,0.22078535714285716,,0.0,0.0,0.0,0.0
2024-12-19,0xbd5fead7180a9c139fa51a103cb6a2ce86ddb5c3,Greed,Extreme Greed,37,-128.0,6080.864864864865,224992.0,0,12,12,20,17,0.6080863243243243,0.0,1.1764705882352942,-128.0,0.0,-128.0
2024-12-20,0xbd5fead7180a9c139fa51a103cb6a2ce86ddb5c3,Greed,Greed,66,11799.68,2843.038636363636,187640.55,41,0,41,0,66,0.3247538484848485,1.0,0.0,11671.68,11671.68,0.0
2024-12-23,0xbd5fead7180a9c139fa51a103cb6a2ce86ddb5c3,Greed,Greed,16,0.0,3216.5875,51465.4,0,0,0,0,16,0.4564988125,,0.0,11671.68,11671.68,0.0
2024-12-24,0xbd5fead7180a9c139fa51a103cb6a2ce86ddb5c3,Greed,Greed,10,0.0,1070.0,10700.0,0,0,0,0,10,0.10700000000000001,,0.0,11671.68,11671.68,0.0
2024-12-29,0xbd5fead7180a9c139fa51a103cb6a2ce86ddb5c3,Greed,Greed,39,0.0,2453.2941025641026,95678.47,0,0,0,0,39,0.749459,,0.0,11671.68,11671.68,0.0
2025-01-03,0xbd5fead7180a9c139fa51a103cb6a2ce86ddb5c3,Greed,Greed,61,0.0,1834.7278688524589,111918.4,0,0,0,0,61,0.18347277049180327,,0.0,11671.68,11671.68,0.0
2025-01-08,0xbd5fead7180a9c139fa51a103cb6a2ce86ddb5c3,Greed,Greed,22,1023.27508,1200.6454545454546,26414.2,21,0,21,0,22,0.16418545454545455,1.0,0.0,12694.95508,12694.95508,0.0
2025-01-14,0xbd5fead7180a9c139fa51a103cb6a2ce86ddb5c3,Greed,Greed,8,0.0,1589.0237499999998,12712.189999999999,0,0,0,0,8,0.55615775,,0.0,12694.95508,12694.95508,0.0
2025-01-15,0xbd5fead7180a9c139fa51a103cb6a2ce86ddb5c3,Greed,Greed,3,0.0,1128.8333333333333,3386.5,0,0,0,0,3,0.217726,,0.0,12694.95508,12694.95508,0.0
2025-01-16,0xbd5fead7180a9c139fa51a103cb6a2ce86ddb5c3,Greed,Extreme Greed,3,0.0,910.4933333333333,2731.48,0,0,0,0,3,0.24275066666666667,,0.0,12694.95508,12694.95508,0.0
2025-01-17,0xbd5fead7180a9c139fa51a103cb6a2ce86ddb5c3,Greed,Extreme Greed,3,0.0,1519.4399999999998,4558.32,0,0,0,0,3,0.5318033333333333,,0.0,12694.95508,12694.95508,0.0
2025-01-18,0xbd5fead7180a9c139fa51a103cb6a2ce86ddb5c3,Greed,Extreme Greed,12,-10750.654828,7729.219166666667,92750.63,0,7,7,0,12,1.8510600000000001,0.0,0.0,1944.300251999999,12694.95508,-10750.654828
2025-01-19,0xbd5fead7180a9c139fa51a103cb6a2ce86ddb5c3,Greed,Extreme Greed,30,-7963.5855,2508.4396666666667,75253.19,0,12,12,0,30,0.7118231666666667,0.0,0.0,-6019.285248000001,12694.95508,-18714.240328
2025-01-20,0xbd5fead7180a9c139fa51a103cb6a2ce86ddb5c3,Greed,Extreme Greed,33,24895.400898,4336.907878787879,143117.96,26,0,26,0,33,1.1550384545454546,1.0,0.0,18876.11565,18876.11565,0.0
2025-01-27,0xbd5fead7180a9c139fa51a103cb6a2ce86ddb5c3,Greed,Greed,23,20428.824,2342.7495652173916,53883.240000000005,23,0,23,0,23,0.23427456521739132,1.0,0.0,39304.93965,39304.93965,0.0
2025-01-31,0xbd5fead7180a9c139fa51a103cb6a2ce86ddb5c3,Greed,Extreme Greed,61,0.0,1589.025081967213,96930.53,0,0,0,0,61,0.1589019180327869,,0.0,39304.93965,39304.93965,0.0
2025-02-03,0xbd5fead7180a9c139fa51a103cb6a2ce86ddb5c3,Fear,Fear,69,160022.95082600001,3243.988695652174,223835.22,69,0,69,1,69,0.5492227391304347,1.0,0.014492753623188406,199327.89047600003,199327.89047600003,0.0
2025-02-04,0xbd5fead7180a9c139fa51a103cb6a2ce86ddb5c3,Greed,Greed,18,0.0,3777.777777777778,68000.0,0,0,0,0,18,0.37777777777777777,,0.0,199327.89047600003,199327.89047600003,0.0
2025-02-06,0xbd5fead7180a9c139fa51a103cb6a2ce86ddb5c3,Neutral,Neutral,13,-24500.0,18423.076923076922,239500.0,0,1,1,13,0,3.047543846153846,0.0,,174827.89047600003,199327.89047600003,-24500.0
2025-02-09,0xbd5fead7180a9c139fa51a103cb6a2ce86ddb5c3,Neutral,Neutral,3,0.0,625.8133333333334,1877.44,0,0,0,0,3,0.06258033333333334,,0.0,174827.89047600003,199327.89047600003,-24500.0
2025-02-10,0xbd5fead7180a9c139fa51a103cb6a2ce86ddb5c3,Fear,Fear,22,0.0,591.3531818181818,13009.77,0,0,0,0,22,0.10219563636363636,,0.0,174827.89047600003,199327.89047600003,-24500.0
2025-02-15,0xbd5fead7180a9c139fa51a103cb6a2ce86ddb5c3,Neutral,Neutral,4,0.0,805.4399999999999,3221.7599999999998,0,0,0,0,4,0.08054375,,0.0,174827.89047600003,199327.89047600003,-24500.0
2025-02-21,0xbd5fead7180a9c139fa51a103cb6a2ce86ddb5c3,Greed,Greed,33,0.0,4675.215454545454,154282.11,0,0,0,6,27,1.055264484848485,,0.2222222222222222,174827.89047600003,199327.89047600003,-24500.0
2025-02-22,0xbd5fead7180a9c139fa51a103cb6a2ce86ddb5c3,Neutral,Neutral,138,15074.26913,7487.178405797102,1033230.62,36,4,40,126,12,2.008233579710145,0.9,10.5,189902.15960600003,199327.89047600003,-9425.73087
2025-02-23,0xbd5fead7180a9c139fa51a103cb6a2ce86ddb5c3,Neutral,Neutral,73,0.0,2502.296301369863,182667.63,0,0,0,0,73,0.25022930136986304,,0.0,189902.15960600003,199327.89047600003,-9425.73087
2025-02-24,0xbd5fead7180a9c139fa51a103cb6a2ce86ddb5c3,Neutral,Neutral,28,0.0,1796.1407142857145,50291.94,0,0,0,0,27,0.5679629282142857,,0.0,189902.15960600003,199327.89047600003,-9425.73087
2025-02-25,0xbd5fead7180a9c139fa51a103cb6a2ce86ddb5c3,Fear,Fear,28,3859.44,2181.2564285714284,61075.18,17,0,17,2,28,0.4746046428571429,1.0,0.07142857142857142,193761.59960600003,199327.89047600003,-5566.290869999997
2025-02-26,0xbd5fead7180a9c139fa51a103cb6a2ce86ddb5c3,Fear,Extreme Fear,42,-871.1949999999999,3619.3485714285716,152012.64,1,1,2,8,35,1.0528430238095239,0.5,0.22857142857142856,192890.40460600003,199327.89047600003,-6437.485870000004
2025-02-27,0xbd5fead7180a9c139fa51a103cb6a2ce86ddb5c3,Fear,Extreme Fear,90,-48309.11776,8859.279777777778,797335.18,1,25,26,31,60,2.026810088888889,0.038461538461538464,0.5166666666666667,144581.28684600003,199327.89047600003,-54746.60363
2025-02-28,0xbd5fead7180a9c139fa51a103cb6a2ce86ddb5c3,Fear,Extreme Fear,59,67673.757678,8249.914915254238,486744.98,57,0,57,4,57,2.7003046101694914,1.0,0.07017543859649122,212255.04452400003,212255.04452400003,0.0
2025-03-02,0xbd5fead7180a9c139fa51a103cb6a2ce86ddb5c3,Fear,Fear,84,-2632.65866,12216.244880952381,1026164.57,0,14,14,70,14,4.275685369047619,0.0,5.0,209622.38586400004,212255.04452400003,-2632.6586599999864
2025-03-03,0xbd5fead7180a9c139fa51a103cb6a2ce86ddb5c3,Fear,Fear,136,57561.35367,8611.731764705883,1171195.52,112,13,125,73,64,2.2840672205882355,0.896,1.140625,267183.73953400005,267183.73953400005,0.0
2025-03-04,0xbd5fead7180a9c139fa51a103cb6a2ce86ddb5c3,Fear,Extreme Fear,2,0.0,86000.0,172000.0,0,0,0,2,0,4.3,,,267183.73953400005,267183.73953400005,0.0
2025-03-05,0xbd5fead7180a9c139fa51a103cb6a2ce86ddb5c3,Fear,Extreme Fear,8,3677.4,22375.0,179000.0,8,0,8,8,0,1.1187493750000002,1.0,,270861.139534,270861.139534,0.0
2025-03-06,0xbd5fead7180a9c139fa51a103cb6a2ce86ddb5c3,Fear,Fear,16,0.0,2433.409375,38934.55,0,0,0,3,13,0.3250721875,,0.23076923076923078,270861.139534,270861.139534,0.0
2025-03-07,0xbd5fead7180a9c139fa51a103cb6a2ce86ddb5c3,Fear,Fear,147,43861.966536,9958.719795918369,1463931.81,97,3,100,33,118,2.862402598639456,0.97,0.2796610169491525,314723.10607000004,314723.10607000004,0.0
2025-03-08,0xbd5fead7180a9c139fa51a103cb6a2ce86ddb5c3,Fear,Fear,36,5836.8743,1318.431388888889,47463.53,36,0,36,2,36,0.1832456666666667,1.0,0.05555555555555555,320559.98037,320559.98037,0.0
2025-03-11,0xbd5fead7180a9c139fa51a103cb6a2ce86ddb5c3,Fear,Extreme Fear,7,0.0,4591.028571428572,32137.2,0,0,0,0,7,0.229551,,0.0,320559.98037,320559.98037,0.0
2025-03-12,0xbd5fead7180a9c139fa51a103cb6a2ce86ddb5c3,Fear,Fear,57,-15387.62119,24693.342631578947,1407520.53,0,10,10,57,0,5.224318263157895,0.0,,305172.35918,320559.98037,-15387.621189999976
2025-03-18,0xbd5fead7180a9c139fa51a103cb6a2ce86ddb5c3,Fear,Fear,27,-120.432,17589.48851851852,474916.19,0,1,1,18,10,3.897987592592593,0.0,1.8,305051.92718,320559.98037,-15508.053190000006
2025-03-19,0xbd5fead7180a9c139fa51a103cb6a2ce86ddb5c3,Fear,Fear,26,0.0,4414.302692307692,114771.87,0,0,0,18,8,0.5020491538461538,,2.25,305051.92718,320559.98037,-15508.053190000006
2025-03-26,0xbd5fead7180a9c139fa51a103cb6a2ce86ddb5c3,Neutral,Neutral,3,0.0,32793.78333333333,98381.35,0,0,0,0,1,1.793219146666667,,0.0,305051.92718,320559.98037,-15508.053190000006
2025-03-27,0xbd5fead7180a9c139fa51a103cb6a2ce86ddb5c3,Fear,Fear,21,0.0,24814.283809523808,521099.95999999996,0,0,0,21,0,2.4814280476190476,,,305051.92718,320559.98037,-15508.053190000006
2025-03-31,0xbd5fead7180a9c139fa51a103cb6a2ce86ddb5c3,Fear,Fear,3,-8320.5,138666.66666666666,416000.0,0,3,3,3,0,13.866666333333333,0.0,,296731.42718,320559.98037,-23828.553190000006
2025-04-01,0xbd5fead7180a9c139fa51a103cb6a2ce86ddb5c3,Fear,Fear,28,-9311.892185,5608.603928571429,157040.91,0,20,20,0,28,1.2598856785714285,0.0,0.0,287419.534995,320559.98037,-33140.44537500001
2025-04-02,0xbd5fead7180a9c139fa51a103cb6a2ce86ddb5c3,Fear,Fear,66,2676.6850000000004,2821.9739393939394,186250.28,62,0,62,62,4,0.28219727272727274,1.0,15.5,290096.21999500005,320559.98037,-30463.760374999954
2025-04-03,0xbd5fead7180a9c139fa51a103cb6a2ce86ddb5c3,Fear,Fear,12,-5862.0887760000005,7051.005833333334,84612.07,0,12,12,0,12,2.4678520833333333,0.0,0.0,284234.13121900003,320559.98037,-36325.84915099997
2025-04-04,0xbd5fead7180a9c139fa51a103cb6a2ce86ddb5c3,Fear,Fear,132,-43753.361578,5448.201969696969,719162.6599999999,24,35,59,18,98,1.1264698787878789,0.4067796610169492,0.1836734693877551,240480.76964100002,320559.98037,-80079.21072899998
2025-04-07,0xbd5fead7180a9c139fa51a103cb6a2ce86ddb5c3,Fear,Extreme Fear,108,51942.142881,15608.295185185187,1685695.8800000001,30,0,30,29,81,2.8943789166666667,1.0,0.35802469135802467,292422.912522,320559.98037,-28137.067847999977
2025-04-09,0xbd5fead7180a9c139fa51a103cb6a2ce86ddb5c3,Fear,Extreme Fear,71,-36400.46439,5228.704647887324,371238.03,0,48,48,23,48,1.830046084507042,0.0,0.4791666666666667,256022.44813200002,320559.98037,-64537.532237999985
2025-04-10,0xbd5fead7180a9c139fa51a103cb6a2ce86ddb5c3,Fear,Fear,130,19858.73334,2053.538692307692,266960.02999999997,130,0,130,103,28,0.10267654615384615,1.0,3.6785714285714284,275881.181472,320559.98037,-44678.79889799998
2025-04-12,0xbd5fead7180a9c139fa51a103cb6a2ce86ddb5c3,Fear,Fear,24,0.0,53073.62666666667,1273767.04,0,0,0,24,0,15.922087416666669,,,275881.181472,320559.98037,-44678.79889799998
2025-04-13,0xbd5fead7180a9c139fa51a103cb6a2ce86ddb5c3,Neutral,Neutral,35,32724.19729,24908.65857142857,871803.0499999999,31,0,31,31,4,6.730355171428571,1.0,7.75,308605.378762,320559.98037,-11954.601607999997
2025-04-14,0xbd5fead7180a9c139fa51a103cb6a2ce86ddb5c3,Fear,Fear,51,0.0,985.0413725490196,50237.11,0,0,0,47,4,0.049251588235294116,,11.75,308605.378762,320559.98037,-11954.601607999997
2025-04-15,0xbd5fead7180a9c139fa51a103cb6a2ce86ddb5c3,Fear,Fear,27,18951.678454,23060.654814814818,622637.68,27,0,27,27,0,2.2127510000000004,1.0,,327557.05721600004,327557.05721600004,0.0
2025-04-16,0xbd5fead7180a9c139fa51a103cb6a2ce86ddb5c3,Fear,Fear,15,9556.6,17059.466,255891.99,15,0,15,15,0,0.8529731333333335,1.0,,337113.657216,337113.657216,0.0
2025-04-17,0xbd5fead7180a9c139fa51a103cb6a2ce86ddb5c3,Fear,Fear,11,0.0,1086.4290909090907,11950.72,0,0,0,0,11,0.0543210909090909,,0.0,337113.657216,337113.657216,0.0
2025-04-19,0xbd5fead7180a9c139fa51a103cb6a2ce86ddb5c3,Fear,Fear,13,0.0,8027.694615384616,104360.03,0,0,0,0,13,0.40138399999999996,,0.0,337113.657216,337113.657216,0.0
2025-04-23,0xbd5fead7180a9c139fa51a103cb6a2ce86ddb5c3,Greed,Greed,34,-2993.575225,1538.6438235294117,52313.89,0,15,15,1,34,0.2803425588235294,0.0,0.029411764705882353,334120.08199100004,337113.657216,-2993.5752249999787
2025-05-01,0xbd5fead7180a9c139fa51a103cb6a2ce86ddb5c3,Neutral,Neutral,116,-113601.02013799999,16681.46775862069,1935050.26,1,76,77,2,116,5.838513155172413,0.012987012987012988,0.017241379310344827,220519.06185300002,337113.657216,-116594.595363
2024-12-08,0xbee1707d6b44d4d52bfe19e41f8a828645437aab,Greed,Extreme Greed,92,15206.395076,3401.4840217391306,312936.53,84,0,84,0,7,0.2907310543478261,1.0,0.0,15206.395076,15206.395076,0.0
2024-12-09,0xbee1707d6b44d4d52bfe19e41f8a828645437aab,Greed,Extreme Greed,143,2397.068675,3120.5087412587413,446232.75,9,0,9,21,0,0.35063464727272725,1.0,,17603.463751,17603.463751,0.0
2024-12-10,0xbee1707d6b44d4d52bfe19e41f8a828645437aab,Greed,Extreme Greed,928,26600.990442,1859.9979202586208,1726078.07,535,173,708,0,0,0.12527600234913794,0.7556497175141242,,44204.454193,44204.454193,0.0
2024-12-11,0xbee1707d6b44d4d52bfe19e41f8a828645437aab,Greed,Greed,530,24663.690943,1207.490075471698,639969.74,519,0,519,0,0,0.05439852294339623,1.0,,68868.145136,68868.145136,0.0
2024-12-12,0xbee1707d6b44d4d52bfe19e41f8a828645437aab,Greed,Extreme Greed,1041,130826.491662,2596.416272814601,2702869.34,848,20,868,7,40,0.2825021064553314,0.9769585253456221,0.175,199694.636798,199694.636798,0.0
2024-12-13,0xbee1707d6b44d4d52bfe19e41f8a828645437aab,Greed,Extreme Greed,277,9405.233313,2702.6475451263536,748633.37,70,0,70,0,1,0.06958860602888087,1.0,0.0,209099.870111,209099.870111,0.0
2024-12-14,0xbee1707d6b44d4d52bfe19e41f8a828645437aab,Greed,Extreme Greed,70,1294.450646,6203.194285714286,434223.6,4,0,4,0,0,0.12664168385714283,1.0,,210394.32075699998,210394.32075699998,0.0
2024-12-15,0xbee1707d6b44d4d52bfe19e41f8a828645437aab,Greed,Extreme Greed,9,1703.2571850000002,2227.3388888888894,20046.050000000003,2,0,2,0,0,0.06921098111111111,1.0,,212097.577942,212097.577942,0.0
2024-12-16,0xbee1707d6b44d4d52bfe19e41f8a828645437aab,Greed,Extreme Greed,245,126852.290809,4090.4684897959187,1002164.78,116,0,116,0,0,0.21637815089795917,1.0,,338949.868751,338949.868751,0.0
2024-12-17,0xbee1707d6b44d4d52bfe19e41f8a828645437aab,Greed,Extreme Greed,476,128648.384642,3056.9325000000003,1455099.87,269,0,269,0,0,0.36104460086134454,1.0,,467598.253393,467598.253393,0.0
2024-12-18,0xbee1707d6b44d4d52bfe19e41f8a828645437aab,Greed,Extreme Greed,342,2139.192941,2279.296023391813,779519.24,92,143,235,0,0,0.08772899210526316,0.39148936170212767,,469737.446334,469737.446334,0.0
2024-12-19,0xbee1707d6b44d4d52bfe19e41f8a828645437aab,Greed,Extreme Greed,2076,27888.195088,2272.286083815029,4717265.91,1470,107,1577,0,0,0.21550486821290943,0.932149651236525,,497625.641422,497625.641422,0.0
2024-12-20,0xbee1707d6b44d4d52bfe19e41f8a828645437aab,Greed,Greed,1259,139628.47633,2917.238474980143,3672803.24,672,68,740,0,0,0.1750973052660842,0.9081081081081082,,637254.117752,637254.117752,0.0
2024-12-21,0xbee1707d6b44d4d52bfe19e41f8a828645437aab,Greed,Greed,805,103460.844587,3172.574695652174,2553922.63,558,0,558,0,59,0.2939337654409938,1.0,0.0,740714.962339,740714.962339,0.0
2024-12-22,0xbee1707d6b44d4d52bfe19e41f8a828645437aab,Greed,Greed,108,19694.301887,5072.932685185185,547876.73,81,0,81,0,0,0.13517829712962962,1.0,,760409.2642259999,760409.2642259999,0.0
2024-12-23,0xbee1707d6b44d4d52bfe19e41f8a828645437aab,Greed,Greed,1482,-76194.26162399999,3278.057968960864,4858081.91,297,674,971,0,53,0.5352622642442645,0.305870236869207,0.0,684215.002602,760409.2642259999,-76194.26162399992
2024-12-24,0xbee1707d6b44d4d52bfe19e41f8a828645437aab,Greed,Greed,81,-5527.285214,3502.3662962962962,283691.67,4,45,49,0,20,0.6151537020987654,0.08163265306122448,0.0,678687.717388,760409.2642259999,-81721.54683799995
2024-12-25,0xbee1707d6b44d4d52bfe19e41f8a828645437aab,Greed,Greed,35,-1059.724367,5163.3108571428575,180715.88,0,3,3,0,0,0.63718075,0.0,,677627.993021,760409.2642259999,-82781.271205
2024-12-26,0xbee1707d6b44d4d52bfe19e41f8a828645437aab,Greed,Extreme Greed,337,3103.720794,4189.758931750742,1411948.76,195,4,199,0,40,0.9389507410089021,0.9798994974874372,0.0,680731.713815,760409.2642259999,-79677.55041099992
2024-12-27,0xbee1707d6b44d4d52bfe19e41f8a828645437aab,Greed,Greed,1,0.0,0.06,0.06,0,0,0,0,0,0.0,,,680731.713815,760409.2642259999,-79677.55041099992
2025-01-10,0xbee1707d6b44d4d52bfe19e41f8a828645437aab,Neutral,Neutral,2,0.0,2999.81,5999.62,0,0,0,0,0,0.01510945,,,680731.713815,760409.2642259999,-79677.55041099992
2025-01-11,0xbee1707d6b44d4d52bfe19e41f8a828645437aab,Greed,Greed,9,65.42769200000001,1165.4522222222222,10489.07,2,0,2,0,0,0.03328376,1.0,,680797.141507,760409.2642259999,-79612.12271899998
2025-01-13,0xbee1707d6b44d4d52bfe19e41f8a828645437aab,Greed,Greed,11,0.0,1488.3963636363637,16372.36,0,0,0,0,0,0.0077056118181818185,,,680797.141507,760409.2642259999,-79612.12271899998
2025-01-14,0xbee1707d6b44d4d52bfe19e41f8a828645437aab,Greed,Greed,67,5103.198502,1344.250895522388,90064.81,42,0,42,0,0,0.19163449970149254,1.0,,685900.340009,760409.2642259999,-74508.9242169999
2025-01-15,0xbee1707d6b44d4d52bfe19e41f8a828645437aab,Greed,Greed,8,66.63180299999999,908.50375,7268.03,3,0,3,0,0,0.16691448,1.0,,685966.971812,760409.2642259999,-74442.29241399991
2025-01-16,0xbee1707d6b44d4d52bfe19e41f8a828645437aab,Greed,Extreme Greed,2,0.0,1587.855,3175.71,0,0,0,0,0,0.00671398,,,685966.971812,760409.2642259999,-74442.29241399991
2025-01-17,0xbee1707d6b44d4d52bfe19e41f8a828645437aab,Greed,Extreme Greed,7,77.26888,1463.1599999999999,10242.119999999999,3,0,3,0,0,0.17806426999999997,1.0,,686044.240692,760409.2642259999,-74365.02353399992
2025-01-18,0xbee1707d6b44d4d52bfe19e41f8a828645437aab,Greed,Extreme Greed,13,0.0,2035.5961538461538,26462.75,0,0,0,0,0,0.009318444615384615,,,686044.240692,760409.2642259999,-74365.02353399992
2025-01-19,0xbee1707d6b44d4d52bfe19e41f8a828645437aab,Greed,Extreme Greed,29,512.9694489999999,983.9131034482758,28533.48,24,2,26,0,0,0.15819875655172416,0.9230769230769231,,686557.210141,760409.2642259999,-73852.05408499995
2025-01-20,0xbee1707d6b44d4d52bfe19e41f8a828645437aab,Greed,Extreme Greed,191,-4968.452873,791.7238219895288,151219.25,33,52,85,82,0,0.13734343492146597,0.38823529411764707,,681588.757268,760409.2642259999,-78820.5069579999
2025-01-21,0xbee1707d6b44d4d52bfe19e41f8a828645437aab,Greed,Extreme Greed,50,1343.189535,721.1088000000001,36055.44,42,0,42,0,0,0.1689141076,1.0,,682931.9468029999,760409.2642259999,-77477.317423
2025-01-22,0xbee1707d6b44d4d52bfe19e41f8a828645437aab,Greed,Extreme Greed,13,554.298224,767.0084615384616,9971.11,9,0,9,0,0,0.15273215,1.0,,683486.245027,760409.2642259999,-76923.01919899997
2025-01-23,0xbee1707d6b44d4d52bfe19e41f8a828645437aab,Greed,Extreme Greed,16,-133.631755,989.034375,15824.55,1,10,11,0,0,0.07859543437500001,0.09090909090909091,,683352.613272,760409.2642259999,-77056.65095399995
2025-01-24,0xbee1707d6b44d4d52bfe19e41f8a828645437aab,Greed,Extreme Greed,84,2109.118305,921.5711904761904,77411.98,46,0,46,0,0,0.11613835785714285,1.0,,685461.731577,760409.2642259999,-74947.53264899994
2025-01-25,0xbee1707d6b44d4d52bfe19e41f8a828645437aab,Greed,Extreme Greed,33,107.54725099999999,742.9863636363636,24518.55,3,0,3,0,0,0.01580832424242424,1.0,,685569.278828,760409.2642259999,-74839.98539799999
2025-01-26,0xbee1707d6b44d4d52bfe19e41f8a828645437aab,Greed,Greed,27,1012.208613,1029.6403703703704,27800.29,13,0,13,0,0,0.06026291518518519,1.0,,686581.487441,760409.2642259999,-73827.776785
2025-01-27,0xbee1707d6b44d4d52bfe19e41f8a828645437aab,Greed,Greed,56,-220.548198,1004.7960714285715,56268.58,1,17,18,0,0,0.07350270482142858,0.05555555555555555,,686360.939243,760409.2642259999,-74048.32498299994
2025-01-28,0xbee1707d6b44d4d52bfe19e41f8a828645437aab,Greed,Greed,121,6959.984986,1173.1775206611571,141954.48,83,0,83,0,48,0.2983048405785124,1.0,0.0,693320.924229,760409.2642259999,-67088.33999699994
2025-01-29,0xbee1707d6b44d4d52bfe19e41f8a828645437aab,Greed,Greed,76,1193.2639530000001,967.4096052631579,73523.13,55,0,55,0,0,0.19284213302631578,1.0,,694514.188182,760409.2642259999,-65895.07604399999
2025-01-30,0xbee1707d6b44d4d52bfe19e41f8a828645437aab,Greed,Greed,268,1072.220367,1278.6088059701492,342667.16,79,42,121,0,215,0.35562426985074624,0.6528925619834711,0.0,695586.408549,760409.2642259999,-64822.8556769999
2025-01-31,0xbee1707d6b44d4d52bfe19e41f8a828645437aab,Greed,Extreme Greed,249,3143.489896,1556.0202409638553,387449.04,154,0,154,0,129,0.3426154607228916,1.0,0.0,698729.8984449999,760409.2642259999,-61679.365781
2025-02-01,0xbee1707d6b44d4d52bfe19e41f8a828645437aab,Greed,Greed,187,2954.521713,1204.9785026737968,225330.98,133,0,133,0,37,0.21647604053475936,1.0,0.0,701684.420158,760409.2642259999,-58724.84406799998
2025-02-02,0xbee1707d6b44d4d52bfe19e41f8a828645437aab,Greed,Greed,131,-329.680689,1839.5793129770993,240984.89,38,20,58,74,0,0.35323994061068703,0.6551724137931034,,701354.739469,760409.2642259999,-59054.52475699992
2025-02-03,0xbee1707d6b44d4d52bfe19e41f8a828645437aab,Fear,Fear,325,5803.573999,1758.0771384615382,571375.07,138,41,179,0,32,0.3686668599384615,0.770949720670391,0.0,707158.313468,760409.2642259999,-53250.950757999904
2025-02-04,0xbee1707d6b44d4d52bfe19e41f8a828645437aab,Greed,Greed,248,806.765131,1351.8856048387097,335267.63,71,41,112,0,173,0.3734466177822581,0.6339285714285714,0.0,707965.078599,760409.2642259999,-52444.18562699994
2025-02-05,0xbee1707d6b44d4d52bfe19e41f8a828645437aab,Neutral,Neutral,14,713.82809,3668.815,51363.41,11,0,11,0,14,0.8581934285714284,1.0,0.0,708678.906689,760409.2642259999,-51730.357536999974
2025-02-06,0xbee1707d6b44d4d52bfe19e41f8a828645437aab,Neutral,Neutral,29,1212.452697,1363.3675862068965,39537.659999999996,26,0,26,0,19,0.32407099724137933,1.0,0.0,709891.359386,760409.2642259999,-50517.904839999974
2025-02-07,0xbee1707d6b44d4d52bfe19e41f8a828645437aab,Fear,Fear,125,2631.225181,2059.84464,257480.58,50,0,50,0,0,0.15692588232,1.0,,712522.584567,760409.2642259999,-47886.6796589999
2025-02-08,0xbee1707d6b44d4d52bfe19e41f8a828645437aab,Fear,Fear,13,-189.463436,2671.7584615384617,34732.86,1,12,13,0,0,0.8055224615384616,0.07692307692307693,,712333.121131,760409.2642259999,-48076.14309499995
2025-02-09,0xbee1707d6b44d4d52bfe19e41f8a828645437aab,Neutral,Neutral,56,204.72190899999998,1334.912142857143,74755.08,21,0,21,0,0,0.18608848392857144,1.0,,712537.84304,760409.2642259999,-47871.42118599999
2025-02-10,0xbee1707d6b44d4d52bfe19e41f8a828645437aab,Fear,Fear,140,3796.008199,1484.4517857142857,207823.25,91,0,91,0,0,0.28363879021428573,1.0,,716333.851239,760409.2642259999,-44075.41298699996
2025-02-11,0xbee1707d6b44d4d52bfe19e41f8a828645437aab,Neutral,Neutral,52,1901.6318190000002,1947.8190384615384,101286.59,18,0,18,0,0,0.1582261071153846,1.0,,718235.483058,760409.2642259999,-42173.78116799996
2025-02-12,0xbee1707d6b44d4d52bfe19e41f8a828645437aab,Neutral,Neutral,71,1747.1899090000002,1623.5340845070423,115270.92,45,0,45,0,0,0.18697218830985915,1.0,,719982.672967,760409.2642259999,-40426.59125899989
2025-02-13,0xbee1707d6b44d4d52bfe19e41f8a828645437aab,Neutral,Neutral,156,5096.967096,1561.7910256410255,243639.4,79,0,79,0,106,0.43136248756410256,1.0,0.0,725079.640063,760409.2642259999,-35329.62416299991
2025-02-14,0xbee1707d6b44d4d52bfe19e41f8a828645437aab,Neutral,Neutral,166,-1818.156466,1363.292951807229,226306.63,1,63,64,0,165,0.3940781204819277,0.015625,0.0,723261.483597,760409.2642259999,-37147.78062899993
2025-02-15,0xbee1707d6b44d4d52bfe19e41f8a828645437aab,Neutral,Neutral,130,3822.79759,1798.402076923077,233792.27,54,0,54,0,77,0.2995695113846154,1.0,0.0,727084.281187,760409.2642259999,-33324.983038999955
2025-02-16,0xbee1707d6b44d4d52bfe19e41f8a828645437aab,Neutral,Neutral,54,321.733978,1193.8803703703704,64469.54,38,6,44,0,13,0.3708812944444444,0.8636363636363636,0.0,727406.015165,760409.2642259999,-33003.24906099995
2025-02-17,0xbee1707d6b44d4d52bfe19e41f8a828645437aab,Neutral,Neutral,151,111.69658399999999,1591.1465562913907,240263.13,48,28,76,0,60,0.2922294168874172,0.631578947368421,0.0,727517.711749,760409.2642259999,-32891.55247699993
2025-02-18,0xbee1707d6b44d4d52bfe19e41f8a828645437aab,Neutral,Neutral,512,3935.153067,1823.6225390625,933694.74,250,51,301,4,75,0.2931025391601563,0.8305647840531561,0.05333333333333334,731452.864816,760409.2642259999,-28956.399409999955
2025-02-19,0xbee1707d6b44d4d52bfe19e41f8a828645437aab,Fear,Fear,406,5930.986467,1708.6227586206896,693700.84,230,2,232,0,9,0.33869558357142854,0.9913793103448276,0.0,737383.851283,760409.2642259999,-23025.412942999974
2025-02-20,0xbee1707d6b44d4d52bfe19e41f8a828645437aab,Neutral,Neutral,162,819.221222,1142.087962962963,185018.25,62,19,81,0,118,0.3308077047530864,0.7654320987654321,0.0,738203.072505,760409.2642259999,-22206.191720999894
2025-02-21,0xbee1707d6b44d4d52bfe19e41f8a828645437aab,Greed,Greed,255,4483.141317,1669.3589019607844,425686.52,116,0,116,0,247,0.388715121254902,1.0,0.0,742686.213822,760409.2642259999,-17723.05040399998
2025-02-22,0xbee1707d6b44d4d52bfe19e41f8a828645437aab,Neutral,Neutral,60,1391.928432,1097.3101666666666,65838.61,41,0,41,0,39,0.36878566616666664,1.0,0.0,744078.142254,760409.2642259999,-16331.121971999994
2025-02-23,0xbee1707d6b44d4d52bfe19e41f8a828645437aab,Neutral,Neutral,45,383.135241,2283.7915555555555,102770.62,25,0,25,0,12,0.28285959000000005,1.0,0.0,744461.277495,760409.2642259999,-15947.986730999895
2025-02-24,0xbee1707d6b44d4d52bfe19e41f8a828645437aab,Neutral,Neutral,744,-10373.274402000001,1398.9927284946236,1040850.59,110,295,405,617,0,0.37193895565860213,0.2716049382716049,,734088.003093,760409.2642259999,-26321.261132999905
2025-02-25,0xbee1707d6b44d4d52bfe19e41f8a828645437aab,Fear,Fear,1642,-23384.358492,1441.9933982947625,2367753.16,446,433,879,206,629,0.34406682097442143,0.5073947667804323,0.3275039745627981,710703.644601,760409.2642259999,-49705.619624999934
2025-02-26,0xbee1707d6b44d4d52bfe19e41f8a828645437aab,Fear,Extreme Fear,394,2617.069579,1509.370609137056,594692.02,160,45,205,0,329,0.37766158578680203,0.7804878048780488,0.0,713320.71418,760409.2642259999,-47088.55004599993
2025-02-27,0xbee1707d6b44d4d52bfe19e41f8a828645437aab,Fear,Extreme Fear,703,2886.786952,1449.1966998577525,1018785.28,215,143,358,0,664,0.31658838166429587,0.6005586592178771,0.0,716207.501132,760409.2642259999,-44201.763093999936
2025-02-28,0xbee1707d6b44d4d52bfe19e41f8a828645437aab,Fear,Extreme Fear,302,2642.770468,1355.6750662251654,409413.87,134,0,134,0,186,0.32122510254966885,1.0,0.0,718850.2716,760409.2642259999,-41558.99262599996
2025-03-01,0xbee1707d6b44d4d52bfe19e41f8a828645437aab,Fear,Extreme Fear,51,446.358633,1384.9447058823528,70632.18,16,0,16,0,31,0.27709790960784314,1.0,0.0,719296.630233,760409.2642259999,-41112.63399299991
2025-03-02,0xbee1707d6b44d4d52bfe19e41f8a828645437aab,Fear,Fear,102,2576.6453030000002,1921.2604901960785,195968.57,55,0,55,0,15,0.2235228374509804,1.0,0.0,721873.275536,760409.2642259999,-38535.98868999991
2025-03-03,0xbee1707d6b44d4d52bfe19e41f8a828645437aab,Fear,Fear,73,2448.046511,1970.5965753424655,143853.55,48,0,48,0,65,0.2901429684931507,1.0,0.0,724321.3220469999,760409.2642259999,-36087.942179000005
2025-03-04,0xbee1707d6b44d4d52bfe19e41f8a828645437aab,Fear,Extreme Fear,979,-4934.6700519999995,1496.3304392236976,1464907.5,377,122,499,746,0,0.35325997340143,0.7555110220440882,,719386.651995,760409.2642259999,-41022.61223099998
2025-03-05,0xbee1707d6b44d4d52bfe19e41f8a828645437aab,Fear,Extreme Fear,202,12814.770318,1811.146831683168,365851.66,126,19,145,1,105,0.4254106792079208,0.8689655172413793,0.009523809523809525,732201.422313,760409.2642259999,-28207.841912999982
2025-03-06,0xbee1707d6b44d4d52bfe19e41f8a828645437aab,Fear,Fear,88,601.486585,1406.2047727272727,123746.02,37,0,37,0,48,0.20390956738636365,1.0,0.0,732802.908898,760409.2642259999,-27606.355327999918
2025-03-07,0xbee1707d6b44d4d52bfe19e41f8a828645437aab,Fear,Fear,623,9142.064849,1885.9940930979135,1174974.32,318,36,354,440,106,0.49829766308186196,0.8983050847457628,4.150943396226415,741944.973747,760409.2642259999,-18464.29047899996
2025-03-08,0xbee1707d6b44d4d52bfe19e41f8a828645437aab,Fear,Fear,134,2219.262399,1190.7070895522388,159554.75,52,0,52,0,0,0.16280990582089552,1.0,,744164.236146,760409.2642259999,-16245.02807999996
2025-03-09,0xbee1707d6b44d4d52bfe19e41f8a828645437aab,Fear,Fear,178,805.6551000000001,1607.242191011236,286089.11,44,0,44,84,0,0.19768294511235954,1.0,,744969.891246,760409.2642259999,-15439.372979999986
2025-03-10,0xbee1707d6b44d4d52bfe19e41f8a828645437aab,Fear,Extreme Fear,1428,9791.668235,1381.5543347338937,1972859.59,727,118,845,1270,0,0.34314770105042014,0.8603550295857988,,754761.559481,760409.2642259999,-5647.7047449999955
2025-03-11,0xbee1707d6b44d4d52bfe19e41f8a828645437aab,Fear,Extreme Fear,333,-136.41741799999994,1225.6175075075075,408130.63,115,95,210,73,128,0.25856949102102106,0.5476190476190477,0.5703125,754625.142063,760409.2642259999,-5784.1221629999345
2025-03-12,0xbee1707d6b44d4d52bfe19e41f8a828645437aab,Fear,Fear,553,8096.937709,1791.739095840868,990831.72,272,82,354,74,110,0.309458777522604,0.768361581920904,0.6727272727272727,762722.079772,762722.079772,0.0
2025-03-13,0xbee1707d6b44d4d52bfe19e41f8a828645437aab,Neutral,Neutral,690,5090.880874,1461.4744347826086,1008417.36,392,30,422,672,19,0.3502545927536232,0.9289099526066351,35.36842105263158,767812.960646,767812.960646,0.0
2025-03-14,0xbee1707d6b44d4d52bfe19e41f8a828645437aab,Fear,Fear,92,-49.67229100000003,1729.6968478260867,159132.11,16,35,51,5,87,0.43284975,0.3137254901960784,0.05747126436781609,767763.288355,767812.960646,-49.672291000024416
2025-03-15,0xbee1707d6b44d4d52bfe19e41f8a828645437aab,Neutral,Neutral,75,1764.258791,1705.1933333333334,127889.5,46,0,46,33,43,0.3106227733333333,1.0,0.7674418604651163,769527.547146,769527.547146,0.0
2025-03-16,0xbee1707d6b44d4d52bfe19e41f8a828645437aab,Fear,Fear,97,5.068941999999993,1426.0048453608247,138322.47,11,2,13,86,11,0.3062311649484536,0.8461538461538461,7.818181818181818,769532.616088,769532.616088,0.0
2025-03-17,0xbee1707d6b44d4d52bfe19e41f8a828645437aab,Fear,Fear,241,390.08642000000003,1349.2339834024897,325165.39,89,32,121,241,0,0.37197418672199173,0.7355371900826446,,769922.702508,769922.702508,0.0
2025-03-18,0xbee1707d6b44d4d52bfe19e41f8a828645437aab,Fear,Fear,266,1930.871511,1325.5640225563911,352600.03,85,57,142,266,0,0.32343014661654135,0.5985915492957746,,771853.574019,771853.574019,0.0
2025-03-19,0xbee1707d6b44d4d52bfe19e41f8a828645437aab,Fear,Fear,879,5253.432742,1873.024300341297,1646388.36,429,73,502,755,124,0.3381002036405006,0.8545816733067729,6.088709677419355,777107.006761,777107.006761,0.0
2025-03-20,0xbee1707d6b44d4d52bfe19e41f8a828645437aab,Neutral,Neutral,283,-682.2653320000001,1533.3633215547704,433941.82,13,114,127,248,35,0.399881777385159,0.10236220472440945,7.085714285714285,776424.741429,777107.006761,-682.2653319999808
2025-03-21,0xbee1707d6b44d4d52bfe19e41f8a828645437aab,Fear,Fear,550,4866.15672,1152.8391272727274,634061.52,279,0,279,524,10,0.26285362332727275,1.0,52.4,781290.898149,781290.898149,0.0
2025-03-22,0xbee1707d6b44d4d52bfe19e41f8a828645437aab,Fear,Fear,344,1637.832293,1502.8190988372094,516969.77,88,64,152,0,330,0.42045189534883715,0.5789473684210527,0.0,782928.730442,782928.730442,0.0
2025-03-23,0xbee1707d6b44d4d52bfe19e41f8a828645437aab,Fear,Fear,178,882.848973,972.4924719101124,173103.66,18,0,18,130,1,0.22285106758426967,1.0,130.0,783811.579415,783811.579415,0.0
2025-03-24,0xbee1707d6b44d4d52bfe19e41f8a828645437aab,Neutral,Neutral,500,7122.965048,1389.18776,694593.88,302,26,328,136,314,0.32045052473999996,0.9207317073170732,0.43312101910828027,790934.544463,790934.544463,0.0
2025-03-25,0xbee1707d6b44d4d52bfe19e41f8a828645437aab,Neutral,Neutral,306,1256.867824,1210.40545751634,370384.07,135,7,142,277,0,0.27584302235294117,0.9507042253521126,,792191.412287,792191.412287,0.0
2025-03-26,0xbee1707d6b44d4d52bfe19e41f8a828645437aab,Neutral,Neutral,2551,-6062.660109,1854.422602900823,4730632.06,586,718,1304,1602,872,0.4715561570325363,0.4493865030674847,1.8371559633027523,786128.7521779999,792191.412287,-6062.660109000048
2025-03-27,0xbee1707d6b44d4d52bfe19e41f8a828645437aab,Fear,Fear,136,1743.483217,1246.1119852941176,169471.23,84,0,84,29,102,0.29963199264705886,1.0,0.28431372549019607,787872.235395,792191.412287,-4319.176892000018
2025-03-28,0xbee1707d6b44d4d52bfe19e41f8a828645437aab,Fear,Fear,246,1841.802102,1143.3873983739836,281273.3,82,0,82,142,95,0.24065665276422765,1.0,1.4947368421052631,789714.037497,792191.412287,-2477.3747900000308
2025-03-29,0xbee1707d6b44d4d52bfe19e41f8a828645437aab,Fear,Fear,965,-3661.1103980000003,1381.2940414507773,1332948.75,308,154,462,964,0,0.3572944642072539,0.6666666666666666,,786052.927099,792191.412287,-6138.485188000021
2025-03-30,0xbee1707d6b44d4d52bfe19e41f8a828645437aab,Fear,Fear,53,536.150767,1635.4145283018868,86676.97,26,0,26,53,0,0.3598870566037736,1.0,,786589.077866,792191.412287,-5602.334420999978
2025-03-31,0xbee1707d6b44d4d52bfe19e41f8a828645437aab,Fear,Fear,81,41.27745400000002,809.165061728395,65542.37,56,23,79,58,0,0.16975314814814815,0.7088607594936709,,786630.35532,792191.412287,-5561.056967000011
2025-04-01,0xbee1707d6b44d4d52bfe19e41f8a828645437aab,Fear,Fear,35,147.445788,1226.783142857143,42937.41,27,0,27,17,18,0.22575471428571428,1.0,0.9444444444444444,786777.801108,792191.412287,-5413.6111789999995
2025-04-02,0xbee1707d6b44d4d52bfe19e41f8a828645437aab,Fear,Fear,118,1842.839943,991.0424576271186,116943.01,76,0,76,79,40,0.2271042372881356,1.0,1.975,788620.641051,792191.412287,-3570.7712360000005
2025-04-03,0xbee1707d6b44d4d52bfe19e41f8a828645437aab,Fear,Fear,261,-3368.876326,1706.5415708812259,445407.35,0,69,69,255,0,0.299222092605364,0.0,,785251.764725,792191.412287,-6939.647561999969
2025-04-04,0xbee1707d6b44d4d52bfe19e41f8a828645437aab,Fear,Fear,326,-4513.160132,1419.9448159509202,462902.01,52,152,204,326,0,0.3403201012269939,0.2549019607843137,,780738.604593,792191.412287,-11452.80769399996
2025-04-05,0xbee1707d6b44d4d52bfe19e41f8a828645437aab,Fear,Fear,90,1113.761229,1116.7745555555557,100509.71,27,0,27,90,0,0.3108352222222222,1.0,,781852.365822,792191.412287,-10339.046465000021
2025-04-06,0xbee1707d6b44d4d52bfe19e41f8a828645437aab,Fear,Fear,114,1828.77716,2081.839298245614,237329.68,33,0,33,114,0,0.30226510526315786,1.0,,783681.142982,792191.412287,-8510.269304999965
2025-04-07,0xbee1707d6b44d4d52bfe19e41f8a828645437aab,Fear,Extreme Fear,386,-9593.258137,1632.7632383419689,630246.61,20,214,234,386,0,0.3911811165803109,0.08547008547008547,,774087.884845,792191.412287,-18103.52744199999
2025-04-08,0xbee1707d6b44d4d52bfe19e41f8a828645437aab,Fear,Extreme Fear,167,11735.32104,1521.912754491018,254159.43,125,0,125,167,0,0.30465344311377246,1.0,,785823.205885,792191.412287,-6368.20640200004
2025-04-09,0xbee1707d6b44d4d52bfe19e41f8a828645437aab,Fear,Extreme Fear,134,2503.69251,1143.0998507462687,153175.38,84,23,107,63,0,0.2779596543283582,0.7850467289719626,,788326.898395,792191.412287,-3864.513891999959
2025-04-10,0xbee1707d6b44d4d52bfe19e41f8a828645437aab,Fear,Fear,52,35.58096,962.6380769230769,50057.18,28,0,28,0,50,0.3082033255769231,1.0,0.0,788362.479355,792191.412287,-3828.932932000025
2025-04-11,0xbee1707d6b44d4d52bfe19e41f8a828645437aab,Fear,Fear,123,857.60294,1340.7579674796746,164913.22999999998,29,25,54,0,71,0.2651484860162601,0.5370370370370371,0.0,789220.082295,792191.412287,-2971.3299920000136
2025-04-12,0xbee1707d6b44d4d52bfe19e41f8a828645437aab,Fear,Fear,307,4358.599132,1530.1273615635178,469749.1,115,0,115,0,273,0.3554506531921824,1.0,0.0,793578.681427,793578.681427,0.0
2025-04-13,0xbee1707d6b44d4d52bfe19e41f8a828645437aab,Neutral,Neutral,346,2319.824156,1441.715028901734,498833.4,109,20,129,3,314,0.36592395462427746,0.8449612403100775,0.009554140127388535,795898.505583,795898.505583,0.0
2025-04-14,0xbee1707d6b44d4d52bfe19e41f8a828645437aab,Fear,Fear,380,6100.692122,1437.8765263157893,546393.08,191,0,191,216,141,0.43289342868421055,1.0,1.5319148936170213,801999.1977049999,801999.1977049999,0.0
2025-04-15,0xbee1707d6b44d4d52bfe19e41f8a828645437aab,Fear,Fear,40,920.056063,2489.536,99581.44,25,0,25,39,0,0.446338025,1.0,,802919.253768,802919.253768,0.0
2025-04-16,0xbee1707d6b44d4d52bfe19e41f8a828645437aab,Fear,Fear,286,1958.056487,1250.2118181818182,357560.58,79,80,159,250,15,0.33126654566433567,0.4968553459119497,16.666666666666668,804877.310255,804877.310255,0.0
2025-04-17,0xbee1707d6b44d4d52bfe19e41f8a828645437aab,Fear,Fear,588,3359.966896,1417.4413265306123,833455.5,247,0,247,5,574,0.4487304659863946,1.0,0.008710801393728223,808237.277151,808237.277151,0.0
2025-04-18,0xbee1707d6b44d4d52bfe19e41f8a828645437aab,Fear,Fear,562,2945.701617,1507.8099822064057,847389.21,314,5,319,0,514,0.403707421886121,0.9843260188087775,0.0,811182.978768,811182.978768,0.0
2025-04-19,0xbee1707d6b44d4d52bfe19e41f8a828645437aab,Fear,Fear,971,976.5105639999999,1419.0301441812564,1377878.27,192,202,394,0,971,0.3801334335736354,0.4873096446700508,0.0,812159.489332,812159.489332,0.0
2025-04-20,0xbee1707d6b44d4d52bfe19e41f8a828645437aab,Fear,Fear,63,807.262731,1074.8039682539682,67712.65,41,0,41,0,63,0.23357011111111112,1.0,0.0,812966.752063,812966.752063,0.0
2025-04-21,0xbee1707d6b44d4d52bfe19e41f8a828645437aab,Fear,Fear,55,711.68096,1553.0632727272728,85418.48,29,0,29,0,55,0.3380620545454545,1.0,0.0,813678.433023,813678.433023,0.0
2025-04-22,0xbee1707d6b44d4d52bfe19e41f8a828645437aab,Neutral,Neutral,427,1463.173211,1607.504824355972,686404.56,208,13,221,27,400,0.31235228337236537,0.9411764705882353,0.0675,815141.606234,815141.606234,0.0
2025-04-23,0xbee1707d6b44d4d52bfe19e41f8a828645437aab,Greed,Greed,329,1700.638677,1806.9595136778116,594489.68,107,68,175,38,278,0.4298113758966566,0.6114285714285714,0.1366906474820144,816842.244911,816842.244911,0.0
2025-04-24,0xbee1707d6b44d4d52bfe19e41f8a828645437aab,Greed,Greed,2,-45.94597,3645.04,7290.08,0,2,2,2,0,1.0935115000000002,0.0,,816796.298941,816842.244911,-45.94597000000067
2025-04-25,0xbee1707d6b44d4d52bfe19e41f8a828645437aab,Greed,Greed,154,1101.511718,1040.8414935064934,160289.59,65,0,65,0,154,0.2150159935064935,1.0,0.0,817897.810659,817897.810659,0.0
2025-04-26,0xbee1707d6b44d4d52bfe19e41f8a828645437aab,Greed,Greed,29,18.390524,1771.744827586207,51380.600000000006,2,0,2,16,2,0.06028167862068966,1.0,8.0,817916.201183,817916.201183,0.0
2025-04-27,0xbee1707d6b44d4d52bfe19e41f8a828645437aab,Greed,Greed,82,1709.194807,2153.8593902439025,176616.47,32,0,32,82,0,0.31268141463414634,1.0,,819625.39599,819625.39599,0.0
2025-04-28,0xbee1707d6b44d4d52bfe19e41f8a828645437aab,Neutral,Neutral,430,4008.588908,1495.5384186046513,643081.52,169,19,188,181,236,0.371047070744186,0.898936170212766,0.7669491525423728,823633.984898,823633.984898,0.0
2025-04-29,0xbee1707d6b44d4d52bfe19e41f8a828645437aab,Greed,Greed,902,8561.771838,1939.7399889135254,1749645.47,398,34,432,0,902,0.38683087028824836,0.9212962962962963,0.0,832195.756736,832195.756736,0.0
2025-04-30,0xbee1707d6b44d4d52bfe19e41f8a828645437aab,Greed,Greed,75,2520.773814,1748.8053333333332,131160.4,39,0,39,49,14,0.2708697949333333,1.0,3.5,834716.53055,834716.53055,0.0
2025-05-01,0xbee1707d6b44d4d52bfe19e41f8a828645437aab,Neutral,Neutral,131,1364.022527,2448.466488549618,320749.11,43,51,94,1,125,0.4572525572519084,0.4574468085106383,0.008,836080.553077,836080.553077,0.0
